<?xml version='1.0' encoding='UTF-8' standalone='yes' ?><gpx xmlns="http://www.topografix.com/GPX/1/1" creator="MyRide" version="1.1" xmlns:xsi="http://www.w3.org/2001/XMLSchema-instance" xsi:schemaLocation="http://www.topografix.com/GPX/1/1 http://www.topografix.com/GPX/1/1/gpx.xsd"><name>Vrbno</name><trk><name>Vrbno</name><number>1</number><trkseg><trkpt lat="49.81537" lon="18.3415"><time>2026-07-30T07:26:22Z</time></trkpt><trkpt lat="49.81537" lon="18.3415"><time>2026-07-30T07:26:23Z</time></trkpt><trkpt lat="49.81538" lon="18.34151"><time>2026-07-30T07:26:24Z</time></trkpt><trkpt lat="49.81536" lon="18.34158"><time>2026-07-30T07:26:51Z</time></trkpt><trkpt lat="49.8154" lon="18.34141"><time>2026-07-30T07:26:55Z</time></trkpt><trkpt lat="49.81543" lon="18.34142"><time>2026-07-30T07:26:56Z</time></trkpt><trkpt lat="49.81545" lon="18.34143"><time>2026-07-30T07:26:57Z</time></trkpt><trkpt lat="49.81547" lon="18.34144"><time>2026-07-30T07:26:58Z</time></trkpt><trkpt lat="49.81552" lon="18.34142"><time>2026-07-30T07:27:23Z</time></trkpt><trkpt lat="49.81553" lon="18.34137"><time>2026-07-30T07:27:50Z</time></trkpt><trkpt lat="49.81553" lon="18.34132"><time>2026-07-30T07:27:51Z</time></trkpt><trkpt lat="49.81553" lon="18.34123"><time>2026-07-30T07:27:52Z</time></trkpt><trkpt lat="49.81552" lon="18.34114"><time>2026-07-30T07:27:53Z</time></trkpt><trkpt lat="49.81552" lon="18.34103"><time>2026-07-30T07:27:54Z</time></trkpt><trkpt lat="49.81552" lon="18.3409"><time>2026-07-30T07:27:55Z</time></trkpt><trkpt lat="49.81552" lon="18.34075"><time>2026-07-30T07:27:56Z</time></trkpt><trkpt lat="49.81551" lon="18.34062"><time>2026-07-30T07:27:57Z</time></trkpt><trkpt lat="49.81551" lon="18.3405"><time>2026-07-30T07:27:58Z</time></trkpt><trkpt lat="49.8155" lon="18.34036"><time>2026-07-30T07:27:59Z</time></trkpt><trkpt lat="49.81549" lon="18.34022"><time>2026-07-30T07:28:00Z</time></trkpt><trkpt lat="49.81548" lon="18.34008"><time>2026-07-30T07:28:01Z</time></trkpt><trkpt lat="49.81547" lon="18.33996"><time>2026-07-30T07:28:02Z</time></trkpt><trkpt lat="49.81547" lon="18.33984"><time>2026-07-30T07:28:03Z</time></trkpt><trkpt lat="49.81547" lon="18.33974"><time>2026-07-30T07:28:04Z</time></trkpt><trkpt lat="49.81546" lon="18.33962"><time>2026-07-30T07:28:05Z</time></trkpt><trkpt lat="49.81546" lon="18.33949"><time>2026-07-30T07:28:06Z</time></trkpt><trkpt lat="49.81545" lon="18.33933"><time>2026-07-30T07:28:07Z</time></trkpt><trkpt lat="49.81544" lon="18.33917"><time>2026-07-30T07:28:08Z</time></trkpt><trkpt lat="49.81543" lon="18.33902"><time>2026-07-30T07:28:09Z</time></trkpt><trkpt lat="49.81542" lon="18.33887"><time>2026-07-30T07:28:10Z</time></trkpt><trkpt lat="49.81542" lon="18.33874"><time>2026-07-30T07:28:11Z</time></trkpt><trkpt lat="49.81541" lon="18.33861"><time>2026-07-30T07:28:12Z</time></trkpt><trkpt lat="49.81541" lon="18.33847"><time>2026-07-30T07:28:13Z</time></trkpt><trkpt lat="49.81541" lon="18.33832"><time>2026-07-30T07:28:14Z</time></trkpt><trkpt lat="49.8154" lon="18.33817"><time>2026-07-30T07:28:15Z</time></trkpt><trkpt lat="49.81539" lon="18.33804"><time>2026-07-30T07:28:16Z</time></trkpt><trkpt lat="49.81538" lon="18.33791"><time>2026-07-30T07:28:17Z</time></trkpt><trkpt lat="49.81537" lon="18.33777"><time>2026-07-30T07:28:18Z</time></trkpt><trkpt lat="49.81536" lon="18.33763"><time>2026-07-30T07:28:19Z</time></trkpt><trkpt lat="49.81536" lon="18.33748"><time>2026-07-30T07:28:20Z</time></trkpt><trkpt lat="49.81535" lon="18.33733"><time>2026-07-30T07:28:21Z</time></trkpt><trkpt lat="49.81534" lon="18.33719"><time>2026-07-30T07:28:22Z</time></trkpt><trkpt lat="49.81534" lon="18.33705"><time>2026-07-30T07:28:23Z</time></trkpt><trkpt lat="49.81533" lon="18.3369"><time>2026-07-30T07:28:24Z</time></trkpt><trkpt lat="49.81532" lon="18.33676"><time>2026-07-30T07:28:25Z</time></trkpt><trkpt lat="49.81531" lon="18.33662"><time>2026-07-30T07:28:26Z</time></trkpt><trkpt lat="49.81531" lon="18.3365"><time>2026-07-30T07:28:27Z</time></trkpt><trkpt lat="49.8153" lon="18.33637"><time>2026-07-30T07:28:28Z</time></trkpt><trkpt lat="49.8153" lon="18.33625"><time>2026-07-30T07:28:29Z</time></trkpt><trkpt lat="49.8153" lon="18.33613"><time>2026-07-30T07:28:30Z</time></trkpt><trkpt lat="49.8153" lon="18.33602"><time>2026-07-30T07:28:31Z</time></trkpt><trkpt lat="49.81531" lon="18.33591"><time>2026-07-30T07:28:32Z</time></trkpt><trkpt lat="49.81533" lon="18.33582"><time>2026-07-30T07:28:33Z</time></trkpt><trkpt lat="49.81536" lon="18.33573"><time>2026-07-30T07:28:34Z</time></trkpt><trkpt lat="49.8154" lon="18.33566"><time>2026-07-30T07:28:35Z</time></trkpt><trkpt lat="49.81544" lon="18.33564"><time>2026-07-30T07:28:36Z</time></trkpt><trkpt lat="49.81549" lon="18.33561"><time>2026-07-30T07:28:37Z</time></trkpt><trkpt lat="49.81552" lon="18.33559"><time>2026-07-30T07:28:38Z</time></trkpt><trkpt lat="49.81557" lon="18.33557"><time>2026-07-30T07:28:39Z</time></trkpt><trkpt lat="49.81559" lon="18.33554"><time>2026-07-30T07:28:40Z</time></trkpt><trkpt lat="49.81564" lon="18.33549"><time>2026-07-30T07:28:41Z</time></trkpt><trkpt lat="49.81567" lon="18.33542"><time>2026-07-30T07:28:42Z</time></trkpt><trkpt lat="49.81571" lon="18.33535"><time>2026-07-30T07:28:43Z</time></trkpt><trkpt lat="49.81574" lon="18.33528"><time>2026-07-30T07:28:44Z</time></trkpt><trkpt lat="49.81578" lon="18.33521"><time>2026-07-30T07:28:45Z</time></trkpt><trkpt lat="49.81581" lon="18.33516"><time>2026-07-30T07:28:46Z</time></trkpt><trkpt lat="49.81584" lon="18.33511"><time>2026-07-30T07:28:47Z</time></trkpt><trkpt lat="49.81587" lon="18.33506"><time>2026-07-30T07:28:48Z</time></trkpt><trkpt lat="49.81587" lon="18.33503"><time>2026-07-30T07:28:49Z</time></trkpt><trkpt lat="49.81588" lon="18.33501"><time>2026-07-30T07:28:50Z</time></trkpt><trkpt lat="49.81588" lon="18.335"><time>2026-07-30T07:28:51Z</time></trkpt><trkpt lat="49.81589" lon="18.33497"><time>2026-07-30T07:28:52Z</time></trkpt><trkpt lat="49.81592" lon="18.33491"><time>2026-07-30T07:28:53Z</time></trkpt><trkpt lat="49.81598" lon="18.33487"><time>2026-07-30T07:28:54Z</time></trkpt><trkpt lat="49.81605" lon="18.33483"><time>2026-07-30T07:28:55Z</time></trkpt><trkpt lat="49.81611" lon="18.33479"><time>2026-07-30T07:28:56Z</time></trkpt><trkpt lat="49.81618" lon="18.33474"><time>2026-07-30T07:28:57Z</time></trkpt><trkpt lat="49.81626" lon="18.33468"><time>2026-07-30T07:28:58Z</time></trkpt><trkpt lat="49.81635" lon="18.33461"><time>2026-07-30T07:28:59Z</time></trkpt><trkpt lat="49.81644" lon="18.33453"><time>2026-07-30T07:29:00Z</time></trkpt><trkpt lat="49.81654" lon="18.33445"><time>2026-07-30T07:29:01Z</time></trkpt><trkpt lat="49.81664" lon="18.33436"><time>2026-07-30T07:29:02Z</time></trkpt><trkpt lat="49.81673" lon="18.33427"><time>2026-07-30T07:29:03Z</time></trkpt><trkpt lat="49.81682" lon="18.33418"><time>2026-07-30T07:29:04Z</time></trkpt><trkpt lat="49.8169" lon="18.33409"><time>2026-07-30T07:29:05Z</time></trkpt><trkpt lat="49.81699" lon="18.33399"><time>2026-07-30T07:29:06Z</time></trkpt><trkpt lat="49.81708" lon="18.3339"><time>2026-07-30T07:29:07Z</time></trkpt><trkpt lat="49.81715" lon="18.3338"><time>2026-07-30T07:29:08Z</time></trkpt><trkpt lat="49.81723" lon="18.33372"><time>2026-07-30T07:29:09Z</time></trkpt><trkpt lat="49.81729" lon="18.33364"><time>2026-07-30T07:29:10Z</time></trkpt><trkpt lat="49.81735" lon="18.33357"><time>2026-07-30T07:29:11Z</time></trkpt><trkpt lat="49.8174" lon="18.33351"><time>2026-07-30T07:29:12Z</time></trkpt><trkpt lat="49.81745" lon="18.33346"><time>2026-07-30T07:29:13Z</time></trkpt><trkpt lat="49.81748" lon="18.33343"><time>2026-07-30T07:29:14Z</time></trkpt><trkpt lat="49.81752" lon="18.33341"><time>2026-07-30T07:29:15Z</time></trkpt><trkpt lat="49.81758" lon="18.33341"><time>2026-07-30T07:29:16Z</time></trkpt><trkpt lat="49.81763" lon="18.33338"><time>2026-07-30T07:29:17Z</time></trkpt><trkpt lat="49.81767" lon="18.33333"><time>2026-07-30T07:29:18Z</time></trkpt><trkpt lat="49.81769" lon="18.33326"><time>2026-07-30T07:29:19Z</time></trkpt><trkpt lat="49.81769" lon="18.3332"><time>2026-07-30T07:29:20Z</time></trkpt><trkpt lat="49.8177" lon="18.33314"><time>2026-07-30T07:29:21Z</time></trkpt><trkpt lat="49.81764" lon="18.33308"><time>2026-07-30T07:29:22Z</time></trkpt><trkpt lat="49.81759" lon="18.33302"><time>2026-07-30T07:29:23Z</time></trkpt><trkpt lat="49.81752" lon="18.33296"><time>2026-07-30T07:29:24Z</time></trkpt><trkpt lat="49.81745" lon="18.33286"><time>2026-07-30T07:29:25Z</time></trkpt><trkpt lat="49.81737" lon="18.33273"><time>2026-07-30T07:29:26Z</time></trkpt><trkpt lat="49.81729" lon="18.33258"><time>2026-07-30T07:29:27Z</time></trkpt><trkpt lat="49.8172" lon="18.33243"><time>2026-07-30T07:29:28Z</time></trkpt><trkpt lat="49.81711" lon="18.33227"><time>2026-07-30T07:29:29Z</time></trkpt><trkpt lat="49.81702" lon="18.33211"><time>2026-07-30T07:29:30Z</time></trkpt><trkpt lat="49.81693" lon="18.33195"><time>2026-07-30T07:29:31Z</time></trkpt><trkpt lat="49.81685" lon="18.3318"><time>2026-07-30T07:29:32Z</time></trkpt><trkpt lat="49.81677" lon="18.33165"><time>2026-07-30T07:29:33Z</time></trkpt><trkpt lat="49.8167" lon="18.3315"><time>2026-07-30T07:29:34Z</time></trkpt><trkpt lat="49.81663" lon="18.33135"><time>2026-07-30T07:29:35Z</time></trkpt><trkpt lat="49.81656" lon="18.33119"><time>2026-07-30T07:29:36Z</time></trkpt><trkpt lat="49.81651" lon="18.33101"><time>2026-07-30T07:29:37Z</time></trkpt><trkpt lat="49.81646" lon="18.33082"><time>2026-07-30T07:29:38Z</time></trkpt><trkpt lat="49.81641" lon="18.33062"><time>2026-07-30T07:29:39Z</time></trkpt><trkpt lat="49.81638" lon="18.33041"><time>2026-07-30T07:29:40Z</time></trkpt><trkpt lat="49.81635" lon="18.3302"><time>2026-07-30T07:29:41Z</time></trkpt><trkpt lat="49.81633" lon="18.32997"><time>2026-07-30T07:29:42Z</time></trkpt><trkpt lat="49.81633" lon="18.32975"><time>2026-07-30T07:29:43Z</time></trkpt><trkpt lat="49.81632" lon="18.3295"><time>2026-07-30T07:29:44Z</time></trkpt><trkpt lat="49.81632" lon="18.32927"><time>2026-07-30T07:29:45Z</time></trkpt><trkpt lat="49.81633" lon="18.32902"><time>2026-07-30T07:29:46Z</time></trkpt><trkpt lat="49.81634" lon="18.32879"><time>2026-07-30T07:29:47Z</time></trkpt><trkpt lat="49.81635" lon="18.32855"><time>2026-07-30T07:29:48Z</time></trkpt><trkpt lat="49.81636" lon="18.32831"><time>2026-07-30T07:29:49Z</time></trkpt><trkpt lat="49.81636" lon="18.32807"><time>2026-07-30T07:29:50Z</time></trkpt><trkpt lat="49.81637" lon="18.32783"><time>2026-07-30T07:29:51Z</time></trkpt><trkpt lat="49.81638" lon="18.3276"><time>2026-07-30T07:29:52Z</time></trkpt><trkpt lat="49.81639" lon="18.32738"><time>2026-07-30T07:29:53Z</time></trkpt><trkpt lat="49.8164" lon="18.32716"><time>2026-07-30T07:29:54Z</time></trkpt><trkpt lat="49.8164" lon="18.32694"><time>2026-07-30T07:29:55Z</time></trkpt><trkpt lat="49.81641" lon="18.32673"><time>2026-07-30T07:29:56Z</time></trkpt><trkpt lat="49.81641" lon="18.32653"><time>2026-07-30T07:29:57Z</time></trkpt><trkpt lat="49.81642" lon="18.32634"><time>2026-07-30T07:29:58Z</time></trkpt><trkpt lat="49.81643" lon="18.32614"><time>2026-07-30T07:29:59Z</time></trkpt><trkpt lat="49.81644" lon="18.32595"><time>2026-07-30T07:30:00Z</time></trkpt><trkpt lat="49.81644" lon="18.32575"><time>2026-07-30T07:30:01Z</time></trkpt><trkpt lat="49.81645" lon="18.32556"><time>2026-07-30T07:30:02Z</time></trkpt><trkpt lat="49.81646" lon="18.32536"><time>2026-07-30T07:30:03Z</time></trkpt><trkpt lat="49.81647" lon="18.32517"><time>2026-07-30T07:30:04Z</time></trkpt><trkpt lat="49.81648" lon="18.32497"><time>2026-07-30T07:30:05Z</time></trkpt><trkpt lat="49.81648" lon="18.32478"><time>2026-07-30T07:30:06Z</time></trkpt><trkpt lat="49.81649" lon="18.32458"><time>2026-07-30T07:30:07Z</time></trkpt><trkpt lat="49.81648" lon="18.32439"><time>2026-07-30T07:30:08Z</time></trkpt><trkpt lat="49.81648" lon="18.32421"><time>2026-07-30T07:30:09Z</time></trkpt><trkpt lat="49.81648" lon="18.32403"><time>2026-07-30T07:30:10Z</time></trkpt><trkpt lat="49.81647" lon="18.32385"><time>2026-07-30T07:30:11Z</time></trkpt><trkpt lat="49.81645" lon="18.32368"><time>2026-07-30T07:30:12Z</time></trkpt><trkpt lat="49.81644" lon="18.3235"><time>2026-07-30T07:30:13Z</time></trkpt><trkpt lat="49.81642" lon="18.32333"><time>2026-07-30T07:30:14Z</time></trkpt><trkpt lat="49.81639" lon="18.32317"><time>2026-07-30T07:30:15Z</time></trkpt><trkpt lat="49.81636" lon="18.32303"><time>2026-07-30T07:30:16Z</time></trkpt><trkpt lat="49.81633" lon="18.32288"><time>2026-07-30T07:30:17Z</time></trkpt><trkpt lat="49.81629" lon="18.32273"><time>2026-07-30T07:30:18Z</time></trkpt><trkpt lat="49.81624" lon="18.32258"><time>2026-07-30T07:30:19Z</time></trkpt><trkpt lat="49.8162" lon="18.32244"><time>2026-07-30T07:30:20Z</time></trkpt><trkpt lat="49.81615" lon="18.3223"><time>2026-07-30T07:30:21Z</time></trkpt><trkpt lat="49.8161" lon="18.32216"><time>2026-07-30T07:30:22Z</time></trkpt><trkpt lat="49.81606" lon="18.32203"><time>2026-07-30T07:30:23Z</time></trkpt><trkpt lat="49.81603" lon="18.32191"><time>2026-07-30T07:30:24Z</time></trkpt><trkpt lat="49.81599" lon="18.3218"><time>2026-07-30T07:30:25Z</time></trkpt><trkpt lat="49.81597" lon="18.32171"><time>2026-07-30T07:30:26Z</time></trkpt><trkpt lat="49.81594" lon="18.32164"><time>2026-07-30T07:30:27Z</time></trkpt><trkpt lat="49.81593" lon="18.32159"><time>2026-07-30T07:30:28Z</time></trkpt><trkpt lat="49.81591" lon="18.32155"><time>2026-07-30T07:30:29Z</time></trkpt><trkpt lat="49.8159" lon="18.32151"><time>2026-07-30T07:30:30Z</time></trkpt><trkpt lat="49.81588" lon="18.32148"><time>2026-07-30T07:30:33Z</time></trkpt><trkpt lat="49.81586" lon="18.32146"><time>2026-07-30T07:30:34Z</time></trkpt><trkpt lat="49.81582" lon="18.32145"><time>2026-07-30T07:30:35Z</time></trkpt><trkpt lat="49.81577" lon="18.32146"><time>2026-07-30T07:30:36Z</time></trkpt><trkpt lat="49.8157" lon="18.3215"><time>2026-07-30T07:30:37Z</time></trkpt><trkpt lat="49.81563" lon="18.32154"><time>2026-07-30T07:30:38Z</time></trkpt><trkpt lat="49.81555" lon="18.32159"><time>2026-07-30T07:30:39Z</time></trkpt><trkpt lat="49.81546" lon="18.32163"><time>2026-07-30T07:30:40Z</time></trkpt><trkpt lat="49.81535" lon="18.32168"><time>2026-07-30T07:30:41Z</time></trkpt><trkpt lat="49.81523" lon="18.32173"><time>2026-07-30T07:30:42Z</time></trkpt><trkpt lat="49.81511" lon="18.32178"><time>2026-07-30T07:30:43Z</time></trkpt><trkpt lat="49.81498" lon="18.32182"><time>2026-07-30T07:30:44Z</time></trkpt><trkpt lat="49.81485" lon="18.32186"><time>2026-07-30T07:30:45Z</time></trkpt><trkpt lat="49.81472" lon="18.32191"><time>2026-07-30T07:30:46Z</time></trkpt><trkpt lat="49.81459" lon="18.32195"><time>2026-07-30T07:30:47Z</time></trkpt><trkpt lat="49.81444" lon="18.322"><time>2026-07-30T07:30:48Z</time></trkpt><trkpt lat="49.81429" lon="18.32205"><time>2026-07-30T07:30:49Z</time></trkpt><trkpt lat="49.81415" lon="18.3221"><time>2026-07-30T07:30:50Z</time></trkpt><trkpt lat="49.814" lon="18.32215"><time>2026-07-30T07:30:51Z</time></trkpt><trkpt lat="49.81384" lon="18.32221"><time>2026-07-30T07:30:52Z</time></trkpt><trkpt lat="49.81369" lon="18.32226"><time>2026-07-30T07:30:53Z</time></trkpt><trkpt lat="49.81354" lon="18.32231"><time>2026-07-30T07:30:54Z</time></trkpt><trkpt lat="49.81341" lon="18.32236"><time>2026-07-30T07:30:55Z</time></trkpt><trkpt lat="49.81327" lon="18.32241"><time>2026-07-30T07:30:56Z</time></trkpt><trkpt lat="49.81314" lon="18.32247"><time>2026-07-30T07:30:57Z</time></trkpt><trkpt lat="49.81301" lon="18.32254"><time>2026-07-30T07:30:58Z</time></trkpt><trkpt lat="49.81288" lon="18.32265"><time>2026-07-30T07:30:59Z</time></trkpt><trkpt lat="49.81276" lon="18.32277"><time>2026-07-30T07:31:00Z</time></trkpt><trkpt lat="49.81264" lon="18.32291"><time>2026-07-30T07:31:01Z</time></trkpt><trkpt lat="49.81254" lon="18.32306"><time>2026-07-30T07:31:02Z</time></trkpt><trkpt lat="49.81244" lon="18.32322"><time>2026-07-30T07:31:03Z</time></trkpt><trkpt lat="49.81236" lon="18.32339"><time>2026-07-30T07:31:04Z</time></trkpt><trkpt lat="49.81228" lon="18.32357"><time>2026-07-30T07:31:05Z</time></trkpt><trkpt lat="49.8122" lon="18.32374"><time>2026-07-30T07:31:06Z</time></trkpt><trkpt lat="49.81211" lon="18.32393"><time>2026-07-30T07:31:07Z</time></trkpt><trkpt lat="49.81203" lon="18.3241"><time>2026-07-30T07:31:08Z</time></trkpt><trkpt lat="49.81195" lon="18.32427"><time>2026-07-30T07:31:09Z</time></trkpt><trkpt lat="49.81186" lon="18.32446"><time>2026-07-30T07:31:10Z</time></trkpt><trkpt lat="49.81177" lon="18.32464"><time>2026-07-30T07:31:11Z</time></trkpt><trkpt lat="49.81169" lon="18.32479"><time>2026-07-30T07:31:12Z</time></trkpt><trkpt lat="49.8116" lon="18.32494"><time>2026-07-30T07:31:13Z</time></trkpt><trkpt lat="49.81151" lon="18.32509"><time>2026-07-30T07:31:14Z</time></trkpt><trkpt lat="49.81141" lon="18.32524"><time>2026-07-30T07:31:15Z</time></trkpt><trkpt lat="49.8113" lon="18.32537"><time>2026-07-30T07:31:16Z</time></trkpt><trkpt lat="49.81119" lon="18.32549"><time>2026-07-30T07:31:17Z</time></trkpt><trkpt lat="49.81108" lon="18.32559"><time>2026-07-30T07:31:18Z</time></trkpt><trkpt lat="49.81097" lon="18.32567"><time>2026-07-30T07:31:19Z</time></trkpt><trkpt lat="49.81085" lon="18.32574"><time>2026-07-30T07:31:20Z</time></trkpt><trkpt lat="49.81073" lon="18.32578"><time>2026-07-30T07:31:21Z</time></trkpt><trkpt lat="49.81061" lon="18.32581"><time>2026-07-30T07:31:22Z</time></trkpt><trkpt lat="49.81049" lon="18.32583"><time>2026-07-30T07:31:23Z</time></trkpt><trkpt lat="49.81037" lon="18.32583"><time>2026-07-30T07:31:24Z</time></trkpt><trkpt lat="49.81025" lon="18.32583"><time>2026-07-30T07:31:25Z</time></trkpt><trkpt lat="49.81015" lon="18.32584"><time>2026-07-30T07:31:26Z</time></trkpt><trkpt lat="49.81005" lon="18.32583"><time>2026-07-30T07:31:27Z</time></trkpt><trkpt lat="49.80995" lon="18.32582"><time>2026-07-30T07:31:28Z</time></trkpt><trkpt lat="49.80989" lon="18.32579"><time>2026-07-30T07:31:29Z</time></trkpt><trkpt lat="49.80983" lon="18.32575"><time>2026-07-30T07:31:30Z</time></trkpt><trkpt lat="49.80978" lon="18.32568"><time>2026-07-30T07:31:31Z</time></trkpt><trkpt lat="49.80975" lon="18.3256"><time>2026-07-30T07:31:32Z</time></trkpt><trkpt lat="49.80974" lon="18.32547"><time>2026-07-30T07:31:33Z</time></trkpt><trkpt lat="49.80976" lon="18.32535"><time>2026-07-30T07:31:34Z</time></trkpt><trkpt lat="49.80978" lon="18.32519"><time>2026-07-30T07:31:35Z</time></trkpt><trkpt lat="49.80981" lon="18.32504"><time>2026-07-30T07:31:36Z</time></trkpt><trkpt lat="49.80985" lon="18.32486"><time>2026-07-30T07:31:37Z</time></trkpt><trkpt lat="49.80989" lon="18.32465"><time>2026-07-30T07:31:38Z</time></trkpt><trkpt lat="49.80994" lon="18.32445"><time>2026-07-30T07:31:39Z</time></trkpt><trkpt lat="49.80999" lon="18.32425"><time>2026-07-30T07:31:40Z</time></trkpt><trkpt lat="49.81003" lon="18.32403"><time>2026-07-30T07:31:41Z</time></trkpt><trkpt lat="49.81008" lon="18.32381"><time>2026-07-30T07:31:42Z</time></trkpt><trkpt lat="49.81013" lon="18.32358"><time>2026-07-30T07:31:43Z</time></trkpt><trkpt lat="49.81018" lon="18.32335"><time>2026-07-30T07:31:44Z</time></trkpt><trkpt lat="49.81023" lon="18.32312"><time>2026-07-30T07:31:45Z</time></trkpt><trkpt lat="49.81028" lon="18.32289"><time>2026-07-30T07:31:46Z</time></trkpt><trkpt lat="49.81033" lon="18.32266"><time>2026-07-30T07:31:47Z</time></trkpt><trkpt lat="49.81039" lon="18.32242"><time>2026-07-30T07:31:48Z</time></trkpt><trkpt lat="49.81044" lon="18.32218"><time>2026-07-30T07:31:49Z</time></trkpt><trkpt lat="49.8105" lon="18.32193"><time>2026-07-30T07:31:50Z</time></trkpt><trkpt lat="49.81056" lon="18.32168"><time>2026-07-30T07:31:51Z</time></trkpt><trkpt lat="49.81061" lon="18.32143"><time>2026-07-30T07:31:52Z</time></trkpt><trkpt lat="49.81067" lon="18.32119"><time>2026-07-30T07:31:53Z</time></trkpt><trkpt lat="49.81073" lon="18.32094"><time>2026-07-30T07:31:54Z</time></trkpt><trkpt lat="49.81079" lon="18.3207"><time>2026-07-30T07:31:55Z</time></trkpt><trkpt lat="49.81085" lon="18.32046"><time>2026-07-30T07:31:56Z</time></trkpt><trkpt lat="49.81091" lon="18.32019"><time>2026-07-30T07:31:57Z</time></trkpt><trkpt lat="49.81097" lon="18.31993"><time>2026-07-30T07:31:58Z</time></trkpt><trkpt lat="49.81103" lon="18.31966"><time>2026-07-30T07:31:59Z</time></trkpt><trkpt lat="49.81109" lon="18.3194"><time>2026-07-30T07:32:00Z</time></trkpt><trkpt lat="49.81115" lon="18.31913"><time>2026-07-30T07:32:01Z</time></trkpt><trkpt lat="49.81121" lon="18.31887"><time>2026-07-30T07:32:02Z</time></trkpt><trkpt lat="49.81127" lon="18.31859"><time>2026-07-30T07:32:03Z</time></trkpt><trkpt lat="49.81134" lon="18.31832"><time>2026-07-30T07:32:04Z</time></trkpt><trkpt lat="49.8114" lon="18.31804"><time>2026-07-30T07:32:05Z</time></trkpt><trkpt lat="49.81146" lon="18.31775"><time>2026-07-30T07:32:06Z</time></trkpt><trkpt lat="49.81153" lon="18.31747"><time>2026-07-30T07:32:07Z</time></trkpt><trkpt lat="49.81159" lon="18.31718"><time>2026-07-30T07:32:08Z</time></trkpt><trkpt lat="49.81165" lon="18.31689"><time>2026-07-30T07:32:09Z</time></trkpt><trkpt lat="49.81172" lon="18.31661"><time>2026-07-30T07:32:10Z</time></trkpt><trkpt lat="49.81178" lon="18.31632"><time>2026-07-30T07:32:11Z</time></trkpt><trkpt lat="49.81185" lon="18.31603"><time>2026-07-30T07:32:12Z</time></trkpt><trkpt lat="49.81191" lon="18.31574"><time>2026-07-30T07:32:13Z</time></trkpt><trkpt lat="49.81198" lon="18.31545"><time>2026-07-30T07:32:14Z</time></trkpt><trkpt lat="49.81204" lon="18.31517"><time>2026-07-30T07:32:15Z</time></trkpt><trkpt lat="49.81211" lon="18.31487"><time>2026-07-30T07:32:16Z</time></trkpt><trkpt lat="49.81217" lon="18.31459"><time>2026-07-30T07:32:17Z</time></trkpt><trkpt lat="49.81224" lon="18.31429"><time>2026-07-30T07:32:18Z</time></trkpt><trkpt lat="49.8123" lon="18.314"><time>2026-07-30T07:32:19Z</time></trkpt><trkpt lat="49.81237" lon="18.31372"><time>2026-07-30T07:32:20Z</time></trkpt><trkpt lat="49.81244" lon="18.31343"><time>2026-07-30T07:32:21Z</time></trkpt><trkpt lat="49.8125" lon="18.31316"><time>2026-07-30T07:32:22Z</time></trkpt><trkpt lat="49.81256" lon="18.3129"><time>2026-07-30T07:32:23Z</time></trkpt><trkpt lat="49.81262" lon="18.31265"><time>2026-07-30T07:32:24Z</time></trkpt><trkpt lat="49.81267" lon="18.3124"><time>2026-07-30T07:32:25Z</time></trkpt><trkpt lat="49.81273" lon="18.31215"><time>2026-07-30T07:32:26Z</time></trkpt><trkpt lat="49.81279" lon="18.31192"><time>2026-07-30T07:32:27Z</time></trkpt><trkpt lat="49.81284" lon="18.3117"><time>2026-07-30T07:32:28Z</time></trkpt><trkpt lat="49.81289" lon="18.31146"><time>2026-07-30T07:32:29Z</time></trkpt><trkpt lat="49.81294" lon="18.31123"><time>2026-07-30T07:32:30Z</time></trkpt><trkpt lat="49.813" lon="18.31099"><time>2026-07-30T07:32:31Z</time></trkpt><trkpt lat="49.81304" lon="18.31074"><time>2026-07-30T07:32:32Z</time></trkpt><trkpt lat="49.81309" lon="18.31048"><time>2026-07-30T07:32:33Z</time></trkpt><trkpt lat="49.81313" lon="18.31023"><time>2026-07-30T07:32:34Z</time></trkpt><trkpt lat="49.81316" lon="18.30998"><time>2026-07-30T07:32:35Z</time></trkpt><trkpt lat="49.81319" lon="18.30974"><time>2026-07-30T07:32:36Z</time></trkpt><trkpt lat="49.81322" lon="18.3095"><time>2026-07-30T07:32:37Z</time></trkpt><trkpt lat="49.81325" lon="18.30927"><time>2026-07-30T07:32:38Z</time></trkpt><trkpt lat="49.81327" lon="18.30904"><time>2026-07-30T07:32:39Z</time></trkpt><trkpt lat="49.8133" lon="18.30881"><time>2026-07-30T07:32:40Z</time></trkpt><trkpt lat="49.81333" lon="18.30857"><time>2026-07-30T07:32:41Z</time></trkpt><trkpt lat="49.81335" lon="18.30834"><time>2026-07-30T07:32:42Z</time></trkpt><trkpt lat="49.81338" lon="18.30812"><time>2026-07-30T07:32:43Z</time></trkpt><trkpt lat="49.8134" lon="18.30791"><time>2026-07-30T07:32:44Z</time></trkpt><trkpt lat="49.81343" lon="18.30771"><time>2026-07-30T07:32:45Z</time></trkpt><trkpt lat="49.81345" lon="18.30752"><time>2026-07-30T07:32:46Z</time></trkpt><trkpt lat="49.81347" lon="18.30734"><time>2026-07-30T07:32:47Z</time></trkpt><trkpt lat="49.81348" lon="18.30717"><time>2026-07-30T07:32:48Z</time></trkpt><trkpt lat="49.8135" lon="18.307"><time>2026-07-30T07:32:49Z</time></trkpt><trkpt lat="49.81351" lon="18.30684"><time>2026-07-30T07:32:50Z</time></trkpt><trkpt lat="49.81352" lon="18.30669"><time>2026-07-30T07:32:51Z</time></trkpt><trkpt lat="49.81353" lon="18.30655"><time>2026-07-30T07:32:52Z</time></trkpt><trkpt lat="49.81354" lon="18.30641"><time>2026-07-30T07:32:53Z</time></trkpt><trkpt lat="49.81355" lon="18.30627"><time>2026-07-30T07:32:54Z</time></trkpt><trkpt lat="49.81356" lon="18.30615"><time>2026-07-30T07:32:55Z</time></trkpt><trkpt lat="49.81356" lon="18.30606"><time>2026-07-30T07:32:56Z</time></trkpt><trkpt lat="49.81356" lon="18.306"><time>2026-07-30T07:32:57Z</time></trkpt><trkpt lat="49.81357" lon="18.30596"><time>2026-07-30T07:32:58Z</time></trkpt><trkpt lat="49.81357" lon="18.30592"><time>2026-07-30T07:32:59Z</time></trkpt><trkpt lat="49.81357" lon="18.30589"><time>2026-07-30T07:33:00Z</time></trkpt><trkpt lat="49.81357" lon="18.30585"><time>2026-07-30T07:33:01Z</time></trkpt><trkpt lat="49.81357" lon="18.30579"><time>2026-07-30T07:33:02Z</time></trkpt><trkpt lat="49.81358" lon="18.3057"><time>2026-07-30T07:33:03Z</time></trkpt><trkpt lat="49.81358" lon="18.3056"><time>2026-07-30T07:33:04Z</time></trkpt><trkpt lat="49.81359" lon="18.30548"><time>2026-07-30T07:33:05Z</time></trkpt><trkpt lat="49.81359" lon="18.30535"><time>2026-07-30T07:33:06Z</time></trkpt><trkpt lat="49.8136" lon="18.30522"><time>2026-07-30T07:33:07Z</time></trkpt><trkpt lat="49.81361" lon="18.30509"><time>2026-07-30T07:33:08Z</time></trkpt><trkpt lat="49.81361" lon="18.30496"><time>2026-07-30T07:33:09Z</time></trkpt><trkpt lat="49.81362" lon="18.30484"><time>2026-07-30T07:33:10Z</time></trkpt><trkpt lat="49.81362" lon="18.30475"><time>2026-07-30T07:33:11Z</time></trkpt><trkpt lat="49.81363" lon="18.30466"><time>2026-07-30T07:33:12Z</time></trkpt><trkpt lat="49.81364" lon="18.30457"><time>2026-07-30T07:33:13Z</time></trkpt><trkpt lat="49.81364" lon="18.30448"><time>2026-07-30T07:33:14Z</time></trkpt><trkpt lat="49.81365" lon="18.3044"><time>2026-07-30T07:33:15Z</time></trkpt><trkpt lat="49.81365" lon="18.30433"><time>2026-07-30T07:33:16Z</time></trkpt><trkpt lat="49.81366" lon="18.30426"><time>2026-07-30T07:33:17Z</time></trkpt><trkpt lat="49.81366" lon="18.30418"><time>2026-07-30T07:33:18Z</time></trkpt><trkpt lat="49.81366" lon="18.30408"><time>2026-07-30T07:33:19Z</time></trkpt><trkpt lat="49.81366" lon="18.30397"><time>2026-07-30T07:33:20Z</time></trkpt><trkpt lat="49.81366" lon="18.30385"><time>2026-07-30T07:33:21Z</time></trkpt><trkpt lat="49.81366" lon="18.30372"><time>2026-07-30T07:33:22Z</time></trkpt><trkpt lat="49.81365" lon="18.30358"><time>2026-07-30T07:33:23Z</time></trkpt><trkpt lat="49.81364" lon="18.30343"><time>2026-07-30T07:33:24Z</time></trkpt><trkpt lat="49.81362" lon="18.30325"><time>2026-07-30T07:33:25Z</time></trkpt><trkpt lat="49.81361" lon="18.30309"><time>2026-07-30T07:33:26Z</time></trkpt><trkpt lat="49.8136" lon="18.3029"><time>2026-07-30T07:33:27Z</time></trkpt><trkpt lat="49.81359" lon="18.30272"><time>2026-07-30T07:33:28Z</time></trkpt><trkpt lat="49.81358" lon="18.30253"><time>2026-07-30T07:33:29Z</time></trkpt><trkpt lat="49.81358" lon="18.30237"><time>2026-07-30T07:33:30Z</time></trkpt><trkpt lat="49.81358" lon="18.3022"><time>2026-07-30T07:33:31Z</time></trkpt><trkpt lat="49.8136" lon="18.30201"><time>2026-07-30T07:33:32Z</time></trkpt><trkpt lat="49.81362" lon="18.30183"><time>2026-07-30T07:33:33Z</time></trkpt><trkpt lat="49.81367" lon="18.30164"><time>2026-07-30T07:33:34Z</time></trkpt><trkpt lat="49.81371" lon="18.30146"><time>2026-07-30T07:33:35Z</time></trkpt><trkpt lat="49.81375" lon="18.30126"><time>2026-07-30T07:33:36Z</time></trkpt><trkpt lat="49.8138" lon="18.30107"><time>2026-07-30T07:33:37Z</time></trkpt><trkpt lat="49.81384" lon="18.30087"><time>2026-07-30T07:33:38Z</time></trkpt><trkpt lat="49.81389" lon="18.30071"><time>2026-07-30T07:33:39Z</time></trkpt><trkpt lat="49.81394" lon="18.30051"><time>2026-07-30T07:33:40Z</time></trkpt><trkpt lat="49.81397" lon="18.30034"><time>2026-07-30T07:33:41Z</time></trkpt><trkpt lat="49.81401" lon="18.30017"><time>2026-07-30T07:33:42Z</time></trkpt><trkpt lat="49.81404" lon="18.30002"><time>2026-07-30T07:33:43Z</time></trkpt><trkpt lat="49.81407" lon="18.2999"><time>2026-07-30T07:33:44Z</time></trkpt><trkpt lat="49.8141" lon="18.29977"><time>2026-07-30T07:33:45Z</time></trkpt><trkpt lat="49.81412" lon="18.29968"><time>2026-07-30T07:33:46Z</time></trkpt><trkpt lat="49.81414" lon="18.29963"><time>2026-07-30T07:33:47Z</time></trkpt><trkpt lat="49.81415" lon="18.29958"><time>2026-07-30T07:33:48Z</time></trkpt><trkpt lat="49.81415" lon="18.29954"><time>2026-07-30T07:33:49Z</time></trkpt><trkpt lat="49.81415" lon="18.2995"><time>2026-07-30T07:33:50Z</time></trkpt><trkpt lat="49.81413" lon="18.29945"><time>2026-07-30T07:33:51Z</time></trkpt><trkpt lat="49.81408" lon="18.29938"><time>2026-07-30T07:33:52Z</time></trkpt><trkpt lat="49.81401" lon="18.29936"><time>2026-07-30T07:33:53Z</time></trkpt><trkpt lat="49.81395" lon="18.29935"><time>2026-07-30T07:33:54Z</time></trkpt><trkpt lat="49.81382" lon="18.29937"><time>2026-07-30T07:33:55Z</time></trkpt><trkpt lat="49.8137" lon="18.29939"><time>2026-07-30T07:33:56Z</time></trkpt><trkpt lat="49.81355" lon="18.29939"><time>2026-07-30T07:33:57Z</time></trkpt><trkpt lat="49.81342" lon="18.29939"><time>2026-07-30T07:33:58Z</time></trkpt><trkpt lat="49.81327" lon="18.29939"><time>2026-07-30T07:33:59Z</time></trkpt><trkpt lat="49.8131" lon="18.29938"><time>2026-07-30T07:34:00Z</time></trkpt><trkpt lat="49.81295" lon="18.29938"><time>2026-07-30T07:34:01Z</time></trkpt><trkpt lat="49.81279" lon="18.29938"><time>2026-07-30T07:34:02Z</time></trkpt><trkpt lat="49.81261" lon="18.29941"><time>2026-07-30T07:34:03Z</time></trkpt><trkpt lat="49.81246" lon="18.29941"><time>2026-07-30T07:34:04Z</time></trkpt><trkpt lat="49.81232" lon="18.29941"><time>2026-07-30T07:34:05Z</time></trkpt><trkpt lat="49.81218" lon="18.29941"><time>2026-07-30T07:34:06Z</time></trkpt><trkpt lat="49.81205" lon="18.29942"><time>2026-07-30T07:34:07Z</time></trkpt><trkpt lat="49.81192" lon="18.29942"><time>2026-07-30T07:34:08Z</time></trkpt><trkpt lat="49.81179" lon="18.29943"><time>2026-07-30T07:34:09Z</time></trkpt><trkpt lat="49.81167" lon="18.29943"><time>2026-07-30T07:34:10Z</time></trkpt><trkpt lat="49.81155" lon="18.29944"><time>2026-07-30T07:34:11Z</time></trkpt><trkpt lat="49.81144" lon="18.29944"><time>2026-07-30T07:34:12Z</time></trkpt><trkpt lat="49.81132" lon="18.29943"><time>2026-07-30T07:34:13Z</time></trkpt><trkpt lat="49.8112" lon="18.29941"><time>2026-07-30T07:34:14Z</time></trkpt><trkpt lat="49.81109" lon="18.29936"><time>2026-07-30T07:34:15Z</time></trkpt><trkpt lat="49.81098" lon="18.2993"><time>2026-07-30T07:34:16Z</time></trkpt><trkpt lat="49.81085" lon="18.29922"><time>2026-07-30T07:34:17Z</time></trkpt><trkpt lat="49.81072" lon="18.29915"><time>2026-07-30T07:34:18Z</time></trkpt><trkpt lat="49.81058" lon="18.29909"><time>2026-07-30T07:34:19Z</time></trkpt><trkpt lat="49.81046" lon="18.29903"><time>2026-07-30T07:34:20Z</time></trkpt><trkpt lat="49.81031" lon="18.29896"><time>2026-07-30T07:34:21Z</time></trkpt><trkpt lat="49.81017" lon="18.29889"><time>2026-07-30T07:34:22Z</time></trkpt><trkpt lat="49.81004" lon="18.29881"><time>2026-07-30T07:34:23Z</time></trkpt><trkpt lat="49.8099" lon="18.29874"><time>2026-07-30T07:34:24Z</time></trkpt><trkpt lat="49.80977" lon="18.29868"><time>2026-07-30T07:34:25Z</time></trkpt><trkpt lat="49.80965" lon="18.29863"><time>2026-07-30T07:34:26Z</time></trkpt><trkpt lat="49.80951" lon="18.29858"><time>2026-07-30T07:34:27Z</time></trkpt><trkpt lat="49.80938" lon="18.29852"><time>2026-07-30T07:34:28Z</time></trkpt><trkpt lat="49.80924" lon="18.29847"><time>2026-07-30T07:34:29Z</time></trkpt><trkpt lat="49.80911" lon="18.29842"><time>2026-07-30T07:34:30Z</time></trkpt><trkpt lat="49.80897" lon="18.29836"><time>2026-07-30T07:34:31Z</time></trkpt><trkpt lat="49.80882" lon="18.29829"><time>2026-07-30T07:34:32Z</time></trkpt><trkpt lat="49.80869" lon="18.29823"><time>2026-07-30T07:34:33Z</time></trkpt><trkpt lat="49.80856" lon="18.29818"><time>2026-07-30T07:34:34Z</time></trkpt><trkpt lat="49.80844" lon="18.29812"><time>2026-07-30T07:34:35Z</time></trkpt><trkpt lat="49.80831" lon="18.29807"><time>2026-07-30T07:34:36Z</time></trkpt><trkpt lat="49.80819" lon="18.29801"><time>2026-07-30T07:34:37Z</time></trkpt><trkpt lat="49.80808" lon="18.29797"><time>2026-07-30T07:34:38Z</time></trkpt><trkpt lat="49.80798" lon="18.29792"><time>2026-07-30T07:34:39Z</time></trkpt><trkpt lat="49.80788" lon="18.29787"><time>2026-07-30T07:34:40Z</time></trkpt><trkpt lat="49.80778" lon="18.29783"><time>2026-07-30T07:34:41Z</time></trkpt><trkpt lat="49.8077" lon="18.29779"><time>2026-07-30T07:34:42Z</time></trkpt><trkpt lat="49.80764" lon="18.29775"><time>2026-07-30T07:34:43Z</time></trkpt><trkpt lat="49.80758" lon="18.29772"><time>2026-07-30T07:34:44Z</time></trkpt><trkpt lat="49.80753" lon="18.29767"><time>2026-07-30T07:34:45Z</time></trkpt><trkpt lat="49.80752" lon="18.29761"><time>2026-07-30T07:34:46Z</time></trkpt><trkpt lat="49.80753" lon="18.29752"><time>2026-07-30T07:34:47Z</time></trkpt><trkpt lat="49.80755" lon="18.29742"><time>2026-07-30T07:34:48Z</time></trkpt><trkpt lat="49.80757" lon="18.29732"><time>2026-07-30T07:34:49Z</time></trkpt><trkpt lat="49.80759" lon="18.29725"><time>2026-07-30T07:34:50Z</time></trkpt><trkpt lat="49.80761" lon="18.29721"><time>2026-07-30T07:34:51Z</time></trkpt><trkpt lat="49.80762" lon="18.29717"><time>2026-07-30T07:34:52Z</time></trkpt><trkpt lat="49.80762" lon="18.29714"><time>2026-07-30T07:34:53Z</time></trkpt><trkpt lat="49.80762" lon="18.29712"><time>2026-07-30T07:34:54Z</time></trkpt><trkpt lat="49.80762" lon="18.29712"><time>2026-07-30T07:35:14Z</time></trkpt><trkpt lat="49.80761" lon="18.2971"><time>2026-07-30T07:35:15Z</time></trkpt><trkpt lat="49.80761" lon="18.2971"><time>2026-07-30T07:35:16Z</time></trkpt><trkpt lat="49.8076" lon="18.2971"><time>2026-07-30T07:35:17Z</time></trkpt><trkpt lat="49.80759" lon="18.29711"><time>2026-07-30T07:35:18Z</time></trkpt><trkpt lat="49.80759" lon="18.29712"><time>2026-07-30T07:35:19Z</time></trkpt><trkpt lat="49.80758" lon="18.29714"><time>2026-07-30T07:35:20Z</time></trkpt><trkpt lat="49.80758" lon="18.29716"><time>2026-07-30T07:35:21Z</time></trkpt><trkpt lat="49.80757" lon="18.29721"><time>2026-07-30T07:35:22Z</time></trkpt><trkpt lat="49.80754" lon="18.29733"><time>2026-07-30T07:35:23Z</time></trkpt><trkpt lat="49.80751" lon="18.29744"><time>2026-07-30T07:35:24Z</time></trkpt><trkpt lat="49.80749" lon="18.29757"><time>2026-07-30T07:35:25Z</time></trkpt><trkpt lat="49.80746" lon="18.2977"><time>2026-07-30T07:35:26Z</time></trkpt><trkpt lat="49.80743" lon="18.29785"><time>2026-07-30T07:35:27Z</time></trkpt><trkpt lat="49.8074" lon="18.29796"><time>2026-07-30T07:35:28Z</time></trkpt><trkpt lat="49.80737" lon="18.29808"><time>2026-07-30T07:35:29Z</time></trkpt><trkpt lat="49.80734" lon="18.29819"><time>2026-07-30T07:35:30Z</time></trkpt><trkpt lat="49.80731" lon="18.29831"><time>2026-07-30T07:35:31Z</time></trkpt><trkpt lat="49.80728" lon="18.29843"><time>2026-07-30T07:35:32Z</time></trkpt><trkpt lat="49.80725" lon="18.29856"><time>2026-07-30T07:35:33Z</time></trkpt><trkpt lat="49.80722" lon="18.2987"><time>2026-07-30T07:35:34Z</time></trkpt><trkpt lat="49.80718" lon="18.29887"><time>2026-07-30T07:35:35Z</time></trkpt><trkpt lat="49.80714" lon="18.29903"><time>2026-07-30T07:35:36Z</time></trkpt><trkpt lat="49.8071" lon="18.29919"><time>2026-07-30T07:35:37Z</time></trkpt><trkpt lat="49.80706" lon="18.29935"><time>2026-07-30T07:35:38Z</time></trkpt><trkpt lat="49.80702" lon="18.29951"><time>2026-07-30T07:35:39Z</time></trkpt><trkpt lat="49.80699" lon="18.29966"><time>2026-07-30T07:35:40Z</time></trkpt><trkpt lat="49.80695" lon="18.2998"><time>2026-07-30T07:35:41Z</time></trkpt><trkpt lat="49.80692" lon="18.29996"><time>2026-07-30T07:35:42Z</time></trkpt><trkpt lat="49.80688" lon="18.30012"><time>2026-07-30T07:35:43Z</time></trkpt><trkpt lat="49.80685" lon="18.30025"><time>2026-07-30T07:35:44Z</time></trkpt><trkpt lat="49.80681" lon="18.30039"><time>2026-07-30T07:35:45Z</time></trkpt><trkpt lat="49.80678" lon="18.30053"><time>2026-07-30T07:35:46Z</time></trkpt><trkpt lat="49.80675" lon="18.30068"><time>2026-07-30T07:35:47Z</time></trkpt><trkpt lat="49.80671" lon="18.30083"><time>2026-07-30T07:35:48Z</time></trkpt><trkpt lat="49.80668" lon="18.30098"><time>2026-07-30T07:35:49Z</time></trkpt><trkpt lat="49.80664" lon="18.30115"><time>2026-07-30T07:35:50Z</time></trkpt><trkpt lat="49.80661" lon="18.30132"><time>2026-07-30T07:35:51Z</time></trkpt><trkpt lat="49.80658" lon="18.3015"><time>2026-07-30T07:35:52Z</time></trkpt><trkpt lat="49.80655" lon="18.3017"><time>2026-07-30T07:35:53Z</time></trkpt><trkpt lat="49.80652" lon="18.30188"><time>2026-07-30T07:35:54Z</time></trkpt><trkpt lat="49.80649" lon="18.30206"><time>2026-07-30T07:35:55Z</time></trkpt><trkpt lat="49.80647" lon="18.30223"><time>2026-07-30T07:35:56Z</time></trkpt><trkpt lat="49.80644" lon="18.30242"><time>2026-07-30T07:35:57Z</time></trkpt><trkpt lat="49.80642" lon="18.3026"><time>2026-07-30T07:35:58Z</time></trkpt><trkpt lat="49.8064" lon="18.30278"><time>2026-07-30T07:35:59Z</time></trkpt><trkpt lat="49.80637" lon="18.30297"><time>2026-07-30T07:36:00Z</time></trkpt><trkpt lat="49.80635" lon="18.30315"><time>2026-07-30T07:36:01Z</time></trkpt><trkpt lat="49.80633" lon="18.30332"><time>2026-07-30T07:36:02Z</time></trkpt><trkpt lat="49.80631" lon="18.30348"><time>2026-07-30T07:36:03Z</time></trkpt><trkpt lat="49.80629" lon="18.30364"><time>2026-07-30T07:36:04Z</time></trkpt><trkpt lat="49.80627" lon="18.30379"><time>2026-07-30T07:36:05Z</time></trkpt><trkpt lat="49.80626" lon="18.30393"><time>2026-07-30T07:36:06Z</time></trkpt><trkpt lat="49.80624" lon="18.30405"><time>2026-07-30T07:36:07Z</time></trkpt><trkpt lat="49.80623" lon="18.30414"><time>2026-07-30T07:36:08Z</time></trkpt><trkpt lat="49.80622" lon="18.3042"><time>2026-07-30T07:36:09Z</time></trkpt><trkpt lat="49.8062" lon="18.30423"><time>2026-07-30T07:36:10Z</time></trkpt><trkpt lat="49.8062" lon="18.30426"><time>2026-07-30T07:36:11Z</time></trkpt><trkpt lat="49.80617" lon="18.30429"><time>2026-07-30T07:36:12Z</time></trkpt><trkpt lat="49.80613" lon="18.30432"><time>2026-07-30T07:36:13Z</time></trkpt><trkpt lat="49.80605" lon="18.30429"><time>2026-07-30T07:36:14Z</time></trkpt><trkpt lat="49.80598" lon="18.30427"><time>2026-07-30T07:36:15Z</time></trkpt><trkpt lat="49.8059" lon="18.30424"><time>2026-07-30T07:36:16Z</time></trkpt><trkpt lat="49.8058" lon="18.3042"><time>2026-07-30T07:36:17Z</time></trkpt><trkpt lat="49.8057" lon="18.30417"><time>2026-07-30T07:36:18Z</time></trkpt><trkpt lat="49.80559" lon="18.30414"><time>2026-07-30T07:36:19Z</time></trkpt><trkpt lat="49.80549" lon="18.30412"><time>2026-07-30T07:36:20Z</time></trkpt><trkpt lat="49.80538" lon="18.3041"><time>2026-07-30T07:36:21Z</time></trkpt><trkpt lat="49.80529" lon="18.30407"><time>2026-07-30T07:36:22Z</time></trkpt><trkpt lat="49.8052" lon="18.30405"><time>2026-07-30T07:36:23Z</time></trkpt><trkpt lat="49.80512" lon="18.30403"><time>2026-07-30T07:36:24Z</time></trkpt><trkpt lat="49.80504" lon="18.30399"><time>2026-07-30T07:36:25Z</time></trkpt><trkpt lat="49.80496" lon="18.30391"><time>2026-07-30T07:36:26Z</time></trkpt><trkpt lat="49.80488" lon="18.30382"><time>2026-07-30T07:36:27Z</time></trkpt><trkpt lat="49.80482" lon="18.30369"><time>2026-07-30T07:36:28Z</time></trkpt><trkpt lat="49.80476" lon="18.30356"><time>2026-07-30T07:36:29Z</time></trkpt><trkpt lat="49.80472" lon="18.3034"><time>2026-07-30T07:36:30Z</time></trkpt><trkpt lat="49.80468" lon="18.30323"><time>2026-07-30T07:36:31Z</time></trkpt><trkpt lat="49.80465" lon="18.30306"><time>2026-07-30T07:36:32Z</time></trkpt><trkpt lat="49.80463" lon="18.30288"><time>2026-07-30T07:36:33Z</time></trkpt><trkpt lat="49.8046" lon="18.30271"><time>2026-07-30T07:36:34Z</time></trkpt><trkpt lat="49.80458" lon="18.30253"><time>2026-07-30T07:36:35Z</time></trkpt><trkpt lat="49.80455" lon="18.30236"><time>2026-07-30T07:36:36Z</time></trkpt><trkpt lat="49.80453" lon="18.30218"><time>2026-07-30T07:36:37Z</time></trkpt><trkpt lat="49.80451" lon="18.30199"><time>2026-07-30T07:36:38Z</time></trkpt><trkpt lat="49.80448" lon="18.3018"><time>2026-07-30T07:36:39Z</time></trkpt><trkpt lat="49.80445" lon="18.30161"><time>2026-07-30T07:36:40Z</time></trkpt><trkpt lat="49.80443" lon="18.30143"><time>2026-07-30T07:36:41Z</time></trkpt><trkpt lat="49.80441" lon="18.30126"><time>2026-07-30T07:36:42Z</time></trkpt><trkpt lat="49.80439" lon="18.30111"><time>2026-07-30T07:36:43Z</time></trkpt><trkpt lat="49.80437" lon="18.30095"><time>2026-07-30T07:36:44Z</time></trkpt><trkpt lat="49.80435" lon="18.30079"><time>2026-07-30T07:36:45Z</time></trkpt><trkpt lat="49.80433" lon="18.30062"><time>2026-07-30T07:36:46Z</time></trkpt><trkpt lat="49.8043" lon="18.30045"><time>2026-07-30T07:36:47Z</time></trkpt><trkpt lat="49.80428" lon="18.30027"><time>2026-07-30T07:36:48Z</time></trkpt><trkpt lat="49.80426" lon="18.30008"><time>2026-07-30T07:36:49Z</time></trkpt><trkpt lat="49.80423" lon="18.29988"><time>2026-07-30T07:36:50Z</time></trkpt><trkpt lat="49.80421" lon="18.29969"><time>2026-07-30T07:36:51Z</time></trkpt><trkpt lat="49.80419" lon="18.2995"><time>2026-07-30T07:36:52Z</time></trkpt><trkpt lat="49.80416" lon="18.29932"><time>2026-07-30T07:36:53Z</time></trkpt><trkpt lat="49.80414" lon="18.29914"><time>2026-07-30T07:36:54Z</time></trkpt><trkpt lat="49.80412" lon="18.29896"><time>2026-07-30T07:36:55Z</time></trkpt><trkpt lat="49.80411" lon="18.29879"><time>2026-07-30T07:36:56Z</time></trkpt><trkpt lat="49.8041" lon="18.29862"><time>2026-07-30T07:36:57Z</time></trkpt><trkpt lat="49.80408" lon="18.29845"><time>2026-07-30T07:36:58Z</time></trkpt><trkpt lat="49.80406" lon="18.29829"><time>2026-07-30T07:36:59Z</time></trkpt><trkpt lat="49.80404" lon="18.29812"><time>2026-07-30T07:37:00Z</time></trkpt><trkpt lat="49.80401" lon="18.29796"><time>2026-07-30T07:37:01Z</time></trkpt><trkpt lat="49.80397" lon="18.29779"><time>2026-07-30T07:37:02Z</time></trkpt><trkpt lat="49.80394" lon="18.29763"><time>2026-07-30T07:37:03Z</time></trkpt><trkpt lat="49.80392" lon="18.29747"><time>2026-07-30T07:37:04Z</time></trkpt><trkpt lat="49.8039" lon="18.29731"><time>2026-07-30T07:37:05Z</time></trkpt><trkpt lat="49.80388" lon="18.29714"><time>2026-07-30T07:37:06Z</time></trkpt><trkpt lat="49.80386" lon="18.29699"><time>2026-07-30T07:37:07Z</time></trkpt><trkpt lat="49.80385" lon="18.29684"><time>2026-07-30T07:37:08Z</time></trkpt><trkpt lat="49.80383" lon="18.2967"><time>2026-07-30T07:37:09Z</time></trkpt><trkpt lat="49.80382" lon="18.29657"><time>2026-07-30T07:37:10Z</time></trkpt><trkpt lat="49.80381" lon="18.29644"><time>2026-07-30T07:37:11Z</time></trkpt><trkpt lat="49.80381" lon="18.29631"><time>2026-07-30T07:37:12Z</time></trkpt><trkpt lat="49.8038" lon="18.29617"><time>2026-07-30T07:37:13Z</time></trkpt><trkpt lat="49.80379" lon="18.29603"><time>2026-07-30T07:37:14Z</time></trkpt><trkpt lat="49.80378" lon="18.29588"><time>2026-07-30T07:37:15Z</time></trkpt><trkpt lat="49.80377" lon="18.29572"><time>2026-07-30T07:37:16Z</time></trkpt><trkpt lat="49.80377" lon="18.29556"><time>2026-07-30T07:37:17Z</time></trkpt><trkpt lat="49.80376" lon="18.2954"><time>2026-07-30T07:37:18Z</time></trkpt><trkpt lat="49.80375" lon="18.29524"><time>2026-07-30T07:37:19Z</time></trkpt><trkpt lat="49.80375" lon="18.29508"><time>2026-07-30T07:37:20Z</time></trkpt><trkpt lat="49.80375" lon="18.29493"><time>2026-07-30T07:37:21Z</time></trkpt><trkpt lat="49.80374" lon="18.29478"><time>2026-07-30T07:37:22Z</time></trkpt><trkpt lat="49.80374" lon="18.29462"><time>2026-07-30T07:37:23Z</time></trkpt><trkpt lat="49.80374" lon="18.29447"><time>2026-07-30T07:37:24Z</time></trkpt><trkpt lat="49.80374" lon="18.2943"><time>2026-07-30T07:37:25Z</time></trkpt><trkpt lat="49.80374" lon="18.29413"><time>2026-07-30T07:37:26Z</time></trkpt><trkpt lat="49.80374" lon="18.29397"><time>2026-07-30T07:37:27Z</time></trkpt><trkpt lat="49.80375" lon="18.29381"><time>2026-07-30T07:37:28Z</time></trkpt><trkpt lat="49.80375" lon="18.29365"><time>2026-07-30T07:37:29Z</time></trkpt><trkpt lat="49.80375" lon="18.29348"><time>2026-07-30T07:37:30Z</time></trkpt><trkpt lat="49.80376" lon="18.29331"><time>2026-07-30T07:37:31Z</time></trkpt><trkpt lat="49.80376" lon="18.29315"><time>2026-07-30T07:37:32Z</time></trkpt><trkpt lat="49.80377" lon="18.293"><time>2026-07-30T07:37:33Z</time></trkpt><trkpt lat="49.80378" lon="18.29283"><time>2026-07-30T07:37:34Z</time></trkpt><trkpt lat="49.80378" lon="18.29266"><time>2026-07-30T07:37:35Z</time></trkpt><trkpt lat="49.8038" lon="18.29251"><time>2026-07-30T07:37:36Z</time></trkpt><trkpt lat="49.80381" lon="18.29235"><time>2026-07-30T07:37:37Z</time></trkpt><trkpt lat="49.80381" lon="18.29219"><time>2026-07-30T07:37:38Z</time></trkpt><trkpt lat="49.80383" lon="18.29203"><time>2026-07-30T07:37:39Z</time></trkpt><trkpt lat="49.80384" lon="18.29185"><time>2026-07-30T07:37:40Z</time></trkpt><trkpt lat="49.80385" lon="18.29167"><time>2026-07-30T07:37:41Z</time></trkpt><trkpt lat="49.80386" lon="18.29148"><time>2026-07-30T07:37:42Z</time></trkpt><trkpt lat="49.80389" lon="18.29129"><time>2026-07-30T07:37:43Z</time></trkpt><trkpt lat="49.80391" lon="18.2911"><time>2026-07-30T07:37:44Z</time></trkpt><trkpt lat="49.80393" lon="18.29091"><time>2026-07-30T07:37:45Z</time></trkpt><trkpt lat="49.80396" lon="18.29071"><time>2026-07-30T07:37:46Z</time></trkpt><trkpt lat="49.80399" lon="18.29051"><time>2026-07-30T07:37:47Z</time></trkpt><trkpt lat="49.80402" lon="18.2903"><time>2026-07-30T07:37:48Z</time></trkpt><trkpt lat="49.80406" lon="18.29008"><time>2026-07-30T07:37:49Z</time></trkpt><trkpt lat="49.8041" lon="18.28985"><time>2026-07-30T07:37:50Z</time></trkpt><trkpt lat="49.80413" lon="18.28961"><time>2026-07-30T07:37:51Z</time></trkpt><trkpt lat="49.80417" lon="18.28936"><time>2026-07-30T07:37:52Z</time></trkpt><trkpt lat="49.80421" lon="18.28913"><time>2026-07-30T07:37:53Z</time></trkpt><trkpt lat="49.80424" lon="18.2889"><time>2026-07-30T07:37:54Z</time></trkpt><trkpt lat="49.80428" lon="18.28867"><time>2026-07-30T07:37:55Z</time></trkpt><trkpt lat="49.80432" lon="18.28845"><time>2026-07-30T07:37:56Z</time></trkpt><trkpt lat="49.80435" lon="18.28826"><time>2026-07-30T07:37:57Z</time></trkpt><trkpt lat="49.80439" lon="18.28806"><time>2026-07-30T07:37:58Z</time></trkpt><trkpt lat="49.80443" lon="18.28786"><time>2026-07-30T07:37:59Z</time></trkpt><trkpt lat="49.80447" lon="18.28768"><time>2026-07-30T07:38:00Z</time></trkpt><trkpt lat="49.80451" lon="18.28751"><time>2026-07-30T07:38:01Z</time></trkpt><trkpt lat="49.80455" lon="18.28733"><time>2026-07-30T07:38:02Z</time></trkpt><trkpt lat="49.8046" lon="18.28715"><time>2026-07-30T07:38:03Z</time></trkpt><trkpt lat="49.80464" lon="18.28696"><time>2026-07-30T07:38:04Z</time></trkpt><trkpt lat="49.80469" lon="18.28676"><time>2026-07-30T07:38:05Z</time></trkpt><trkpt lat="49.80474" lon="18.28655"><time>2026-07-30T07:38:06Z</time></trkpt><trkpt lat="49.80479" lon="18.28634"><time>2026-07-30T07:38:07Z</time></trkpt><trkpt lat="49.80485" lon="18.28611"><time>2026-07-30T07:38:08Z</time></trkpt><trkpt lat="49.8049" lon="18.2859"><time>2026-07-30T07:38:09Z</time></trkpt><trkpt lat="49.80495" lon="18.28569"><time>2026-07-30T07:38:10Z</time></trkpt><trkpt lat="49.80501" lon="18.28549"><time>2026-07-30T07:38:11Z</time></trkpt><trkpt lat="49.80506" lon="18.28529"><time>2026-07-30T07:38:12Z</time></trkpt><trkpt lat="49.80511" lon="18.28509"><time>2026-07-30T07:38:13Z</time></trkpt><trkpt lat="49.80516" lon="18.28489"><time>2026-07-30T07:38:14Z</time></trkpt><trkpt lat="49.8052" lon="18.2847"><time>2026-07-30T07:38:15Z</time></trkpt><trkpt lat="49.80525" lon="18.28451"><time>2026-07-30T07:38:16Z</time></trkpt><trkpt lat="49.8053" lon="18.28432"><time>2026-07-30T07:38:17Z</time></trkpt><trkpt lat="49.80535" lon="18.28414"><time>2026-07-30T07:38:18Z</time></trkpt><trkpt lat="49.8054" lon="18.28396"><time>2026-07-30T07:38:19Z</time></trkpt><trkpt lat="49.80545" lon="18.28376"><time>2026-07-30T07:38:20Z</time></trkpt><trkpt lat="49.8055" lon="18.28356"><time>2026-07-30T07:38:21Z</time></trkpt><trkpt lat="49.80555" lon="18.28337"><time>2026-07-30T07:38:22Z</time></trkpt><trkpt lat="49.8056" lon="18.28318"><time>2026-07-30T07:38:23Z</time></trkpt><trkpt lat="49.80565" lon="18.28299"><time>2026-07-30T07:38:24Z</time></trkpt><trkpt lat="49.8057" lon="18.2828"><time>2026-07-30T07:38:25Z</time></trkpt><trkpt lat="49.80575" lon="18.28261"><time>2026-07-30T07:38:26Z</time></trkpt><trkpt lat="49.80579" lon="18.28243"><time>2026-07-30T07:38:27Z</time></trkpt><trkpt lat="49.80584" lon="18.28225"><time>2026-07-30T07:38:28Z</time></trkpt><trkpt lat="49.80588" lon="18.28207"><time>2026-07-30T07:38:29Z</time></trkpt><trkpt lat="49.80593" lon="18.2819"><time>2026-07-30T07:38:30Z</time></trkpt><trkpt lat="49.80597" lon="18.28172"><time>2026-07-30T07:38:31Z</time></trkpt><trkpt lat="49.80602" lon="18.28153"><time>2026-07-30T07:38:32Z</time></trkpt><trkpt lat="49.80607" lon="18.28135"><time>2026-07-30T07:38:33Z</time></trkpt><trkpt lat="49.80612" lon="18.28115"><time>2026-07-30T07:38:34Z</time></trkpt><trkpt lat="49.80617" lon="18.28095"><time>2026-07-30T07:38:35Z</time></trkpt><trkpt lat="49.80622" lon="18.28075"><time>2026-07-30T07:38:36Z</time></trkpt><trkpt lat="49.80627" lon="18.28055"><time>2026-07-30T07:38:37Z</time></trkpt><trkpt lat="49.80632" lon="18.28035"><time>2026-07-30T07:38:38Z</time></trkpt><trkpt lat="49.80637" lon="18.28015"><time>2026-07-30T07:38:39Z</time></trkpt><trkpt lat="49.80641" lon="18.27995"><time>2026-07-30T07:38:40Z</time></trkpt><trkpt lat="49.80645" lon="18.27975"><time>2026-07-30T07:38:41Z</time></trkpt><trkpt lat="49.80649" lon="18.27958"><time>2026-07-30T07:38:42Z</time></trkpt><trkpt lat="49.80653" lon="18.2794"><time>2026-07-30T07:38:43Z</time></trkpt><trkpt lat="49.80657" lon="18.27923"><time>2026-07-30T07:38:44Z</time></trkpt><trkpt lat="49.80661" lon="18.27905"><time>2026-07-30T07:38:45Z</time></trkpt><trkpt lat="49.80665" lon="18.27887"><time>2026-07-30T07:38:46Z</time></trkpt><trkpt lat="49.80668" lon="18.27869"><time>2026-07-30T07:38:47Z</time></trkpt><trkpt lat="49.80672" lon="18.27852"><time>2026-07-30T07:38:48Z</time></trkpt><trkpt lat="49.80677" lon="18.27834"><time>2026-07-30T07:38:49Z</time></trkpt><trkpt lat="49.80681" lon="18.27815"><time>2026-07-30T07:38:50Z</time></trkpt><trkpt lat="49.80685" lon="18.27796"><time>2026-07-30T07:38:51Z</time></trkpt><trkpt lat="49.80689" lon="18.27779"><time>2026-07-30T07:38:52Z</time></trkpt><trkpt lat="49.80693" lon="18.27761"><time>2026-07-30T07:38:53Z</time></trkpt><trkpt lat="49.80697" lon="18.27742"><time>2026-07-30T07:38:54Z</time></trkpt><trkpt lat="49.807" lon="18.27724"><time>2026-07-30T07:38:55Z</time></trkpt><trkpt lat="49.80704" lon="18.27705"><time>2026-07-30T07:38:56Z</time></trkpt><trkpt lat="49.80708" lon="18.27689"><time>2026-07-30T07:38:57Z</time></trkpt><trkpt lat="49.80712" lon="18.2767"><time>2026-07-30T07:38:58Z</time></trkpt><trkpt lat="49.80715" lon="18.27651"><time>2026-07-30T07:38:59Z</time></trkpt><trkpt lat="49.80718" lon="18.27632"><time>2026-07-30T07:39:00Z</time></trkpt><trkpt lat="49.80721" lon="18.27614"><time>2026-07-30T07:39:01Z</time></trkpt><trkpt lat="49.80724" lon="18.27595"><time>2026-07-30T07:39:02Z</time></trkpt><trkpt lat="49.80726" lon="18.27576"><time>2026-07-30T07:39:03Z</time></trkpt><trkpt lat="49.80729" lon="18.27557"><time>2026-07-30T07:39:04Z</time></trkpt><trkpt lat="49.80732" lon="18.27537"><time>2026-07-30T07:39:05Z</time></trkpt><trkpt lat="49.80734" lon="18.27517"><time>2026-07-30T07:39:06Z</time></trkpt><trkpt lat="49.80737" lon="18.275"><time>2026-07-30T07:39:07Z</time></trkpt><trkpt lat="49.80739" lon="18.27482"><time>2026-07-30T07:39:08Z</time></trkpt><trkpt lat="49.80741" lon="18.27466"><time>2026-07-30T07:39:09Z</time></trkpt><trkpt lat="49.80743" lon="18.27451"><time>2026-07-30T07:39:10Z</time></trkpt><trkpt lat="49.80745" lon="18.27437"><time>2026-07-30T07:39:11Z</time></trkpt><trkpt lat="49.80747" lon="18.27421"><time>2026-07-30T07:39:12Z</time></trkpt><trkpt lat="49.80749" lon="18.27406"><time>2026-07-30T07:39:13Z</time></trkpt><trkpt lat="49.80751" lon="18.27391"><time>2026-07-30T07:39:14Z</time></trkpt><trkpt lat="49.80751" lon="18.27375"><time>2026-07-30T07:39:15Z</time></trkpt><trkpt lat="49.80752" lon="18.27359"><time>2026-07-30T07:39:16Z</time></trkpt><trkpt lat="49.80752" lon="18.27343"><time>2026-07-30T07:39:17Z</time></trkpt><trkpt lat="49.80752" lon="18.27327"><time>2026-07-30T07:39:18Z</time></trkpt><trkpt lat="49.80751" lon="18.27309"><time>2026-07-30T07:39:19Z</time></trkpt><trkpt lat="49.80751" lon="18.27289"><time>2026-07-30T07:39:20Z</time></trkpt><trkpt lat="49.8075" lon="18.27269"><time>2026-07-30T07:39:21Z</time></trkpt><trkpt lat="49.8075" lon="18.27249"><time>2026-07-30T07:39:22Z</time></trkpt><trkpt lat="49.80749" lon="18.27228"><time>2026-07-30T07:39:23Z</time></trkpt><trkpt lat="49.80748" lon="18.27208"><time>2026-07-30T07:39:24Z</time></trkpt><trkpt lat="49.80746" lon="18.2719"><time>2026-07-30T07:39:25Z</time></trkpt><trkpt lat="49.80745" lon="18.27172"><time>2026-07-30T07:39:26Z</time></trkpt><trkpt lat="49.80743" lon="18.27154"><time>2026-07-30T07:39:27Z</time></trkpt><trkpt lat="49.80741" lon="18.27139"><time>2026-07-30T07:39:28Z</time></trkpt><trkpt lat="49.8074" lon="18.27125"><time>2026-07-30T07:39:29Z</time></trkpt><trkpt lat="49.80738" lon="18.27113"><time>2026-07-30T07:39:30Z</time></trkpt><trkpt lat="49.80737" lon="18.27104"><time>2026-07-30T07:39:31Z</time></trkpt><trkpt lat="49.80736" lon="18.27098"><time>2026-07-30T07:39:32Z</time></trkpt><trkpt lat="49.80735" lon="18.27092"><time>2026-07-30T07:39:33Z</time></trkpt><trkpt lat="49.80735" lon="18.27087"><time>2026-07-30T07:39:34Z</time></trkpt><trkpt lat="49.80734" lon="18.27084"><time>2026-07-30T07:39:35Z</time></trkpt><trkpt lat="49.80734" lon="18.27081"><time>2026-07-30T07:39:36Z</time></trkpt><trkpt lat="49.80734" lon="18.2708"><time>2026-07-30T07:39:37Z</time></trkpt><trkpt lat="49.80732" lon="18.27075"><time>2026-07-30T07:40:28Z</time></trkpt><trkpt lat="49.8073" lon="18.27067"><time>2026-07-30T07:40:29Z</time></trkpt><trkpt lat="49.80728" lon="18.27051"><time>2026-07-30T07:40:30Z</time></trkpt><trkpt lat="49.80725" lon="18.27038"><time>2026-07-30T07:40:31Z</time></trkpt><trkpt lat="49.80722" lon="18.27022"><time>2026-07-30T07:40:32Z</time></trkpt><trkpt lat="49.80718" lon="18.27005"><time>2026-07-30T07:40:33Z</time></trkpt><trkpt lat="49.80713" lon="18.26986"><time>2026-07-30T07:40:34Z</time></trkpt><trkpt lat="49.80709" lon="18.26968"><time>2026-07-30T07:40:35Z</time></trkpt><trkpt lat="49.80704" lon="18.26948"><time>2026-07-30T07:40:36Z</time></trkpt><trkpt lat="49.80698" lon="18.26928"><time>2026-07-30T07:40:37Z</time></trkpt><trkpt lat="49.80692" lon="18.26908"><time>2026-07-30T07:40:38Z</time></trkpt><trkpt lat="49.80687" lon="18.26888"><time>2026-07-30T07:40:39Z</time></trkpt><trkpt lat="49.80681" lon="18.26869"><time>2026-07-30T07:40:40Z</time></trkpt><trkpt lat="49.80675" lon="18.26849"><time>2026-07-30T07:40:41Z</time></trkpt><trkpt lat="49.80669" lon="18.2683"><time>2026-07-30T07:40:42Z</time></trkpt><trkpt lat="49.80664" lon="18.26811"><time>2026-07-30T07:40:43Z</time></trkpt><trkpt lat="49.80658" lon="18.26793"><time>2026-07-30T07:40:44Z</time></trkpt><trkpt lat="49.80652" lon="18.26775"><time>2026-07-30T07:40:45Z</time></trkpt><trkpt lat="49.80646" lon="18.26757"><time>2026-07-30T07:40:46Z</time></trkpt><trkpt lat="49.80639" lon="18.26739"><time>2026-07-30T07:40:47Z</time></trkpt><trkpt lat="49.80633" lon="18.26721"><time>2026-07-30T07:40:48Z</time></trkpt><trkpt lat="49.80627" lon="18.26703"><time>2026-07-30T07:40:49Z</time></trkpt><trkpt lat="49.8062" lon="18.26684"><time>2026-07-30T07:40:50Z</time></trkpt><trkpt lat="49.80613" lon="18.26667"><time>2026-07-30T07:40:51Z</time></trkpt><trkpt lat="49.80606" lon="18.26649"><time>2026-07-30T07:40:52Z</time></trkpt><trkpt lat="49.80599" lon="18.26632"><time>2026-07-30T07:40:53Z</time></trkpt><trkpt lat="49.80592" lon="18.26614"><time>2026-07-30T07:40:54Z</time></trkpt><trkpt lat="49.80584" lon="18.26597"><time>2026-07-30T07:40:55Z</time></trkpt><trkpt lat="49.80577" lon="18.26579"><time>2026-07-30T07:40:56Z</time></trkpt><trkpt lat="49.80569" lon="18.26562"><time>2026-07-30T07:40:57Z</time></trkpt><trkpt lat="49.8056" lon="18.26545"><time>2026-07-30T07:40:58Z</time></trkpt><trkpt lat="49.80553" lon="18.26528"><time>2026-07-30T07:40:59Z</time></trkpt><trkpt lat="49.80545" lon="18.26513"><time>2026-07-30T07:41:00Z</time></trkpt><trkpt lat="49.80537" lon="18.26495"><time>2026-07-30T07:41:01Z</time></trkpt><trkpt lat="49.80529" lon="18.26478"><time>2026-07-30T07:41:02Z</time></trkpt><trkpt lat="49.80521" lon="18.26461"><time>2026-07-30T07:41:03Z</time></trkpt><trkpt lat="49.80513" lon="18.26443"><time>2026-07-30T07:41:04Z</time></trkpt><trkpt lat="49.80505" lon="18.26426"><time>2026-07-30T07:41:05Z</time></trkpt><trkpt lat="49.80497" lon="18.26409"><time>2026-07-30T07:41:06Z</time></trkpt><trkpt lat="49.80489" lon="18.26392"><time>2026-07-30T07:41:07Z</time></trkpt><trkpt lat="49.80481" lon="18.26374"><time>2026-07-30T07:41:08Z</time></trkpt><trkpt lat="49.80473" lon="18.26357"><time>2026-07-30T07:41:09Z</time></trkpt><trkpt lat="49.80465" lon="18.26341"><time>2026-07-30T07:41:10Z</time></trkpt><trkpt lat="49.80457" lon="18.26324"><time>2026-07-30T07:41:11Z</time></trkpt><trkpt lat="49.8045" lon="18.26307"><time>2026-07-30T07:41:12Z</time></trkpt><trkpt lat="49.80443" lon="18.26292"><time>2026-07-30T07:41:13Z</time></trkpt><trkpt lat="49.80435" lon="18.26276"><time>2026-07-30T07:41:14Z</time></trkpt><trkpt lat="49.80427" lon="18.26259"><time>2026-07-30T07:41:15Z</time></trkpt><trkpt lat="49.80419" lon="18.26242"><time>2026-07-30T07:41:16Z</time></trkpt><trkpt lat="49.80411" lon="18.26225"><time>2026-07-30T07:41:17Z</time></trkpt><trkpt lat="49.80402" lon="18.26208"><time>2026-07-30T07:41:18Z</time></trkpt><trkpt lat="49.80394" lon="18.2619"><time>2026-07-30T07:41:19Z</time></trkpt><trkpt lat="49.80385" lon="18.26172"><time>2026-07-30T07:41:20Z</time></trkpt><trkpt lat="49.80377" lon="18.26153"><time>2026-07-30T07:41:21Z</time></trkpt><trkpt lat="49.80368" lon="18.26134"><time>2026-07-30T07:41:22Z</time></trkpt><trkpt lat="49.8036" lon="18.26115"><time>2026-07-30T07:41:23Z</time></trkpt><trkpt lat="49.80352" lon="18.26097"><time>2026-07-30T07:41:24Z</time></trkpt><trkpt lat="49.80344" lon="18.26079"><time>2026-07-30T07:41:25Z</time></trkpt><trkpt lat="49.80336" lon="18.2606"><time>2026-07-30T07:41:26Z</time></trkpt><trkpt lat="49.80328" lon="18.26042"><time>2026-07-30T07:41:27Z</time></trkpt><trkpt lat="49.8032" lon="18.26024"><time>2026-07-30T07:41:28Z</time></trkpt><trkpt lat="49.80312" lon="18.26008"><time>2026-07-30T07:41:29Z</time></trkpt><trkpt lat="49.80305" lon="18.25991"><time>2026-07-30T07:41:30Z</time></trkpt><trkpt lat="49.80298" lon="18.25975"><time>2026-07-30T07:41:31Z</time></trkpt><trkpt lat="49.80291" lon="18.25961"><time>2026-07-30T07:41:32Z</time></trkpt><trkpt lat="49.80284" lon="18.25946"><time>2026-07-30T07:41:33Z</time></trkpt><trkpt lat="49.80278" lon="18.25932"><time>2026-07-30T07:41:34Z</time></trkpt><trkpt lat="49.80272" lon="18.25916"><time>2026-07-30T07:41:35Z</time></trkpt><trkpt lat="49.80266" lon="18.25901"><time>2026-07-30T07:41:36Z</time></trkpt><trkpt lat="49.80261" lon="18.25887"><time>2026-07-30T07:41:37Z</time></trkpt><trkpt lat="49.80256" lon="18.25873"><time>2026-07-30T07:41:38Z</time></trkpt><trkpt lat="49.80251" lon="18.25859"><time>2026-07-30T07:41:39Z</time></trkpt><trkpt lat="49.80246" lon="18.25848"><time>2026-07-30T07:41:40Z</time></trkpt><trkpt lat="49.80242" lon="18.25836"><time>2026-07-30T07:41:41Z</time></trkpt><trkpt lat="49.80238" lon="18.25827"><time>2026-07-30T07:41:42Z</time></trkpt><trkpt lat="49.80235" lon="18.2582"><time>2026-07-30T07:41:43Z</time></trkpt><trkpt lat="49.80233" lon="18.25814"><time>2026-07-30T07:41:44Z</time></trkpt><trkpt lat="49.80231" lon="18.25809"><time>2026-07-30T07:41:45Z</time></trkpt><trkpt lat="49.80229" lon="18.25806"><time>2026-07-30T07:41:46Z</time></trkpt><trkpt lat="49.80229" lon="18.25803"><time>2026-07-30T07:41:47Z</time></trkpt><trkpt lat="49.80228" lon="18.25801"><time>2026-07-30T07:41:48Z</time></trkpt><trkpt lat="49.80228" lon="18.258"><time>2026-07-30T07:41:49Z</time></trkpt><trkpt lat="49.80226" lon="18.25797"><time>2026-07-30T07:41:57Z</time></trkpt><trkpt lat="49.80223" lon="18.25789"><time>2026-07-30T07:41:58Z</time></trkpt><trkpt lat="49.80219" lon="18.2578"><time>2026-07-30T07:41:59Z</time></trkpt><trkpt lat="49.80215" lon="18.2577"><time>2026-07-30T07:42:00Z</time></trkpt><trkpt lat="49.8021" lon="18.25758"><time>2026-07-30T07:42:01Z</time></trkpt><trkpt lat="49.80205" lon="18.25745"><time>2026-07-30T07:42:02Z</time></trkpt><trkpt lat="49.80199" lon="18.2573"><time>2026-07-30T07:42:03Z</time></trkpt><trkpt lat="49.80193" lon="18.25713"><time>2026-07-30T07:42:04Z</time></trkpt><trkpt lat="49.80185" lon="18.25696"><time>2026-07-30T07:42:05Z</time></trkpt><trkpt lat="49.80178" lon="18.25678"><time>2026-07-30T07:42:06Z</time></trkpt><trkpt lat="49.80171" lon="18.25661"><time>2026-07-30T07:42:07Z</time></trkpt><trkpt lat="49.80164" lon="18.25643"><time>2026-07-30T07:42:08Z</time></trkpt><trkpt lat="49.80157" lon="18.25625"><time>2026-07-30T07:42:09Z</time></trkpt><trkpt lat="49.8015" lon="18.25607"><time>2026-07-30T07:42:10Z</time></trkpt><trkpt lat="49.80144" lon="18.25589"><time>2026-07-30T07:42:11Z</time></trkpt><trkpt lat="49.80138" lon="18.25573"><time>2026-07-30T07:42:12Z</time></trkpt><trkpt lat="49.80131" lon="18.25557"><time>2026-07-30T07:42:13Z</time></trkpt><trkpt lat="49.80125" lon="18.25541"><time>2026-07-30T07:42:14Z</time></trkpt><trkpt lat="49.80119" lon="18.25525"><time>2026-07-30T07:42:15Z</time></trkpt><trkpt lat="49.80112" lon="18.25508"><time>2026-07-30T07:42:16Z</time></trkpt><trkpt lat="49.80105" lon="18.25491"><time>2026-07-30T07:42:17Z</time></trkpt><trkpt lat="49.80098" lon="18.25473"><time>2026-07-30T07:42:18Z</time></trkpt><trkpt lat="49.80091" lon="18.25456"><time>2026-07-30T07:42:19Z</time></trkpt><trkpt lat="49.80084" lon="18.25438"><time>2026-07-30T07:42:20Z</time></trkpt><trkpt lat="49.80077" lon="18.25421"><time>2026-07-30T07:42:21Z</time></trkpt><trkpt lat="49.8007" lon="18.25403"><time>2026-07-30T07:42:22Z</time></trkpt><trkpt lat="49.80063" lon="18.25386"><time>2026-07-30T07:42:23Z</time></trkpt><trkpt lat="49.80057" lon="18.25368"><time>2026-07-30T07:42:24Z</time></trkpt><trkpt lat="49.80049" lon="18.25351"><time>2026-07-30T07:42:25Z</time></trkpt><trkpt lat="49.80042" lon="18.25333"><time>2026-07-30T07:42:26Z</time></trkpt><trkpt lat="49.80035" lon="18.25315"><time>2026-07-30T07:42:27Z</time></trkpt><trkpt lat="49.80028" lon="18.25297"><time>2026-07-30T07:42:28Z</time></trkpt><trkpt lat="49.8002" lon="18.25279"><time>2026-07-30T07:42:29Z</time></trkpt><trkpt lat="49.80013" lon="18.25261"><time>2026-07-30T07:42:30Z</time></trkpt><trkpt lat="49.80006" lon="18.25243"><time>2026-07-30T07:42:31Z</time></trkpt><trkpt lat="49.79999" lon="18.25226"><time>2026-07-30T07:42:32Z</time></trkpt><trkpt lat="49.79992" lon="18.25209"><time>2026-07-30T07:42:33Z</time></trkpt><trkpt lat="49.79985" lon="18.25192"><time>2026-07-30T07:42:34Z</time></trkpt><trkpt lat="49.79979" lon="18.25176"><time>2026-07-30T07:42:35Z</time></trkpt><trkpt lat="49.79972" lon="18.25158"><time>2026-07-30T07:42:36Z</time></trkpt><trkpt lat="49.79965" lon="18.25141"><time>2026-07-30T07:42:37Z</time></trkpt><trkpt lat="49.79958" lon="18.25124"><time>2026-07-30T07:42:38Z</time></trkpt><trkpt lat="49.79951" lon="18.25105"><time>2026-07-30T07:42:39Z</time></trkpt><trkpt lat="49.79944" lon="18.25088"><time>2026-07-30T07:42:40Z</time></trkpt><trkpt lat="49.79937" lon="18.25069"><time>2026-07-30T07:42:41Z</time></trkpt><trkpt lat="49.7993" lon="18.2505"><time>2026-07-30T07:42:42Z</time></trkpt><trkpt lat="49.79923" lon="18.2503"><time>2026-07-30T07:42:43Z</time></trkpt><trkpt lat="49.79917" lon="18.25012"><time>2026-07-30T07:42:44Z</time></trkpt><trkpt lat="49.7991" lon="18.24992"><time>2026-07-30T07:42:45Z</time></trkpt><trkpt lat="49.79903" lon="18.24972"><time>2026-07-30T07:42:46Z</time></trkpt><trkpt lat="49.79897" lon="18.24951"><time>2026-07-30T07:42:47Z</time></trkpt><trkpt lat="49.79891" lon="18.24931"><time>2026-07-30T07:42:48Z</time></trkpt><trkpt lat="49.79885" lon="18.2491"><time>2026-07-30T07:42:49Z</time></trkpt><trkpt lat="49.7988" lon="18.24889"><time>2026-07-30T07:42:50Z</time></trkpt><trkpt lat="49.79875" lon="18.24868"><time>2026-07-30T07:42:51Z</time></trkpt><trkpt lat="49.7987" lon="18.24846"><time>2026-07-30T07:42:52Z</time></trkpt><trkpt lat="49.79865" lon="18.24824"><time>2026-07-30T07:42:53Z</time></trkpt><trkpt lat="49.7986" lon="18.24802"><time>2026-07-30T07:42:54Z</time></trkpt><trkpt lat="49.79856" lon="18.2478"><time>2026-07-30T07:42:55Z</time></trkpt><trkpt lat="49.79852" lon="18.24758"><time>2026-07-30T07:42:56Z</time></trkpt><trkpt lat="49.79847" lon="18.24731"><time>2026-07-30T07:42:57Z</time></trkpt><trkpt lat="49.79843" lon="18.24705"><time>2026-07-30T07:42:58Z</time></trkpt><trkpt lat="49.79839" lon="18.24677"><time>2026-07-30T07:42:59Z</time></trkpt><trkpt lat="49.79836" lon="18.24647"><time>2026-07-30T07:43:00Z</time></trkpt><trkpt lat="49.79832" lon="18.24616"><time>2026-07-30T07:43:01Z</time></trkpt><trkpt lat="49.79829" lon="18.24586"><time>2026-07-30T07:43:02Z</time></trkpt><trkpt lat="49.79826" lon="18.24554"><time>2026-07-30T07:43:03Z</time></trkpt><trkpt lat="49.79823" lon="18.24523"><time>2026-07-30T07:43:04Z</time></trkpt><trkpt lat="49.7982" lon="18.2449"><time>2026-07-30T07:43:05Z</time></trkpt><trkpt lat="49.79817" lon="18.24457"><time>2026-07-30T07:43:06Z</time></trkpt><trkpt lat="49.79814" lon="18.24424"><time>2026-07-30T07:43:07Z</time></trkpt><trkpt lat="49.7981" lon="18.24392"><time>2026-07-30T07:43:08Z</time></trkpt><trkpt lat="49.79807" lon="18.24361"><time>2026-07-30T07:43:09Z</time></trkpt><trkpt lat="49.79804" lon="18.24329"><time>2026-07-30T07:43:10Z</time></trkpt><trkpt lat="49.79801" lon="18.24297"><time>2026-07-30T07:43:11Z</time></trkpt><trkpt lat="49.79798" lon="18.24265"><time>2026-07-30T07:43:12Z</time></trkpt><trkpt lat="49.79795" lon="18.24233"><time>2026-07-30T07:43:13Z</time></trkpt><trkpt lat="49.79791" lon="18.24201"><time>2026-07-30T07:43:14Z</time></trkpt><trkpt lat="49.79789" lon="18.2417"><time>2026-07-30T07:43:15Z</time></trkpt><trkpt lat="49.79785" lon="18.24138"><time>2026-07-30T07:43:16Z</time></trkpt><trkpt lat="49.79782" lon="18.24107"><time>2026-07-30T07:43:17Z</time></trkpt><trkpt lat="49.79779" lon="18.24074"><time>2026-07-30T07:43:18Z</time></trkpt><trkpt lat="49.79776" lon="18.24042"><time>2026-07-30T07:43:19Z</time></trkpt><trkpt lat="49.79773" lon="18.24009"><time>2026-07-30T07:43:20Z</time></trkpt><trkpt lat="49.7977" lon="18.23977"><time>2026-07-30T07:43:21Z</time></trkpt><trkpt lat="49.79767" lon="18.23945"><time>2026-07-30T07:43:22Z</time></trkpt><trkpt lat="49.79764" lon="18.23914"><time>2026-07-30T07:43:23Z</time></trkpt><trkpt lat="49.79761" lon="18.23883"><time>2026-07-30T07:43:24Z</time></trkpt><trkpt lat="49.79758" lon="18.23854"><time>2026-07-30T07:43:25Z</time></trkpt><trkpt lat="49.79755" lon="18.23825"><time>2026-07-30T07:43:26Z</time></trkpt><trkpt lat="49.79753" lon="18.23796"><time>2026-07-30T07:43:27Z</time></trkpt><trkpt lat="49.7975" lon="18.23768"><time>2026-07-30T07:43:28Z</time></trkpt><trkpt lat="49.79747" lon="18.23738"><time>2026-07-30T07:43:29Z</time></trkpt><trkpt lat="49.79744" lon="18.23709"><time>2026-07-30T07:43:30Z</time></trkpt><trkpt lat="49.79741" lon="18.23678"><time>2026-07-30T07:43:31Z</time></trkpt><trkpt lat="49.79738" lon="18.23648"><time>2026-07-30T07:43:32Z</time></trkpt><trkpt lat="49.79736" lon="18.23617"><time>2026-07-30T07:43:33Z</time></trkpt><trkpt lat="49.79733" lon="18.23586"><time>2026-07-30T07:43:34Z</time></trkpt><trkpt lat="49.79731" lon="18.23555"><time>2026-07-30T07:43:35Z</time></trkpt><trkpt lat="49.79729" lon="18.23522"><time>2026-07-30T07:43:36Z</time></trkpt><trkpt lat="49.79727" lon="18.2349"><time>2026-07-30T07:43:37Z</time></trkpt><trkpt lat="49.79726" lon="18.23457"><time>2026-07-30T07:43:38Z</time></trkpt><trkpt lat="49.79725" lon="18.23424"><time>2026-07-30T07:43:39Z</time></trkpt><trkpt lat="49.79724" lon="18.23391"><time>2026-07-30T07:43:40Z</time></trkpt><trkpt lat="49.79724" lon="18.23357"><time>2026-07-30T07:43:41Z</time></trkpt><trkpt lat="49.79723" lon="18.23324"><time>2026-07-30T07:43:42Z</time></trkpt><trkpt lat="49.79724" lon="18.2329"><time>2026-07-30T07:43:43Z</time></trkpt><trkpt lat="49.79724" lon="18.23256"><time>2026-07-30T07:43:44Z</time></trkpt><trkpt lat="49.79725" lon="18.23222"><time>2026-07-30T07:43:45Z</time></trkpt><trkpt lat="49.79726" lon="18.23188"><time>2026-07-30T07:43:46Z</time></trkpt><trkpt lat="49.79728" lon="18.23154"><time>2026-07-30T07:43:47Z</time></trkpt><trkpt lat="49.7973" lon="18.2312"><time>2026-07-30T07:43:48Z</time></trkpt><trkpt lat="49.79732" lon="18.23086"><time>2026-07-30T07:43:49Z</time></trkpt><trkpt lat="49.79735" lon="18.23053"><time>2026-07-30T07:43:50Z</time></trkpt><trkpt lat="49.79738" lon="18.2302"><time>2026-07-30T07:43:51Z</time></trkpt><trkpt lat="49.79742" lon="18.22987"><time>2026-07-30T07:43:52Z</time></trkpt><trkpt lat="49.79746" lon="18.22954"><time>2026-07-30T07:43:53Z</time></trkpt><trkpt lat="49.7975" lon="18.22921"><time>2026-07-30T07:43:54Z</time></trkpt><trkpt lat="49.79755" lon="18.22889"><time>2026-07-30T07:43:55Z</time></trkpt><trkpt lat="49.7976" lon="18.22857"><time>2026-07-30T07:43:56Z</time></trkpt><trkpt lat="49.79765" lon="18.22824"><time>2026-07-30T07:43:57Z</time></trkpt><trkpt lat="49.7977" lon="18.22791"><time>2026-07-30T07:43:58Z</time></trkpt><trkpt lat="49.79777" lon="18.22759"><time>2026-07-30T07:43:59Z</time></trkpt><trkpt lat="49.79784" lon="18.22727"><time>2026-07-30T07:44:00Z</time></trkpt><trkpt lat="49.79791" lon="18.22694"><time>2026-07-30T07:44:01Z</time></trkpt><trkpt lat="49.79798" lon="18.22662"><time>2026-07-30T07:44:02Z</time></trkpt><trkpt lat="49.79805" lon="18.2263"><time>2026-07-30T07:44:03Z</time></trkpt><trkpt lat="49.79813" lon="18.22598"><time>2026-07-30T07:44:04Z</time></trkpt><trkpt lat="49.79821" lon="18.22566"><time>2026-07-30T07:44:05Z</time></trkpt><trkpt lat="49.7983" lon="18.22535"><time>2026-07-30T07:44:06Z</time></trkpt><trkpt lat="49.7984" lon="18.22504"><time>2026-07-30T07:44:07Z</time></trkpt><trkpt lat="49.7985" lon="18.22473"><time>2026-07-30T07:44:08Z</time></trkpt><trkpt lat="49.7986" lon="18.22442"><time>2026-07-30T07:44:09Z</time></trkpt><trkpt lat="49.7987" lon="18.22412"><time>2026-07-30T07:44:10Z</time></trkpt><trkpt lat="49.79881" lon="18.22381"><time>2026-07-30T07:44:11Z</time></trkpt><trkpt lat="49.79893" lon="18.2235"><time>2026-07-30T07:44:12Z</time></trkpt><trkpt lat="49.79904" lon="18.22322"><time>2026-07-30T07:44:13Z</time></trkpt><trkpt lat="49.79916" lon="18.22292"><time>2026-07-30T07:44:14Z</time></trkpt><trkpt lat="49.79928" lon="18.22262"><time>2026-07-30T07:44:15Z</time></trkpt><trkpt lat="49.79941" lon="18.22233"><time>2026-07-30T07:44:16Z</time></trkpt><trkpt lat="49.79955" lon="18.22203"><time>2026-07-30T07:44:17Z</time></trkpt><trkpt lat="49.79968" lon="18.22174"><time>2026-07-30T07:44:18Z</time></trkpt><trkpt lat="49.79983" lon="18.22145"><time>2026-07-30T07:44:19Z</time></trkpt><trkpt lat="49.79997" lon="18.22116"><time>2026-07-30T07:44:20Z</time></trkpt><trkpt lat="49.80012" lon="18.22088"><time>2026-07-30T07:44:21Z</time></trkpt><trkpt lat="49.80027" lon="18.22061"><time>2026-07-30T07:44:22Z</time></trkpt><trkpt lat="49.80042" lon="18.22035"><time>2026-07-30T07:44:23Z</time></trkpt><trkpt lat="49.80057" lon="18.2201"><time>2026-07-30T07:44:24Z</time></trkpt><trkpt lat="49.80072" lon="18.21985"><time>2026-07-30T07:44:25Z</time></trkpt><trkpt lat="49.80088" lon="18.21961"><time>2026-07-30T07:44:26Z</time></trkpt><trkpt lat="49.80103" lon="18.21938"><time>2026-07-30T07:44:27Z</time></trkpt><trkpt lat="49.80119" lon="18.21914"><time>2026-07-30T07:44:28Z</time></trkpt><trkpt lat="49.80135" lon="18.21891"><time>2026-07-30T07:44:29Z</time></trkpt><trkpt lat="49.80151" lon="18.21868"><time>2026-07-30T07:44:30Z</time></trkpt><trkpt lat="49.80167" lon="18.21846"><time>2026-07-30T07:44:31Z</time></trkpt><trkpt lat="49.80184" lon="18.21823"><time>2026-07-30T07:44:32Z</time></trkpt><trkpt lat="49.80202" lon="18.218"><time>2026-07-30T07:44:33Z</time></trkpt><trkpt lat="49.80219" lon="18.21777"><time>2026-07-30T07:44:34Z</time></trkpt><trkpt lat="49.80237" lon="18.21756"><time>2026-07-30T07:44:35Z</time></trkpt><trkpt lat="49.80255" lon="18.21733"><time>2026-07-30T07:44:36Z</time></trkpt><trkpt lat="49.80272" lon="18.21711"><time>2026-07-30T07:44:37Z</time></trkpt><trkpt lat="49.8029" lon="18.21687"><time>2026-07-30T07:44:38Z</time></trkpt><trkpt lat="49.80308" lon="18.21664"><time>2026-07-30T07:44:39Z</time></trkpt><trkpt lat="49.80326" lon="18.21641"><time>2026-07-30T07:44:40Z</time></trkpt><trkpt lat="49.80344" lon="18.21618"><time>2026-07-30T07:44:41Z</time></trkpt><trkpt lat="49.80361" lon="18.21596"><time>2026-07-30T07:44:42Z</time></trkpt><trkpt lat="49.80379" lon="18.21574"><time>2026-07-30T07:44:43Z</time></trkpt><trkpt lat="49.80395" lon="18.21552"><time>2026-07-30T07:44:44Z</time></trkpt><trkpt lat="49.80412" lon="18.2153"><time>2026-07-30T07:44:45Z</time></trkpt><trkpt lat="49.80429" lon="18.21508"><time>2026-07-30T07:44:46Z</time></trkpt><trkpt lat="49.80446" lon="18.21486"><time>2026-07-30T07:44:47Z</time></trkpt><trkpt lat="49.80462" lon="18.21464"><time>2026-07-30T07:44:48Z</time></trkpt><trkpt lat="49.80479" lon="18.21442"><time>2026-07-30T07:44:49Z</time></trkpt><trkpt lat="49.80496" lon="18.2142"><time>2026-07-30T07:44:50Z</time></trkpt><trkpt lat="49.80513" lon="18.21399"><time>2026-07-30T07:44:51Z</time></trkpt><trkpt lat="49.8053" lon="18.21377"><time>2026-07-30T07:44:52Z</time></trkpt><trkpt lat="49.80547" lon="18.21356"><time>2026-07-30T07:44:53Z</time></trkpt><trkpt lat="49.80565" lon="18.21333"><time>2026-07-30T07:44:54Z</time></trkpt><trkpt lat="49.80582" lon="18.2131"><time>2026-07-30T07:44:55Z</time></trkpt><trkpt lat="49.806" lon="18.21286"><time>2026-07-30T07:44:56Z</time></trkpt><trkpt lat="49.80617" lon="18.21263"><time>2026-07-30T07:44:57Z</time></trkpt><trkpt lat="49.80635" lon="18.2124"><time>2026-07-30T07:44:58Z</time></trkpt><trkpt lat="49.80652" lon="18.21216"><time>2026-07-30T07:44:59Z</time></trkpt><trkpt lat="49.80671" lon="18.21192"><time>2026-07-30T07:45:00Z</time></trkpt><trkpt lat="49.80688" lon="18.21168"><time>2026-07-30T07:45:01Z</time></trkpt><trkpt lat="49.80705" lon="18.21145"><time>2026-07-30T07:45:02Z</time></trkpt><trkpt lat="49.80723" lon="18.21121"><time>2026-07-30T07:45:03Z</time></trkpt><trkpt lat="49.80739" lon="18.21096"><time>2026-07-30T07:45:04Z</time></trkpt><trkpt lat="49.80756" lon="18.21072"><time>2026-07-30T07:45:05Z</time></trkpt><trkpt lat="49.80773" lon="18.21047"><time>2026-07-30T07:45:06Z</time></trkpt><trkpt lat="49.80789" lon="18.21023"><time>2026-07-30T07:45:07Z</time></trkpt><trkpt lat="49.80804" lon="18.20998"><time>2026-07-30T07:45:08Z</time></trkpt><trkpt lat="49.80819" lon="18.20973"><time>2026-07-30T07:45:09Z</time></trkpt><trkpt lat="49.80835" lon="18.20947"><time>2026-07-30T07:45:10Z</time></trkpt><trkpt lat="49.80849" lon="18.20922"><time>2026-07-30T07:45:11Z</time></trkpt><trkpt lat="49.80864" lon="18.20894"><time>2026-07-30T07:45:12Z</time></trkpt><trkpt lat="49.80879" lon="18.20867"><time>2026-07-30T07:45:13Z</time></trkpt><trkpt lat="49.80894" lon="18.2084"><time>2026-07-30T07:45:14Z</time></trkpt><trkpt lat="49.80909" lon="18.20812"><time>2026-07-30T07:45:15Z</time></trkpt><trkpt lat="49.80924" lon="18.20785"><time>2026-07-30T07:45:16Z</time></trkpt><trkpt lat="49.8094" lon="18.20757"><time>2026-07-30T07:45:17Z</time></trkpt><trkpt lat="49.80955" lon="18.2073"><time>2026-07-30T07:45:19Z</time></trkpt><trkpt lat="49.8097" lon="18.20703"><time>2026-07-30T07:45:19Z</time></trkpt><trkpt lat="49.80985" lon="18.20676"><time>2026-07-30T07:45:20Z</time></trkpt><trkpt lat="49.81" lon="18.20649"><time>2026-07-30T07:45:21Z</time></trkpt><trkpt lat="49.81015" lon="18.20622"><time>2026-07-30T07:45:22Z</time></trkpt><trkpt lat="49.8103" lon="18.20595"><time>2026-07-30T07:45:23Z</time></trkpt><trkpt lat="49.81044" lon="18.20569"><time>2026-07-30T07:45:24Z</time></trkpt><trkpt lat="49.81057" lon="18.20542"><time>2026-07-30T07:45:25Z</time></trkpt><trkpt lat="49.81069" lon="18.20516"><time>2026-07-30T07:45:26Z</time></trkpt><trkpt lat="49.81082" lon="18.20489"><time>2026-07-30T07:45:27Z</time></trkpt><trkpt lat="49.81093" lon="18.20461"><time>2026-07-30T07:45:28Z</time></trkpt><trkpt lat="49.81105" lon="18.20433"><time>2026-07-30T07:45:29Z</time></trkpt><trkpt lat="49.81116" lon="18.20403"><time>2026-07-30T07:45:30Z</time></trkpt><trkpt lat="49.81127" lon="18.20374"><time>2026-07-30T07:45:31Z</time></trkpt><trkpt lat="49.81137" lon="18.20344"><time>2026-07-30T07:45:32Z</time></trkpt><trkpt lat="49.81146" lon="18.20313"><time>2026-07-30T07:45:33Z</time></trkpt><trkpt lat="49.81156" lon="18.20282"><time>2026-07-30T07:45:34Z</time></trkpt><trkpt lat="49.81164" lon="18.20251"><time>2026-07-30T07:45:35Z</time></trkpt><trkpt lat="49.81172" lon="18.20219"><time>2026-07-30T07:45:36Z</time></trkpt><trkpt lat="49.8118" lon="18.20187"><time>2026-07-30T07:45:37Z</time></trkpt><trkpt lat="49.81186" lon="18.20154"><time>2026-07-30T07:45:38Z</time></trkpt><trkpt lat="49.81193" lon="18.20121"><time>2026-07-30T07:45:39Z</time></trkpt><trkpt lat="49.81198" lon="18.20088"><time>2026-07-30T07:45:40Z</time></trkpt><trkpt lat="49.81203" lon="18.20055"><time>2026-07-30T07:45:41Z</time></trkpt><trkpt lat="49.81207" lon="18.20021"><time>2026-07-30T07:45:42Z</time></trkpt><trkpt lat="49.81211" lon="18.19986"><time>2026-07-30T07:45:43Z</time></trkpt><trkpt lat="49.81214" lon="18.19952"><time>2026-07-30T07:45:44Z</time></trkpt><trkpt lat="49.81217" lon="18.19917"><time>2026-07-30T07:45:45Z</time></trkpt><trkpt lat="49.81219" lon="18.19881"><time>2026-07-30T07:45:46Z</time></trkpt><trkpt lat="49.81221" lon="18.19846"><time>2026-07-30T07:45:47Z</time></trkpt><trkpt lat="49.81223" lon="18.1981"><time>2026-07-30T07:45:48Z</time></trkpt><trkpt lat="49.81225" lon="18.19774"><time>2026-07-30T07:45:49Z</time></trkpt><trkpt lat="49.81227" lon="18.19738"><time>2026-07-30T07:45:50Z</time></trkpt><trkpt lat="49.81229" lon="18.19701"><time>2026-07-30T07:45:51Z</time></trkpt><trkpt lat="49.81231" lon="18.19664"><time>2026-07-30T07:45:52Z</time></trkpt><trkpt lat="49.81233" lon="18.19628"><time>2026-07-30T07:45:53Z</time></trkpt><trkpt lat="49.81235" lon="18.19593"><time>2026-07-30T07:45:54Z</time></trkpt><trkpt lat="49.81237" lon="18.19557"><time>2026-07-30T07:45:55Z</time></trkpt><trkpt lat="49.81239" lon="18.19521"><time>2026-07-30T07:45:56Z</time></trkpt><trkpt lat="49.81241" lon="18.19485"><time>2026-07-30T07:45:57Z</time></trkpt><trkpt lat="49.81243" lon="18.19449"><time>2026-07-30T07:45:58Z</time></trkpt><trkpt lat="49.81245" lon="18.19414"><time>2026-07-30T07:45:59Z</time></trkpt><trkpt lat="49.81247" lon="18.19377"><time>2026-07-30T07:46:00Z</time></trkpt><trkpt lat="49.81249" lon="18.19341"><time>2026-07-30T07:46:01Z</time></trkpt><trkpt lat="49.81251" lon="18.19304"><time>2026-07-30T07:46:02Z</time></trkpt><trkpt lat="49.81253" lon="18.19267"><time>2026-07-30T07:46:03Z</time></trkpt><trkpt lat="49.81255" lon="18.1923"><time>2026-07-30T07:46:04Z</time></trkpt><trkpt lat="49.81258" lon="18.19195"><time>2026-07-30T07:46:05Z</time></trkpt><trkpt lat="49.81261" lon="18.19158"><time>2026-07-30T07:46:06Z</time></trkpt><trkpt lat="49.81264" lon="18.19122"><time>2026-07-30T07:46:07Z</time></trkpt><trkpt lat="49.81267" lon="18.19086"><time>2026-07-30T07:46:08Z</time></trkpt><trkpt lat="49.81271" lon="18.1905"><time>2026-07-30T07:46:09Z</time></trkpt><trkpt lat="49.81275" lon="18.19014"><time>2026-07-30T07:46:10Z</time></trkpt><trkpt lat="49.81281" lon="18.18978"><time>2026-07-30T07:46:11Z</time></trkpt><trkpt lat="49.81286" lon="18.18942"><time>2026-07-30T07:46:12Z</time></trkpt><trkpt lat="49.81292" lon="18.18908"><time>2026-07-30T07:46:13Z</time></trkpt><trkpt lat="49.81298" lon="18.18876"><time>2026-07-30T07:46:14Z</time></trkpt><trkpt lat="49.81304" lon="18.18844"><time>2026-07-30T07:46:15Z</time></trkpt><trkpt lat="49.81311" lon="18.18813"><time>2026-07-30T07:46:16Z</time></trkpt><trkpt lat="49.81318" lon="18.18782"><time>2026-07-30T07:46:17Z</time></trkpt><trkpt lat="49.81326" lon="18.18752"><time>2026-07-30T07:46:18Z</time></trkpt><trkpt lat="49.81335" lon="18.18721"><time>2026-07-30T07:46:19Z</time></trkpt><trkpt lat="49.81345" lon="18.1869"><time>2026-07-30T07:46:20Z</time></trkpt><trkpt lat="49.81356" lon="18.18658"><time>2026-07-30T07:46:21Z</time></trkpt><trkpt lat="49.81366" lon="18.18626"><time>2026-07-30T07:46:22Z</time></trkpt><trkpt lat="49.81378" lon="18.18596"><time>2026-07-30T07:46:23Z</time></trkpt><trkpt lat="49.8139" lon="18.18565"><time>2026-07-30T07:46:24Z</time></trkpt><trkpt lat="49.81403" lon="18.18534"><time>2026-07-30T07:46:25Z</time></trkpt><trkpt lat="49.81416" lon="18.18504"><time>2026-07-30T07:46:26Z</time></trkpt><trkpt lat="49.8143" lon="18.18474"><time>2026-07-30T07:46:27Z</time></trkpt><trkpt lat="49.81444" lon="18.18444"><time>2026-07-30T07:46:28Z</time></trkpt><trkpt lat="49.81459" lon="18.18415"><time>2026-07-30T07:46:29Z</time></trkpt><trkpt lat="49.81474" lon="18.18386"><time>2026-07-30T07:46:30Z</time></trkpt><trkpt lat="49.8149" lon="18.18356"><time>2026-07-30T07:46:31Z</time></trkpt><trkpt lat="49.81506" lon="18.18327"><time>2026-07-30T07:46:32Z</time></trkpt><trkpt lat="49.81523" lon="18.18299"><time>2026-07-30T07:46:33Z</time></trkpt><trkpt lat="49.81539" lon="18.18269"><time>2026-07-30T07:46:34Z</time></trkpt><trkpt lat="49.81556" lon="18.18241"><time>2026-07-30T07:46:35Z</time></trkpt><trkpt lat="49.81572" lon="18.18213"><time>2026-07-30T07:46:36Z</time></trkpt><trkpt lat="49.81589" lon="18.18186"><time>2026-07-30T07:46:37Z</time></trkpt><trkpt lat="49.81605" lon="18.18158"><time>2026-07-30T07:46:38Z</time></trkpt><trkpt lat="49.81621" lon="18.1813"><time>2026-07-30T07:46:39Z</time></trkpt><trkpt lat="49.81636" lon="18.18102"><time>2026-07-30T07:46:40Z</time></trkpt><trkpt lat="49.81652" lon="18.18073"><time>2026-07-30T07:46:41Z</time></trkpt><trkpt lat="49.81667" lon="18.18045"><time>2026-07-30T07:46:42Z</time></trkpt><trkpt lat="49.81682" lon="18.18016"><time>2026-07-30T07:46:43Z</time></trkpt><trkpt lat="49.81697" lon="18.17986"><time>2026-07-30T07:46:44Z</time></trkpt><trkpt lat="49.81712" lon="18.17955"><time>2026-07-30T07:46:45Z</time></trkpt><trkpt lat="49.81725" lon="18.17924"><time>2026-07-30T07:46:46Z</time></trkpt><trkpt lat="49.81737" lon="18.17894"><time>2026-07-30T07:46:47Z</time></trkpt><trkpt lat="49.8175" lon="18.17864"><time>2026-07-30T07:46:48Z</time></trkpt><trkpt lat="49.81762" lon="18.17835"><time>2026-07-30T07:46:49Z</time></trkpt><trkpt lat="49.81773" lon="18.17805"><time>2026-07-30T07:46:50Z</time></trkpt><trkpt lat="49.81783" lon="18.17774"><time>2026-07-30T07:46:51Z</time></trkpt><trkpt lat="49.81793" lon="18.17743"><time>2026-07-30T07:46:52Z</time></trkpt><trkpt lat="49.81802" lon="18.17712"><time>2026-07-30T07:46:53Z</time></trkpt><trkpt lat="49.81811" lon="18.1768"><time>2026-07-30T07:46:54Z</time></trkpt><trkpt lat="49.81819" lon="18.17647"><time>2026-07-30T07:46:55Z</time></trkpt><trkpt lat="49.81827" lon="18.17614"><time>2026-07-30T07:46:56Z</time></trkpt><trkpt lat="49.81834" lon="18.17579"><time>2026-07-30T07:46:57Z</time></trkpt><trkpt lat="49.81841" lon="18.17546"><time>2026-07-30T07:46:58Z</time></trkpt><trkpt lat="49.81847" lon="18.1751"><time>2026-07-30T07:46:59Z</time></trkpt><trkpt lat="49.81853" lon="18.17474"><time>2026-07-30T07:47:00Z</time></trkpt><trkpt lat="49.81858" lon="18.17438"><time>2026-07-30T07:47:01Z</time></trkpt><trkpt lat="49.81863" lon="18.17402"><time>2026-07-30T07:47:02Z</time></trkpt><trkpt lat="49.81866" lon="18.17366"><time>2026-07-30T07:47:03Z</time></trkpt><trkpt lat="49.8187" lon="18.1733"><time>2026-07-30T07:47:04Z</time></trkpt><trkpt lat="49.81873" lon="18.17294"><time>2026-07-30T07:47:05Z</time></trkpt><trkpt lat="49.81875" lon="18.17259"><time>2026-07-30T07:47:06Z</time></trkpt><trkpt lat="49.81877" lon="18.17222"><time>2026-07-30T07:47:07Z</time></trkpt><trkpt lat="49.81879" lon="18.17186"><time>2026-07-30T07:47:08Z</time></trkpt><trkpt lat="49.81881" lon="18.17151"><time>2026-07-30T07:47:09Z</time></trkpt><trkpt lat="49.81883" lon="18.17118"><time>2026-07-30T07:47:10Z</time></trkpt><trkpt lat="49.81885" lon="18.17085"><time>2026-07-30T07:47:11Z</time></trkpt><trkpt lat="49.81887" lon="18.17052"><time>2026-07-30T07:47:12Z</time></trkpt><trkpt lat="49.81888" lon="18.1702"><time>2026-07-30T07:47:13Z</time></trkpt><trkpt lat="49.8189" lon="18.16988"><time>2026-07-30T07:47:14Z</time></trkpt><trkpt lat="49.81892" lon="18.16955"><time>2026-07-30T07:47:15Z</time></trkpt><trkpt lat="49.81893" lon="18.16922"><time>2026-07-30T07:47:16Z</time></trkpt><trkpt lat="49.81895" lon="18.16888"><time>2026-07-30T07:47:17Z</time></trkpt><trkpt lat="49.81896" lon="18.16855"><time>2026-07-30T07:47:18Z</time></trkpt><trkpt lat="49.81898" lon="18.1682"><time>2026-07-30T07:47:19Z</time></trkpt><trkpt lat="49.81899" lon="18.16786"><time>2026-07-30T07:47:20Z</time></trkpt><trkpt lat="49.81901" lon="18.16751"><time>2026-07-30T07:47:21Z</time></trkpt><trkpt lat="49.81902" lon="18.16716"><time>2026-07-30T07:47:22Z</time></trkpt><trkpt lat="49.81904" lon="18.16681"><time>2026-07-30T07:47:23Z</time></trkpt><trkpt lat="49.81905" lon="18.16647"><time>2026-07-30T07:47:24Z</time></trkpt><trkpt lat="49.81908" lon="18.16612"><time>2026-07-30T07:47:25Z</time></trkpt><trkpt lat="49.81909" lon="18.16577"><time>2026-07-30T07:47:26Z</time></trkpt><trkpt lat="49.81911" lon="18.16542"><time>2026-07-30T07:47:27Z</time></trkpt><trkpt lat="49.81913" lon="18.16506"><time>2026-07-30T07:47:28Z</time></trkpt><trkpt lat="49.81915" lon="18.1647"><time>2026-07-30T07:47:29Z</time></trkpt><trkpt lat="49.81917" lon="18.16434"><time>2026-07-30T07:47:30Z</time></trkpt><trkpt lat="49.81919" lon="18.16398"><time>2026-07-30T07:47:31Z</time></trkpt><trkpt lat="49.8192" lon="18.1636"><time>2026-07-30T07:47:32Z</time></trkpt><trkpt lat="49.81922" lon="18.16323"><time>2026-07-30T07:47:33Z</time></trkpt><trkpt lat="49.81923" lon="18.16287"><time>2026-07-30T07:47:34Z</time></trkpt><trkpt lat="49.81926" lon="18.16249"><time>2026-07-30T07:47:35Z</time></trkpt><trkpt lat="49.81928" lon="18.16212"><time>2026-07-30T07:47:36Z</time></trkpt><trkpt lat="49.8193" lon="18.16174"><time>2026-07-30T07:47:37Z</time></trkpt><trkpt lat="49.81932" lon="18.16137"><time>2026-07-30T07:47:38Z</time></trkpt><trkpt lat="49.81935" lon="18.16099"><time>2026-07-30T07:47:39Z</time></trkpt><trkpt lat="49.81938" lon="18.16062"><time>2026-07-30T07:47:40Z</time></trkpt><trkpt lat="49.81941" lon="18.16024"><time>2026-07-30T07:47:41Z</time></trkpt><trkpt lat="49.81944" lon="18.15986"><time>2026-07-30T07:47:42Z</time></trkpt><trkpt lat="49.81947" lon="18.15948"><time>2026-07-30T07:47:43Z</time></trkpt><trkpt lat="49.81951" lon="18.15909"><time>2026-07-30T07:47:44Z</time></trkpt><trkpt lat="49.81955" lon="18.15871"><time>2026-07-30T07:47:45Z</time></trkpt><trkpt lat="49.81959" lon="18.15833"><time>2026-07-30T07:47:46Z</time></trkpt><trkpt lat="49.81963" lon="18.15795"><time>2026-07-30T07:47:47Z</time></trkpt><trkpt lat="49.81968" lon="18.15755"><time>2026-07-30T07:47:48Z</time></trkpt><trkpt lat="49.81972" lon="18.15718"><time>2026-07-30T07:47:49Z</time></trkpt><trkpt lat="49.81977" lon="18.1568"><time>2026-07-30T07:47:50Z</time></trkpt><trkpt lat="49.81981" lon="18.15643"><time>2026-07-30T07:47:51Z</time></trkpt><trkpt lat="49.81985" lon="18.15608"><time>2026-07-30T07:47:52Z</time></trkpt><trkpt lat="49.8199" lon="18.15573"><time>2026-07-30T07:47:53Z</time></trkpt><trkpt lat="49.81994" lon="18.15539"><time>2026-07-30T07:47:54Z</time></trkpt><trkpt lat="49.81998" lon="18.15503"><time>2026-07-30T07:47:55Z</time></trkpt><trkpt lat="49.82002" lon="18.15468"><time>2026-07-30T07:47:56Z</time></trkpt><trkpt lat="49.82006" lon="18.15432"><time>2026-07-30T07:47:57Z</time></trkpt><trkpt lat="49.82011" lon="18.15395"><time>2026-07-30T07:47:58Z</time></trkpt><trkpt lat="49.82015" lon="18.15359"><time>2026-07-30T07:47:59Z</time></trkpt><trkpt lat="49.82019" lon="18.15322"><time>2026-07-30T07:48:00Z</time></trkpt><trkpt lat="49.82024" lon="18.15285"><time>2026-07-30T07:48:01Z</time></trkpt><trkpt lat="49.82028" lon="18.15248"><time>2026-07-30T07:48:02Z</time></trkpt><trkpt lat="49.82032" lon="18.15211"><time>2026-07-30T07:48:03Z</time></trkpt><trkpt lat="49.82037" lon="18.15173"><time>2026-07-30T07:48:04Z</time></trkpt><trkpt lat="49.82041" lon="18.15137"><time>2026-07-30T07:48:05Z</time></trkpt><trkpt lat="49.82046" lon="18.151"><time>2026-07-30T07:48:06Z</time></trkpt><trkpt lat="49.8205" lon="18.15063"><time>2026-07-30T07:48:07Z</time></trkpt><trkpt lat="49.82055" lon="18.15025"><time>2026-07-30T07:48:08Z</time></trkpt><trkpt lat="49.8206" lon="18.14987"><time>2026-07-30T07:48:09Z</time></trkpt><trkpt lat="49.82064" lon="18.1495"><time>2026-07-30T07:48:10Z</time></trkpt><trkpt lat="49.82069" lon="18.14912"><time>2026-07-30T07:48:11Z</time></trkpt><trkpt lat="49.82073" lon="18.14874"><time>2026-07-30T07:48:12Z</time></trkpt><trkpt lat="49.82079" lon="18.14836"><time>2026-07-30T07:48:13Z</time></trkpt><trkpt lat="49.82084" lon="18.14799"><time>2026-07-30T07:48:14Z</time></trkpt><trkpt lat="49.8209" lon="18.14762"><time>2026-07-30T07:48:15Z</time></trkpt><trkpt lat="49.82096" lon="18.14726"><time>2026-07-30T07:48:16Z</time></trkpt><trkpt lat="49.82102" lon="18.14691"><time>2026-07-30T07:48:17Z</time></trkpt><trkpt lat="49.82108" lon="18.14656"><time>2026-07-30T07:48:18Z</time></trkpt><trkpt lat="49.82115" lon="18.14621"><time>2026-07-30T07:48:19Z</time></trkpt><trkpt lat="49.82121" lon="18.14586"><time>2026-07-30T07:48:20Z</time></trkpt><trkpt lat="49.82129" lon="18.14552"><time>2026-07-30T07:48:21Z</time></trkpt><trkpt lat="49.82136" lon="18.14519"><time>2026-07-30T07:48:22Z</time></trkpt><trkpt lat="49.82144" lon="18.14485"><time>2026-07-30T07:48:23Z</time></trkpt><trkpt lat="49.82152" lon="18.14453"><time>2026-07-30T07:48:24Z</time></trkpt><trkpt lat="49.8216" lon="18.1442"><time>2026-07-30T07:48:25Z</time></trkpt><trkpt lat="49.82169" lon="18.14387"><time>2026-07-30T07:48:26Z</time></trkpt><trkpt lat="49.82177" lon="18.14355"><time>2026-07-30T07:48:27Z</time></trkpt><trkpt lat="49.82186" lon="18.14324"><time>2026-07-30T07:48:28Z</time></trkpt><trkpt lat="49.82196" lon="18.14292"><time>2026-07-30T07:48:29Z</time></trkpt><trkpt lat="49.82205" lon="18.1426"><time>2026-07-30T07:48:30Z</time></trkpt><trkpt lat="49.82215" lon="18.14229"><time>2026-07-30T07:48:31Z</time></trkpt><trkpt lat="49.82226" lon="18.14197"><time>2026-07-30T07:48:32Z</time></trkpt><trkpt lat="49.82237" lon="18.14166"><time>2026-07-30T07:48:33Z</time></trkpt><trkpt lat="49.82248" lon="18.14135"><time>2026-07-30T07:48:34Z</time></trkpt><trkpt lat="49.82259" lon="18.14105"><time>2026-07-30T07:48:35Z</time></trkpt><trkpt lat="49.8227" lon="18.14074"><time>2026-07-30T07:48:36Z</time></trkpt><trkpt lat="49.82282" lon="18.14045"><time>2026-07-30T07:48:37Z</time></trkpt><trkpt lat="49.82294" lon="18.14015"><time>2026-07-30T07:48:38Z</time></trkpt><trkpt lat="49.82307" lon="18.13985"><time>2026-07-30T07:48:39Z</time></trkpt><trkpt lat="49.8232" lon="18.13955"><time>2026-07-30T07:48:40Z</time></trkpt><trkpt lat="49.82335" lon="18.13927"><time>2026-07-30T07:48:41Z</time></trkpt><trkpt lat="49.82349" lon="18.13899"><time>2026-07-30T07:48:42Z</time></trkpt><trkpt lat="49.82365" lon="18.13872"><time>2026-07-30T07:48:43Z</time></trkpt><trkpt lat="49.8238" lon="18.13846"><time>2026-07-30T07:48:44Z</time></trkpt><trkpt lat="49.82396" lon="18.13821"><time>2026-07-30T07:48:45Z</time></trkpt><trkpt lat="49.82412" lon="18.13795"><time>2026-07-30T07:48:46Z</time></trkpt><trkpt lat="49.82429" lon="18.1377"><time>2026-07-30T07:48:47Z</time></trkpt><trkpt lat="49.82446" lon="18.13744"><time>2026-07-30T07:48:48Z</time></trkpt><trkpt lat="49.82464" lon="18.13721"><time>2026-07-30T07:48:49Z</time></trkpt><trkpt lat="49.82483" lon="18.13697"><time>2026-07-30T07:48:50Z</time></trkpt><trkpt lat="49.82502" lon="18.13673"><time>2026-07-30T07:48:51Z</time></trkpt><trkpt lat="49.82521" lon="18.1365"><time>2026-07-30T07:48:52Z</time></trkpt><trkpt lat="49.82541" lon="18.13627"><time>2026-07-30T07:48:53Z</time></trkpt><trkpt lat="49.82562" lon="18.13605"><time>2026-07-30T07:48:54Z</time></trkpt><trkpt lat="49.82584" lon="18.13583"><time>2026-07-30T07:48:55Z</time></trkpt><trkpt lat="49.82606" lon="18.13562"><time>2026-07-30T07:48:56Z</time></trkpt><trkpt lat="49.82629" lon="18.13543"><time>2026-07-30T07:48:57Z</time></trkpt><trkpt lat="49.82652" lon="18.13525"><time>2026-07-30T07:48:58Z</time></trkpt><trkpt lat="49.82676" lon="18.13509"><time>2026-07-30T07:48:59Z</time></trkpt><trkpt lat="49.827" lon="18.13493"><time>2026-07-30T07:49:00Z</time></trkpt><trkpt lat="49.82724" lon="18.13478"><time>2026-07-30T07:49:01Z</time></trkpt><trkpt lat="49.82749" lon="18.13466"><time>2026-07-30T07:49:02Z</time></trkpt><trkpt lat="49.82773" lon="18.13453"><time>2026-07-30T07:49:03Z</time></trkpt><trkpt lat="49.82798" lon="18.13443"><time>2026-07-30T07:49:04Z</time></trkpt><trkpt lat="49.82824" lon="18.13433"><time>2026-07-30T07:49:05Z</time></trkpt><trkpt lat="49.82849" lon="18.13425"><time>2026-07-30T07:49:06Z</time></trkpt><trkpt lat="49.82873" lon="18.13418"><time>2026-07-30T07:49:07Z</time></trkpt><trkpt lat="49.82898" lon="18.13412"><time>2026-07-30T07:49:08Z</time></trkpt><trkpt lat="49.82923" lon="18.13407"><time>2026-07-30T07:49:09Z</time></trkpt><trkpt lat="49.82948" lon="18.13402"><time>2026-07-30T07:49:10Z</time></trkpt><trkpt lat="49.82972" lon="18.13398"><time>2026-07-30T07:49:11Z</time></trkpt><trkpt lat="49.82998" lon="18.13396"><time>2026-07-30T07:49:12Z</time></trkpt><trkpt lat="49.83023" lon="18.13396"><time>2026-07-30T07:49:13Z</time></trkpt><trkpt lat="49.83048" lon="18.13396"><time>2026-07-30T07:49:14Z</time></trkpt><trkpt lat="49.83072" lon="18.13397"><time>2026-07-30T07:49:15Z</time></trkpt><trkpt lat="49.83097" lon="18.13399"><time>2026-07-30T07:49:16Z</time></trkpt><trkpt lat="49.83122" lon="18.13401"><time>2026-07-30T07:49:17Z</time></trkpt><trkpt lat="49.83145" lon="18.13405"><time>2026-07-30T07:49:18Z</time></trkpt><trkpt lat="49.83169" lon="18.1341"><time>2026-07-30T07:49:19Z</time></trkpt><trkpt lat="49.83194" lon="18.13416"><time>2026-07-30T07:49:20Z</time></trkpt><trkpt lat="49.83218" lon="18.13423"><time>2026-07-30T07:49:21Z</time></trkpt><trkpt lat="49.83241" lon="18.1343"><time>2026-07-30T07:49:22Z</time></trkpt><trkpt lat="49.83265" lon="18.13436"><time>2026-07-30T07:49:23Z</time></trkpt><trkpt lat="49.83289" lon="18.13444"><time>2026-07-30T07:49:24Z</time></trkpt><trkpt lat="49.83313" lon="18.13452"><time>2026-07-30T07:49:25Z</time></trkpt><trkpt lat="49.83337" lon="18.13459"><time>2026-07-30T07:49:26Z</time></trkpt><trkpt lat="49.83361" lon="18.13468"><time>2026-07-30T07:49:27Z</time></trkpt><trkpt lat="49.83385" lon="18.13475"><time>2026-07-30T07:49:28Z</time></trkpt><trkpt lat="49.83408" lon="18.13482"><time>2026-07-30T07:49:29Z</time></trkpt><trkpt lat="49.83432" lon="18.13489"><time>2026-07-30T07:49:30Z</time></trkpt><trkpt lat="49.83456" lon="18.13497"><time>2026-07-30T07:49:31Z</time></trkpt><trkpt lat="49.83479" lon="18.13505"><time>2026-07-30T07:49:32Z</time></trkpt><trkpt lat="49.83502" lon="18.13513"><time>2026-07-30T07:49:33Z</time></trkpt><trkpt lat="49.83526" lon="18.1352"><time>2026-07-30T07:49:34Z</time></trkpt><trkpt lat="49.83549" lon="18.13527"><time>2026-07-30T07:49:35Z</time></trkpt><trkpt lat="49.83573" lon="18.13535"><time>2026-07-30T07:49:36Z</time></trkpt><trkpt lat="49.83597" lon="18.13543"><time>2026-07-30T07:49:37Z</time></trkpt><trkpt lat="49.83621" lon="18.1355"><time>2026-07-30T07:49:38Z</time></trkpt><trkpt lat="49.83644" lon="18.13557"><time>2026-07-30T07:49:39Z</time></trkpt><trkpt lat="49.83668" lon="18.13565"><time>2026-07-30T07:49:40Z</time></trkpt><trkpt lat="49.83692" lon="18.13573"><time>2026-07-30T07:49:41Z</time></trkpt><trkpt lat="49.83716" lon="18.13581"><time>2026-07-30T07:49:42Z</time></trkpt><trkpt lat="49.8374" lon="18.13589"><time>2026-07-30T07:49:43Z</time></trkpt><trkpt lat="49.83764" lon="18.13597"><time>2026-07-30T07:49:44Z</time></trkpt><trkpt lat="49.83787" lon="18.13605"><time>2026-07-30T07:49:45Z</time></trkpt><trkpt lat="49.83812" lon="18.13613"><time>2026-07-30T07:49:46Z</time></trkpt><trkpt lat="49.83836" lon="18.13621"><time>2026-07-30T07:49:47Z</time></trkpt><trkpt lat="49.8386" lon="18.13628"><time>2026-07-30T07:49:48Z</time></trkpt><trkpt lat="49.83885" lon="18.13637"><time>2026-07-30T07:49:49Z</time></trkpt><trkpt lat="49.83909" lon="18.13645"><time>2026-07-30T07:49:50Z</time></trkpt><trkpt lat="49.83933" lon="18.13653"><time>2026-07-30T07:49:51Z</time></trkpt><trkpt lat="49.83957" lon="18.13661"><time>2026-07-30T07:49:52Z</time></trkpt><trkpt lat="49.83982" lon="18.13668"><time>2026-07-30T07:49:53Z</time></trkpt><trkpt lat="49.84007" lon="18.13676"><time>2026-07-30T07:49:54Z</time></trkpt><trkpt lat="49.84031" lon="18.13684"><time>2026-07-30T07:49:55Z</time></trkpt><trkpt lat="49.84056" lon="18.13693"><time>2026-07-30T07:49:56Z</time></trkpt><trkpt lat="49.84081" lon="18.13701"><time>2026-07-30T07:49:57Z</time></trkpt><trkpt lat="49.84106" lon="18.13709"><time>2026-07-30T07:49:58Z</time></trkpt><trkpt lat="49.8413" lon="18.13717"><time>2026-07-30T07:49:59Z</time></trkpt><trkpt lat="49.84155" lon="18.13725"><time>2026-07-30T07:50:00Z</time></trkpt><trkpt lat="49.8418" lon="18.13734"><time>2026-07-30T07:50:01Z</time></trkpt><trkpt lat="49.84205" lon="18.13741"><time>2026-07-30T07:50:02Z</time></trkpt><trkpt lat="49.84229" lon="18.13749"><time>2026-07-30T07:50:03Z</time></trkpt><trkpt lat="49.84255" lon="18.13757"><time>2026-07-30T07:50:04Z</time></trkpt><trkpt lat="49.8428" lon="18.13765"><time>2026-07-30T07:50:05Z</time></trkpt><trkpt lat="49.84304" lon="18.13773"><time>2026-07-30T07:50:06Z</time></trkpt><trkpt lat="49.84329" lon="18.13781"><time>2026-07-30T07:50:07Z</time></trkpt><trkpt lat="49.84354" lon="18.1379"><time>2026-07-30T07:50:08Z</time></trkpt><trkpt lat="49.84379" lon="18.13798"><time>2026-07-30T07:50:09Z</time></trkpt><trkpt lat="49.84404" lon="18.13806"><time>2026-07-30T07:50:10Z</time></trkpt><trkpt lat="49.84429" lon="18.13814"><time>2026-07-30T07:50:11Z</time></trkpt><trkpt lat="49.84454" lon="18.13822"><time>2026-07-30T07:50:12Z</time></trkpt><trkpt lat="49.84479" lon="18.1383"><time>2026-07-30T07:50:13Z</time></trkpt><trkpt lat="49.84503" lon="18.13837"><time>2026-07-30T07:50:14Z</time></trkpt><trkpt lat="49.84528" lon="18.13843"><time>2026-07-30T07:50:15Z</time></trkpt><trkpt lat="49.84551" lon="18.13849"><time>2026-07-30T07:50:16Z</time></trkpt><trkpt lat="49.84575" lon="18.13855"><time>2026-07-30T07:50:17Z</time></trkpt><trkpt lat="49.84599" lon="18.1386"><time>2026-07-30T07:50:18Z</time></trkpt><trkpt lat="49.84623" lon="18.13864"><time>2026-07-30T07:50:19Z</time></trkpt><trkpt lat="49.84647" lon="18.13866"><time>2026-07-30T07:50:20Z</time></trkpt><trkpt lat="49.84672" lon="18.13868"><time>2026-07-30T07:50:21Z</time></trkpt><trkpt lat="49.84696" lon="18.13869"><time>2026-07-30T07:50:22Z</time></trkpt><trkpt lat="49.8472" lon="18.1387"><time>2026-07-30T07:50:23Z</time></trkpt><trkpt lat="49.84743" lon="18.13868"><time>2026-07-30T07:50:24Z</time></trkpt><trkpt lat="49.84767" lon="18.13867"><time>2026-07-30T07:50:25Z</time></trkpt><trkpt lat="49.84791" lon="18.13864"><time>2026-07-30T07:50:26Z</time></trkpt><trkpt lat="49.84815" lon="18.1386"><time>2026-07-30T07:50:27Z</time></trkpt><trkpt lat="49.84838" lon="18.13856"><time>2026-07-30T07:50:28Z</time></trkpt><trkpt lat="49.84862" lon="18.1385"><time>2026-07-30T07:50:29Z</time></trkpt><trkpt lat="49.84885" lon="18.13843"><time>2026-07-30T07:50:30Z</time></trkpt><trkpt lat="49.84909" lon="18.13836"><time>2026-07-30T07:50:31Z</time></trkpt><trkpt lat="49.84932" lon="18.13829"><time>2026-07-30T07:50:32Z</time></trkpt><trkpt lat="49.84955" lon="18.1382"><time>2026-07-30T07:50:33Z</time></trkpt><trkpt lat="49.84978" lon="18.1381"><time>2026-07-30T07:50:34Z</time></trkpt><trkpt lat="49.85001" lon="18.13799"><time>2026-07-30T07:50:35Z</time></trkpt><trkpt lat="49.85024" lon="18.13787"><time>2026-07-30T07:50:36Z</time></trkpt><trkpt lat="49.85047" lon="18.13774"><time>2026-07-30T07:50:37Z</time></trkpt><trkpt lat="49.8507" lon="18.13761"><time>2026-07-30T07:50:38Z</time></trkpt><trkpt lat="49.85093" lon="18.13745"><time>2026-07-30T07:50:39Z</time></trkpt><trkpt lat="49.85116" lon="18.13731"><time>2026-07-30T07:50:40Z</time></trkpt><trkpt lat="49.85138" lon="18.13715"><time>2026-07-30T07:50:41Z</time></trkpt><trkpt lat="49.8516" lon="18.13698"><time>2026-07-30T07:50:42Z</time></trkpt><trkpt lat="49.85182" lon="18.13681"><time>2026-07-30T07:50:43Z</time></trkpt><trkpt lat="49.85203" lon="18.13663"><time>2026-07-30T07:50:44Z</time></trkpt><trkpt lat="49.85224" lon="18.13643"><time>2026-07-30T07:50:45Z</time></trkpt><trkpt lat="49.85245" lon="18.13623"><time>2026-07-30T07:50:46Z</time></trkpt><trkpt lat="49.85266" lon="18.13602"><time>2026-07-30T07:50:47Z</time></trkpt><trkpt lat="49.85286" lon="18.13581"><time>2026-07-30T07:50:48Z</time></trkpt><trkpt lat="49.85305" lon="18.13559"><time>2026-07-30T07:50:49Z</time></trkpt><trkpt lat="49.85325" lon="18.13536"><time>2026-07-30T07:50:50Z</time></trkpt><trkpt lat="49.85343" lon="18.13513"><time>2026-07-30T07:50:51Z</time></trkpt><trkpt lat="49.85362" lon="18.13489"><time>2026-07-30T07:50:52Z</time></trkpt><trkpt lat="49.85379" lon="18.13464"><time>2026-07-30T07:50:53Z</time></trkpt><trkpt lat="49.85396" lon="18.13439"><time>2026-07-30T07:50:54Z</time></trkpt><trkpt lat="49.85412" lon="18.13411"><time>2026-07-30T07:50:55Z</time></trkpt><trkpt lat="49.85429" lon="18.13386"><time>2026-07-30T07:50:56Z</time></trkpt><trkpt lat="49.85446" lon="18.13358"><time>2026-07-30T07:50:57Z</time></trkpt><trkpt lat="49.85463" lon="18.13331"><time>2026-07-30T07:50:58Z</time></trkpt><trkpt lat="49.85479" lon="18.13303"><time>2026-07-30T07:50:59Z</time></trkpt><trkpt lat="49.85495" lon="18.13278"><time>2026-07-30T07:51:00Z</time></trkpt><trkpt lat="49.85511" lon="18.13251"><time>2026-07-30T07:51:01Z</time></trkpt><trkpt lat="49.85527" lon="18.13223"><time>2026-07-30T07:51:02Z</time></trkpt><trkpt lat="49.85543" lon="18.13196"><time>2026-07-30T07:51:03Z</time></trkpt><trkpt lat="49.8556" lon="18.13169"><time>2026-07-30T07:51:04Z</time></trkpt><trkpt lat="49.85576" lon="18.13141"><time>2026-07-30T07:51:05Z</time></trkpt><trkpt lat="49.85593" lon="18.13114"><time>2026-07-30T07:51:06Z</time></trkpt><trkpt lat="49.85609" lon="18.13087"><time>2026-07-30T07:51:07Z</time></trkpt><trkpt lat="49.85626" lon="18.13059"><time>2026-07-30T07:51:08Z</time></trkpt><trkpt lat="49.85642" lon="18.13031"><time>2026-07-30T07:51:09Z</time></trkpt><trkpt lat="49.85658" lon="18.13002"><time>2026-07-30T07:51:10Z</time></trkpt><trkpt lat="49.85674" lon="18.12975"><time>2026-07-30T07:51:11Z</time></trkpt><trkpt lat="49.85691" lon="18.12947"><time>2026-07-30T07:51:12Z</time></trkpt><trkpt lat="49.85708" lon="18.12919"><time>2026-07-30T07:51:13Z</time></trkpt><trkpt lat="49.85724" lon="18.12892"><time>2026-07-30T07:51:14Z</time></trkpt><trkpt lat="49.8574" lon="18.12864"><time>2026-07-30T07:51:15Z</time></trkpt><trkpt lat="49.85757" lon="18.12836"><time>2026-07-30T07:51:16Z</time></trkpt><trkpt lat="49.85773" lon="18.12807"><time>2026-07-30T07:51:17Z</time></trkpt><trkpt lat="49.8579" lon="18.12779"><time>2026-07-30T07:51:18Z</time></trkpt><trkpt lat="49.85807" lon="18.1275"><time>2026-07-30T07:51:19Z</time></trkpt><trkpt lat="49.85824" lon="18.12722"><time>2026-07-30T07:51:20Z</time></trkpt><trkpt lat="49.85841" lon="18.12693"><time>2026-07-30T07:51:21Z</time></trkpt><trkpt lat="49.85857" lon="18.12664"><time>2026-07-30T07:51:22Z</time></trkpt><trkpt lat="49.85874" lon="18.12635"><time>2026-07-30T07:51:23Z</time></trkpt><trkpt lat="49.85892" lon="18.12606"><time>2026-07-30T07:51:24Z</time></trkpt><trkpt lat="49.85909" lon="18.12578"><time>2026-07-30T07:51:25Z</time></trkpt><trkpt lat="49.85927" lon="18.1255"><time>2026-07-30T07:51:26Z</time></trkpt><trkpt lat="49.85944" lon="18.12522"><time>2026-07-30T07:51:27Z</time></trkpt><trkpt lat="49.85962" lon="18.12492"><time>2026-07-30T07:51:28Z</time></trkpt><trkpt lat="49.85979" lon="18.12462"><time>2026-07-30T07:51:29Z</time></trkpt><trkpt lat="49.85997" lon="18.12432"><time>2026-07-30T07:51:30Z</time></trkpt><trkpt lat="49.86014" lon="18.12402"><time>2026-07-30T07:51:31Z</time></trkpt><trkpt lat="49.86032" lon="18.12371"><time>2026-07-30T07:51:32Z</time></trkpt><trkpt lat="49.8605" lon="18.12341"><time>2026-07-30T07:51:33Z</time></trkpt><trkpt lat="49.86068" lon="18.12311"><time>2026-07-30T07:51:34Z</time></trkpt><trkpt lat="49.86085" lon="18.12281"><time>2026-07-30T07:51:35Z</time></trkpt><trkpt lat="49.86103" lon="18.12251"><time>2026-07-30T07:51:36Z</time></trkpt><trkpt lat="49.8612" lon="18.12223"><time>2026-07-30T07:51:37Z</time></trkpt><trkpt lat="49.86138" lon="18.12197"><time>2026-07-30T07:51:38Z</time></trkpt><trkpt lat="49.86156" lon="18.12171"><time>2026-07-30T07:51:39Z</time></trkpt><trkpt lat="49.86175" lon="18.12147"><time>2026-07-30T07:51:40Z</time></trkpt><trkpt lat="49.86195" lon="18.12125"><time>2026-07-30T07:51:41Z</time></trkpt><trkpt lat="49.86215" lon="18.12103"><time>2026-07-30T07:51:42Z</time></trkpt><trkpt lat="49.86236" lon="18.12083"><time>2026-07-30T07:51:43Z</time></trkpt><trkpt lat="49.86257" lon="18.12064"><time>2026-07-30T07:51:44Z</time></trkpt><trkpt lat="49.86279" lon="18.12046"><time>2026-07-30T07:51:45Z</time></trkpt><trkpt lat="49.86301" lon="18.1203"><time>2026-07-30T07:51:46Z</time></trkpt><trkpt lat="49.86323" lon="18.12016"><time>2026-07-30T07:51:47Z</time></trkpt><trkpt lat="49.86346" lon="18.12002"><time>2026-07-30T07:51:48Z</time></trkpt><trkpt lat="49.86369" lon="18.11989"><time>2026-07-30T07:51:49Z</time></trkpt><trkpt lat="49.86393" lon="18.11977"><time>2026-07-30T07:51:50Z</time></trkpt><trkpt lat="49.86416" lon="18.11964"><time>2026-07-30T07:51:51Z</time></trkpt><trkpt lat="49.86439" lon="18.11952"><time>2026-07-30T07:51:52Z</time></trkpt><trkpt lat="49.86461" lon="18.11941"><time>2026-07-30T07:51:53Z</time></trkpt><trkpt lat="49.86484" lon="18.11929"><time>2026-07-30T07:51:54Z</time></trkpt><trkpt lat="49.86506" lon="18.11916"><time>2026-07-30T07:51:55Z</time></trkpt><trkpt lat="49.86527" lon="18.11902"><time>2026-07-30T07:51:56Z</time></trkpt><trkpt lat="49.86547" lon="18.11886"><time>2026-07-30T07:51:57Z</time></trkpt><trkpt lat="49.86567" lon="18.1187"><time>2026-07-30T07:51:58Z</time></trkpt><trkpt lat="49.86588" lon="18.11853"><time>2026-07-30T07:51:59Z</time></trkpt><trkpt lat="49.86608" lon="18.11834"><time>2026-07-30T07:52:00Z</time></trkpt><trkpt lat="49.86627" lon="18.11813"><time>2026-07-30T07:52:01Z</time></trkpt><trkpt lat="49.86646" lon="18.11791"><time>2026-07-30T07:52:02Z</time></trkpt><trkpt lat="49.86664" lon="18.11768"><time>2026-07-30T07:52:03Z</time></trkpt><trkpt lat="49.86682" lon="18.11743"><time>2026-07-30T07:52:04Z</time></trkpt><trkpt lat="49.86699" lon="18.11718"><time>2026-07-30T07:52:05Z</time></trkpt><trkpt lat="49.86715" lon="18.11693"><time>2026-07-30T07:52:06Z</time></trkpt><trkpt lat="49.86731" lon="18.11666"><time>2026-07-30T07:52:07Z</time></trkpt><trkpt lat="49.86746" lon="18.11638"><time>2026-07-30T07:52:08Z</time></trkpt><trkpt lat="49.8676" lon="18.11609"><time>2026-07-30T07:52:09Z</time></trkpt><trkpt lat="49.86774" lon="18.11579"><time>2026-07-30T07:52:10Z</time></trkpt><trkpt lat="49.86787" lon="18.11549"><time>2026-07-30T07:52:11Z</time></trkpt><trkpt lat="49.86799" lon="18.11518"><time>2026-07-30T07:52:12Z</time></trkpt><trkpt lat="49.8681" lon="18.11486"><time>2026-07-30T07:52:13Z</time></trkpt><trkpt lat="49.86822" lon="18.11453"><time>2026-07-30T07:52:14Z</time></trkpt><trkpt lat="49.86833" lon="18.1142"><time>2026-07-30T07:52:15Z</time></trkpt><trkpt lat="49.86843" lon="18.11387"><time>2026-07-30T07:52:16Z</time></trkpt><trkpt lat="49.86854" lon="18.11353"><time>2026-07-30T07:52:17Z</time></trkpt><trkpt lat="49.86864" lon="18.11319"><time>2026-07-30T07:52:18Z</time></trkpt><trkpt lat="49.86873" lon="18.11284"><time>2026-07-30T07:52:19Z</time></trkpt><trkpt lat="49.86883" lon="18.11248"><time>2026-07-30T07:52:20Z</time></trkpt><trkpt lat="49.86893" lon="18.11213"><time>2026-07-30T07:52:21Z</time></trkpt><trkpt lat="49.86904" lon="18.11178"><time>2026-07-30T07:52:22Z</time></trkpt><trkpt lat="49.86914" lon="18.11143"><time>2026-07-30T07:52:23Z</time></trkpt><trkpt lat="49.86925" lon="18.11106"><time>2026-07-30T07:52:24Z</time></trkpt><trkpt lat="49.86936" lon="18.11071"><time>2026-07-30T07:52:25Z</time></trkpt><trkpt lat="49.86948" lon="18.11037"><time>2026-07-30T07:52:26Z</time></trkpt><trkpt lat="49.86961" lon="18.11003"><time>2026-07-30T07:52:27Z</time></trkpt><trkpt lat="49.86974" lon="18.1097"><time>2026-07-30T07:52:28Z</time></trkpt><trkpt lat="49.86989" lon="18.10937"><time>2026-07-30T07:52:29Z</time></trkpt><trkpt lat="49.87004" lon="18.10906"><time>2026-07-30T07:52:30Z</time></trkpt><trkpt lat="49.8702" lon="18.10875"><time>2026-07-30T07:52:31Z</time></trkpt><trkpt lat="49.87037" lon="18.10848"><time>2026-07-30T07:52:32Z</time></trkpt><trkpt lat="49.87054" lon="18.10819"><time>2026-07-30T07:52:33Z</time></trkpt><trkpt lat="49.87073" lon="18.10791"><time>2026-07-30T07:52:34Z</time></trkpt><trkpt lat="49.87091" lon="18.10765"><time>2026-07-30T07:52:35Z</time></trkpt><trkpt lat="49.8711" lon="18.1074"><time>2026-07-30T07:52:36Z</time></trkpt><trkpt lat="49.87129" lon="18.10714"><time>2026-07-30T07:52:37Z</time></trkpt><trkpt lat="49.87148" lon="18.1069"><time>2026-07-30T07:52:38Z</time></trkpt><trkpt lat="49.87167" lon="18.10665"><time>2026-07-30T07:52:39Z</time></trkpt><trkpt lat="49.87186" lon="18.10641"><time>2026-07-30T07:52:40Z</time></trkpt><trkpt lat="49.87205" lon="18.10616"><time>2026-07-30T07:52:41Z</time></trkpt><trkpt lat="49.87224" lon="18.10591"><time>2026-07-30T07:52:42Z</time></trkpt><trkpt lat="49.87243" lon="18.10566"><time>2026-07-30T07:52:43Z</time></trkpt><trkpt lat="49.87262" lon="18.10541"><time>2026-07-30T07:52:44Z</time></trkpt><trkpt lat="49.87281" lon="18.10517"><time>2026-07-30T07:52:45Z</time></trkpt><trkpt lat="49.873" lon="18.10493"><time>2026-07-30T07:52:46Z</time></trkpt><trkpt lat="49.87318" lon="18.10469"><time>2026-07-30T07:52:47Z</time></trkpt><trkpt lat="49.87337" lon="18.10446"><time>2026-07-30T07:52:48Z</time></trkpt><trkpt lat="49.87355" lon="18.10421"><time>2026-07-30T07:52:49Z</time></trkpt><trkpt lat="49.87373" lon="18.10396"><time>2026-07-30T07:52:50Z</time></trkpt><trkpt lat="49.87391" lon="18.1037"><time>2026-07-30T07:52:51Z</time></trkpt><trkpt lat="49.87408" lon="18.10342"><time>2026-07-30T07:52:52Z</time></trkpt><trkpt lat="49.87425" lon="18.10314"><time>2026-07-30T07:52:53Z</time></trkpt><trkpt lat="49.87442" lon="18.10285"><time>2026-07-30T07:52:54Z</time></trkpt><trkpt lat="49.87457" lon="18.10255"><time>2026-07-30T07:52:55Z</time></trkpt><trkpt lat="49.87472" lon="18.10223"><time>2026-07-30T07:52:56Z</time></trkpt><trkpt lat="49.87485" lon="18.10191"><time>2026-07-30T07:52:57Z</time></trkpt><trkpt lat="49.87499" lon="18.10158"><time>2026-07-30T07:52:58Z</time></trkpt><trkpt lat="49.87512" lon="18.10124"><time>2026-07-30T07:52:59Z</time></trkpt><trkpt lat="49.87524" lon="18.10089"><time>2026-07-30T07:53:00Z</time></trkpt><trkpt lat="49.87534" lon="18.10054"><time>2026-07-30T07:53:01Z</time></trkpt><trkpt lat="49.87544" lon="18.10018"><time>2026-07-30T07:53:02Z</time></trkpt><trkpt lat="49.87553" lon="18.09982"><time>2026-07-30T07:53:03Z</time></trkpt><trkpt lat="49.87561" lon="18.09944"><time>2026-07-30T07:53:04Z</time></trkpt><trkpt lat="49.87568" lon="18.09906"><time>2026-07-30T07:53:05Z</time></trkpt><trkpt lat="49.87574" lon="18.09869"><time>2026-07-30T07:53:06Z</time></trkpt><trkpt lat="49.87578" lon="18.0983"><time>2026-07-30T07:53:07Z</time></trkpt><trkpt lat="49.87583" lon="18.09791"><time>2026-07-30T07:53:08Z</time></trkpt><trkpt lat="49.87587" lon="18.09753"><time>2026-07-30T07:53:09Z</time></trkpt><trkpt lat="49.8759" lon="18.09714"><time>2026-07-30T07:53:10Z</time></trkpt><trkpt lat="49.87592" lon="18.09674"><time>2026-07-30T07:53:11Z</time></trkpt><trkpt lat="49.87594" lon="18.09634"><time>2026-07-30T07:53:12Z</time></trkpt><trkpt lat="49.87595" lon="18.09595"><time>2026-07-30T07:53:13Z</time></trkpt><trkpt lat="49.87595" lon="18.09555"><time>2026-07-30T07:53:14Z</time></trkpt><trkpt lat="49.87595" lon="18.09515"><time>2026-07-30T07:53:15Z</time></trkpt><trkpt lat="49.87594" lon="18.09475"><time>2026-07-30T07:53:16Z</time></trkpt><trkpt lat="49.87594" lon="18.09435"><time>2026-07-30T07:53:17Z</time></trkpt><trkpt lat="49.87592" lon="18.09395"><time>2026-07-30T07:53:18Z</time></trkpt><trkpt lat="49.87591" lon="18.09358"><time>2026-07-30T07:53:19Z</time></trkpt><trkpt lat="49.8759" lon="18.09319"><time>2026-07-30T07:53:20Z</time></trkpt><trkpt lat="49.87588" lon="18.09282"><time>2026-07-30T07:53:21Z</time></trkpt><trkpt lat="49.87586" lon="18.09244"><time>2026-07-30T07:53:22Z</time></trkpt><trkpt lat="49.87585" lon="18.09208"><time>2026-07-30T07:53:23Z</time></trkpt><trkpt lat="49.87583" lon="18.09171"><time>2026-07-30T07:53:24Z</time></trkpt><trkpt lat="49.87581" lon="18.09135"><time>2026-07-30T07:53:25Z</time></trkpt><trkpt lat="49.87579" lon="18.09099"><time>2026-07-30T07:53:26Z</time></trkpt><trkpt lat="49.87578" lon="18.09063"><time>2026-07-30T07:53:27Z</time></trkpt><trkpt lat="49.87576" lon="18.09026"><time>2026-07-30T07:53:28Z</time></trkpt><trkpt lat="49.87574" lon="18.0899"><time>2026-07-30T07:53:29Z</time></trkpt><trkpt lat="49.87573" lon="18.08954"><time>2026-07-30T07:53:30Z</time></trkpt><trkpt lat="49.8757" lon="18.08918"><time>2026-07-30T07:53:31Z</time></trkpt><trkpt lat="49.87569" lon="18.08881"><time>2026-07-30T07:53:32Z</time></trkpt><trkpt lat="49.87567" lon="18.08843"><time>2026-07-30T07:53:33Z</time></trkpt><trkpt lat="49.87566" lon="18.08807"><time>2026-07-30T07:53:34Z</time></trkpt><trkpt lat="49.87565" lon="18.08771"><time>2026-07-30T07:53:35Z</time></trkpt><trkpt lat="49.87563" lon="18.08735"><time>2026-07-30T07:53:36Z</time></trkpt><trkpt lat="49.87561" lon="18.08699"><time>2026-07-30T07:53:37Z</time></trkpt><trkpt lat="49.8756" lon="18.08663"><time>2026-07-30T07:53:38Z</time></trkpt><trkpt lat="49.87558" lon="18.08628"><time>2026-07-30T07:53:39Z</time></trkpt><trkpt lat="49.87557" lon="18.08594"><time>2026-07-30T07:53:40Z</time></trkpt><trkpt lat="49.87555" lon="18.08561"><time>2026-07-30T07:53:41Z</time></trkpt><trkpt lat="49.87554" lon="18.08527"><time>2026-07-30T07:53:42Z</time></trkpt><trkpt lat="49.87553" lon="18.08494"><time>2026-07-30T07:53:43Z</time></trkpt><trkpt lat="49.87551" lon="18.0846"><time>2026-07-30T07:53:44Z</time></trkpt><trkpt lat="49.87549" lon="18.08425"><time>2026-07-30T07:53:45Z</time></trkpt><trkpt lat="49.87548" lon="18.08391"><time>2026-07-30T07:53:46Z</time></trkpt><trkpt lat="49.87547" lon="18.08356"><time>2026-07-30T07:53:47Z</time></trkpt><trkpt lat="49.87546" lon="18.08321"><time>2026-07-30T07:53:48Z</time></trkpt><trkpt lat="49.87545" lon="18.08285"><time>2026-07-30T07:53:49Z</time></trkpt><trkpt lat="49.87545" lon="18.08248"><time>2026-07-30T07:53:50Z</time></trkpt><trkpt lat="49.87545" lon="18.08211"><time>2026-07-30T07:53:51Z</time></trkpt><trkpt lat="49.87546" lon="18.08174"><time>2026-07-30T07:53:52Z</time></trkpt><trkpt lat="49.87548" lon="18.08138"><time>2026-07-30T07:53:53Z</time></trkpt><trkpt lat="49.8755" lon="18.08103"><time>2026-07-30T07:53:54Z</time></trkpt><trkpt lat="49.87553" lon="18.08068"><time>2026-07-30T07:53:55Z</time></trkpt><trkpt lat="49.87557" lon="18.08033"><time>2026-07-30T07:53:56Z</time></trkpt><trkpt lat="49.87561" lon="18.07997"><time>2026-07-30T07:53:57Z</time></trkpt><trkpt lat="49.87566" lon="18.07962"><time>2026-07-30T07:53:58Z</time></trkpt><trkpt lat="49.87572" lon="18.07926"><time>2026-07-30T07:53:59Z</time></trkpt><trkpt lat="49.87578" lon="18.07892"><time>2026-07-30T07:54:00Z</time></trkpt><trkpt lat="49.87586" lon="18.07856"><time>2026-07-30T07:54:01Z</time></trkpt><trkpt lat="49.87594" lon="18.07821"><time>2026-07-30T07:54:02Z</time></trkpt><trkpt lat="49.87603" lon="18.07786"><time>2026-07-30T07:54:03Z</time></trkpt><trkpt lat="49.87612" lon="18.07753"><time>2026-07-30T07:54:04Z</time></trkpt><trkpt lat="49.87621" lon="18.07722"><time>2026-07-30T07:54:05Z</time></trkpt><trkpt lat="49.87631" lon="18.07693"><time>2026-07-30T07:54:06Z</time></trkpt><trkpt lat="49.87641" lon="18.07663"><time>2026-07-30T07:54:07Z</time></trkpt><trkpt lat="49.87652" lon="18.07633"><time>2026-07-30T07:54:08Z</time></trkpt><trkpt lat="49.87663" lon="18.07604"><time>2026-07-30T07:54:09Z</time></trkpt><trkpt lat="49.87675" lon="18.07575"><time>2026-07-30T07:54:10Z</time></trkpt><trkpt lat="49.87687" lon="18.07547"><time>2026-07-30T07:54:11Z</time></trkpt><trkpt lat="49.87699" lon="18.0752"><time>2026-07-30T07:54:12Z</time></trkpt><trkpt lat="49.87712" lon="18.07494"><time>2026-07-30T07:54:13Z</time></trkpt><trkpt lat="49.87726" lon="18.07467"><time>2026-07-30T07:54:14Z</time></trkpt><trkpt lat="49.87739" lon="18.07442"><time>2026-07-30T07:54:15Z</time></trkpt><trkpt lat="49.87754" lon="18.07418"><time>2026-07-30T07:54:16Z</time></trkpt><trkpt lat="49.87769" lon="18.07392"><time>2026-07-30T07:54:17Z</time></trkpt><trkpt lat="49.87784" lon="18.07368"><time>2026-07-30T07:54:18Z</time></trkpt><trkpt lat="49.878" lon="18.07346"><time>2026-07-30T07:54:19Z</time></trkpt><trkpt lat="49.87815" lon="18.07324"><time>2026-07-30T07:54:20Z</time></trkpt><trkpt lat="49.87831" lon="18.07303"><time>2026-07-30T07:54:21Z</time></trkpt><trkpt lat="49.87848" lon="18.0728"><time>2026-07-30T07:54:22Z</time></trkpt><trkpt lat="49.87865" lon="18.07259"><time>2026-07-30T07:54:23Z</time></trkpt><trkpt lat="49.87884" lon="18.07239"><time>2026-07-30T07:54:24Z</time></trkpt><trkpt lat="49.87902" lon="18.07219"><time>2026-07-30T07:54:25Z</time></trkpt><trkpt lat="49.87921" lon="18.072"><time>2026-07-30T07:54:26Z</time></trkpt><trkpt lat="49.8794" lon="18.07182"><time>2026-07-30T07:54:27Z</time></trkpt><trkpt lat="49.87958" lon="18.07164"><time>2026-07-30T07:54:28Z</time></trkpt><trkpt lat="49.87977" lon="18.07147"><time>2026-07-30T07:54:29Z</time></trkpt><trkpt lat="49.87996" lon="18.07131"><time>2026-07-30T07:54:30Z</time></trkpt><trkpt lat="49.88015" lon="18.07116"><time>2026-07-30T07:54:31Z</time></trkpt><trkpt lat="49.88033" lon="18.071"><time>2026-07-30T07:54:32Z</time></trkpt><trkpt lat="49.88052" lon="18.07085"><time>2026-07-30T07:54:33Z</time></trkpt><trkpt lat="49.88071" lon="18.0707"><time>2026-07-30T07:54:34Z</time></trkpt><trkpt lat="49.88091" lon="18.07055"><time>2026-07-30T07:54:35Z</time></trkpt><trkpt lat="49.88109" lon="18.07041"><time>2026-07-30T07:54:36Z</time></trkpt><trkpt lat="49.88129" lon="18.07026"><time>2026-07-30T07:54:37Z</time></trkpt><trkpt lat="49.88149" lon="18.07011"><time>2026-07-30T07:54:38Z</time></trkpt><trkpt lat="49.8817" lon="18.06995"><time>2026-07-30T07:54:39Z</time></trkpt><trkpt lat="49.88192" lon="18.06978"><time>2026-07-30T07:54:40Z</time></trkpt><trkpt lat="49.88215" lon="18.06962"><time>2026-07-30T07:54:41Z</time></trkpt><trkpt lat="49.8824" lon="18.06946"><time>2026-07-30T07:54:42Z</time></trkpt><trkpt lat="49.88264" lon="18.06928"><time>2026-07-30T07:54:43Z</time></trkpt><trkpt lat="49.8829" lon="18.0691"><time>2026-07-30T07:54:44Z</time></trkpt><trkpt lat="49.88315" lon="18.06892"><time>2026-07-30T07:54:45Z</time></trkpt><trkpt lat="49.8834" lon="18.06874"><time>2026-07-30T07:54:46Z</time></trkpt><trkpt lat="49.88366" lon="18.06856"><time>2026-07-30T07:54:47Z</time></trkpt><trkpt lat="49.88392" lon="18.06838"><time>2026-07-30T07:54:48Z</time></trkpt><trkpt lat="49.88418" lon="18.0682"><time>2026-07-30T07:54:49Z</time></trkpt><trkpt lat="49.88444" lon="18.06804"><time>2026-07-30T07:54:50Z</time></trkpt><trkpt lat="49.88469" lon="18.06786"><time>2026-07-30T07:54:51Z</time></trkpt><trkpt lat="49.88493" lon="18.0677"><time>2026-07-30T07:54:52Z</time></trkpt><trkpt lat="49.88518" lon="18.06753"><time>2026-07-30T07:54:53Z</time></trkpt><trkpt lat="49.88542" lon="18.06735"><time>2026-07-30T07:54:54Z</time></trkpt><trkpt lat="49.88566" lon="18.06718"><time>2026-07-30T07:54:55Z</time></trkpt><trkpt lat="49.88588" lon="18.06702"><time>2026-07-30T07:54:56Z</time></trkpt><trkpt lat="49.8861" lon="18.06685"><time>2026-07-30T07:54:57Z</time></trkpt><trkpt lat="49.88633" lon="18.06667"><time>2026-07-30T07:54:58Z</time></trkpt><trkpt lat="49.88654" lon="18.0665"><time>2026-07-30T07:54:59Z</time></trkpt><trkpt lat="49.88676" lon="18.06632"><time>2026-07-30T07:55:00Z</time></trkpt><trkpt lat="49.88698" lon="18.06613"><time>2026-07-30T07:55:01Z</time></trkpt><trkpt lat="49.8872" lon="18.06595"><time>2026-07-30T07:55:02Z</time></trkpt><trkpt lat="49.88741" lon="18.06575"><time>2026-07-30T07:55:03Z</time></trkpt><trkpt lat="49.88763" lon="18.06555"><time>2026-07-30T07:55:04Z</time></trkpt><trkpt lat="49.88783" lon="18.06535"><time>2026-07-30T07:55:05Z</time></trkpt><trkpt lat="49.88804" lon="18.06514"><time>2026-07-30T07:55:06Z</time></trkpt><trkpt lat="49.88824" lon="18.06493"><time>2026-07-30T07:55:07Z</time></trkpt><trkpt lat="49.88844" lon="18.0647"><time>2026-07-30T07:55:08Z</time></trkpt><trkpt lat="49.88863" lon="18.06447"><time>2026-07-30T07:55:09Z</time></trkpt><trkpt lat="49.88882" lon="18.06423"><time>2026-07-30T07:55:10Z</time></trkpt><trkpt lat="49.889" lon="18.06399"><time>2026-07-30T07:55:11Z</time></trkpt><trkpt lat="49.88918" lon="18.06373"><time>2026-07-30T07:55:12Z</time></trkpt><trkpt lat="49.88935" lon="18.06347"><time>2026-07-30T07:55:13Z</time></trkpt><trkpt lat="49.88953" lon="18.0632"><time>2026-07-30T07:55:14Z</time></trkpt><trkpt lat="49.88969" lon="18.06294"><time>2026-07-30T07:55:15Z</time></trkpt><trkpt lat="49.88985" lon="18.06265"><time>2026-07-30T07:55:16Z</time></trkpt><trkpt lat="49.89001" lon="18.06237"><time>2026-07-30T07:55:17Z</time></trkpt><trkpt lat="49.89016" lon="18.06208"><time>2026-07-30T07:55:18Z</time></trkpt><trkpt lat="49.89031" lon="18.06178"><time>2026-07-30T07:55:19Z</time></trkpt><trkpt lat="49.89044" lon="18.06147"><time>2026-07-30T07:55:20Z</time></trkpt><trkpt lat="49.89058" lon="18.06116"><time>2026-07-30T07:55:21Z</time></trkpt><trkpt lat="49.89071" lon="18.06084"><time>2026-07-30T07:55:22Z</time></trkpt><trkpt lat="49.89084" lon="18.06052"><time>2026-07-30T07:55:23Z</time></trkpt><trkpt lat="49.89095" lon="18.0602"><time>2026-07-30T07:55:24Z</time></trkpt><trkpt lat="49.89106" lon="18.05986"><time>2026-07-30T07:55:25Z</time></trkpt><trkpt lat="49.89117" lon="18.05953"><time>2026-07-30T07:55:26Z</time></trkpt><trkpt lat="49.89127" lon="18.05918"><time>2026-07-30T07:55:27Z</time></trkpt><trkpt lat="49.89137" lon="18.05882"><time>2026-07-30T07:55:28Z</time></trkpt><trkpt lat="49.89146" lon="18.05846"><time>2026-07-30T07:55:29Z</time></trkpt><trkpt lat="49.89154" lon="18.0581"><time>2026-07-30T07:55:30Z</time></trkpt><trkpt lat="49.89162" lon="18.05772"><time>2026-07-30T07:55:31Z</time></trkpt><trkpt lat="49.8917" lon="18.05734"><time>2026-07-30T07:55:32Z</time></trkpt><trkpt lat="49.89177" lon="18.05696"><time>2026-07-30T07:55:33Z</time></trkpt><trkpt lat="49.89183" lon="18.05658"><time>2026-07-30T07:55:34Z</time></trkpt><trkpt lat="49.89189" lon="18.0562"><time>2026-07-30T07:55:35Z</time></trkpt><trkpt lat="49.89195" lon="18.05582"><time>2026-07-30T07:55:36Z</time></trkpt><trkpt lat="49.89201" lon="18.05544"><time>2026-07-30T07:55:37Z</time></trkpt><trkpt lat="49.89206" lon="18.05506"><time>2026-07-30T07:55:38Z</time></trkpt><trkpt lat="49.89212" lon="18.05469"><time>2026-07-30T07:55:39Z</time></trkpt><trkpt lat="49.89218" lon="18.05432"><time>2026-07-30T07:55:40Z</time></trkpt><trkpt lat="49.89224" lon="18.05394"><time>2026-07-30T07:55:41Z</time></trkpt><trkpt lat="49.8923" lon="18.05357"><time>2026-07-30T07:55:42Z</time></trkpt><trkpt lat="49.89237" lon="18.05319"><time>2026-07-30T07:55:43Z</time></trkpt><trkpt lat="49.89245" lon="18.05282"><time>2026-07-30T07:55:44Z</time></trkpt><trkpt lat="49.89254" lon="18.05244"><time>2026-07-30T07:55:45Z</time></trkpt><trkpt lat="49.89264" lon="18.05207"><time>2026-07-30T07:55:46Z</time></trkpt><trkpt lat="49.89274" lon="18.0517"><time>2026-07-30T07:55:47Z</time></trkpt><trkpt lat="49.89286" lon="18.05133"><time>2026-07-30T07:55:48Z</time></trkpt><trkpt lat="49.89298" lon="18.05097"><time>2026-07-30T07:55:49Z</time></trkpt><trkpt lat="49.8931" lon="18.05062"><time>2026-07-30T07:55:50Z</time></trkpt><trkpt lat="49.89323" lon="18.05028"><time>2026-07-30T07:55:51Z</time></trkpt><trkpt lat="49.89336" lon="18.04996"><time>2026-07-30T07:55:52Z</time></trkpt><trkpt lat="49.89348" lon="18.04963"><time>2026-07-30T07:55:53Z</time></trkpt><trkpt lat="49.89361" lon="18.0493"><time>2026-07-30T07:55:54Z</time></trkpt><trkpt lat="49.89373" lon="18.04897"><time>2026-07-30T07:55:55Z</time></trkpt><trkpt lat="49.89385" lon="18.04865"><time>2026-07-30T07:55:56Z</time></trkpt><trkpt lat="49.89397" lon="18.04832"><time>2026-07-30T07:55:57Z</time></trkpt><trkpt lat="49.89408" lon="18.04799"><time>2026-07-30T07:55:58Z</time></trkpt><trkpt lat="49.89418" lon="18.04766"><time>2026-07-30T07:55:59Z</time></trkpt><trkpt lat="49.89427" lon="18.04732"><time>2026-07-30T07:56:00Z</time></trkpt><trkpt lat="49.89435" lon="18.04697"><time>2026-07-30T07:56:01Z</time></trkpt><trkpt lat="49.89442" lon="18.04662"><time>2026-07-30T07:56:02Z</time></trkpt><trkpt lat="49.89449" lon="18.04625"><time>2026-07-30T07:56:03Z</time></trkpt><trkpt lat="49.89455" lon="18.04588"><time>2026-07-30T07:56:04Z</time></trkpt><trkpt lat="49.89459" lon="18.0455"><time>2026-07-30T07:56:05Z</time></trkpt><trkpt lat="49.89463" lon="18.0451"><time>2026-07-30T07:56:06Z</time></trkpt><trkpt lat="49.89465" lon="18.04471"><time>2026-07-30T07:56:07Z</time></trkpt><trkpt lat="49.89466" lon="18.04432"><time>2026-07-30T07:56:08Z</time></trkpt><trkpt lat="49.89466" lon="18.04392"><time>2026-07-30T07:56:09Z</time></trkpt><trkpt lat="49.89465" lon="18.04352"><time>2026-07-30T07:56:10Z</time></trkpt><trkpt lat="49.89463" lon="18.04312"><time>2026-07-30T07:56:11Z</time></trkpt><trkpt lat="49.89459" lon="18.04274"><time>2026-07-30T07:56:12Z</time></trkpt><trkpt lat="49.89455" lon="18.04235"><time>2026-07-30T07:56:13Z</time></trkpt><trkpt lat="49.8945" lon="18.04196"><time>2026-07-30T07:56:14Z</time></trkpt><trkpt lat="49.89445" lon="18.04157"><time>2026-07-30T07:56:15Z</time></trkpt><trkpt lat="49.8944" lon="18.04117"><time>2026-07-30T07:56:16Z</time></trkpt><trkpt lat="49.89435" lon="18.04077"><time>2026-07-30T07:56:17Z</time></trkpt><trkpt lat="49.8943" lon="18.04038"><time>2026-07-30T07:56:18Z</time></trkpt><trkpt lat="49.89425" lon="18.03998"><time>2026-07-30T07:56:19Z</time></trkpt><trkpt lat="49.89422" lon="18.03958"><time>2026-07-30T07:56:20Z</time></trkpt><trkpt lat="49.89419" lon="18.03918"><time>2026-07-30T07:56:21Z</time></trkpt><trkpt lat="49.89418" lon="18.03877"><time>2026-07-30T07:56:22Z</time></trkpt><trkpt lat="49.89418" lon="18.03837"><time>2026-07-30T07:56:23Z</time></trkpt><trkpt lat="49.8942" lon="18.03797"><time>2026-07-30T07:56:24Z</time></trkpt><trkpt lat="49.89422" lon="18.03758"><time>2026-07-30T07:56:25Z</time></trkpt><trkpt lat="49.89426" lon="18.03718"><time>2026-07-30T07:56:26Z</time></trkpt><trkpt lat="49.89431" lon="18.03679"><time>2026-07-30T07:56:27Z</time></trkpt><trkpt lat="49.89439" lon="18.0364"><time>2026-07-30T07:56:28Z</time></trkpt><trkpt lat="49.89447" lon="18.03602"><time>2026-07-30T07:56:29Z</time></trkpt><trkpt lat="49.89456" lon="18.03562"><time>2026-07-30T07:56:30Z</time></trkpt><trkpt lat="49.89466" lon="18.03525"><time>2026-07-30T07:56:31Z</time></trkpt><trkpt lat="49.89477" lon="18.03488"><time>2026-07-30T07:56:32Z</time></trkpt><trkpt lat="49.8949" lon="18.03452"><time>2026-07-30T07:56:33Z</time></trkpt><trkpt lat="49.89505" lon="18.03418"><time>2026-07-30T07:56:34Z</time></trkpt><trkpt lat="49.8952" lon="18.03384"><time>2026-07-30T07:56:35Z</time></trkpt><trkpt lat="49.89536" lon="18.03351"><time>2026-07-30T07:56:36Z</time></trkpt><trkpt lat="49.89552" lon="18.03321"><time>2026-07-30T07:56:37Z</time></trkpt><trkpt lat="49.89571" lon="18.03292"><time>2026-07-30T07:56:38Z</time></trkpt><trkpt lat="49.89589" lon="18.03263"><time>2026-07-30T07:56:39Z</time></trkpt><trkpt lat="49.89607" lon="18.03234"><time>2026-07-30T07:56:40Z</time></trkpt><trkpt lat="49.89625" lon="18.03206"><time>2026-07-30T07:56:41Z</time></trkpt><trkpt lat="49.89645" lon="18.03179"><time>2026-07-30T07:56:42Z</time></trkpt><trkpt lat="49.89663" lon="18.03153"><time>2026-07-30T07:56:43Z</time></trkpt><trkpt lat="49.89682" lon="18.03127"><time>2026-07-30T07:56:44Z</time></trkpt><trkpt lat="49.897" lon="18.03102"><time>2026-07-30T07:56:45Z</time></trkpt><trkpt lat="49.89719" lon="18.03076"><time>2026-07-30T07:56:46Z</time></trkpt><trkpt lat="49.89737" lon="18.03049"><time>2026-07-30T07:56:47Z</time></trkpt><trkpt lat="49.89756" lon="18.03023"><time>2026-07-30T07:56:48Z</time></trkpt><trkpt lat="49.89774" lon="18.02996"><time>2026-07-30T07:56:49Z</time></trkpt><trkpt lat="49.89792" lon="18.02968"><time>2026-07-30T07:56:50Z</time></trkpt><trkpt lat="49.89809" lon="18.0294"><time>2026-07-30T07:56:51Z</time></trkpt><trkpt lat="49.89825" lon="18.02911"><time>2026-07-30T07:56:52Z</time></trkpt><trkpt lat="49.89842" lon="18.02882"><time>2026-07-30T07:56:53Z</time></trkpt><trkpt lat="49.89858" lon="18.02851"><time>2026-07-30T07:56:54Z</time></trkpt><trkpt lat="49.89875" lon="18.02821"><time>2026-07-30T07:56:55Z</time></trkpt><trkpt lat="49.89891" lon="18.0279"><time>2026-07-30T07:56:56Z</time></trkpt><trkpt lat="49.89907" lon="18.02759"><time>2026-07-30T07:56:57Z</time></trkpt><trkpt lat="49.89922" lon="18.02726"><time>2026-07-30T07:56:58Z</time></trkpt><trkpt lat="49.89937" lon="18.02694"><time>2026-07-30T07:56:59Z</time></trkpt><trkpt lat="49.89949" lon="18.02662"><time>2026-07-30T07:57:00Z</time></trkpt><trkpt lat="49.89962" lon="18.02631"><time>2026-07-30T07:57:01Z</time></trkpt><trkpt lat="49.89975" lon="18.02601"><time>2026-07-30T07:57:02Z</time></trkpt><trkpt lat="49.89987" lon="18.0257"><time>2026-07-30T07:57:03Z</time></trkpt><trkpt lat="49.89998" lon="18.02539"><time>2026-07-30T07:57:04Z</time></trkpt><trkpt lat="49.90011" lon="18.02508"><time>2026-07-30T07:57:05Z</time></trkpt><trkpt lat="49.90022" lon="18.02477"><time>2026-07-30T07:57:06Z</time></trkpt><trkpt lat="49.90033" lon="18.02448"><time>2026-07-30T07:57:07Z</time></trkpt><trkpt lat="49.90044" lon="18.0242"><time>2026-07-30T07:57:08Z</time></trkpt><trkpt lat="49.90054" lon="18.02393"><time>2026-07-30T07:57:09Z</time></trkpt><trkpt lat="49.90064" lon="18.02366"><time>2026-07-30T07:57:10Z</time></trkpt><trkpt lat="49.90073" lon="18.0234"><time>2026-07-30T07:57:11Z</time></trkpt><trkpt lat="49.90083" lon="18.02315"><time>2026-07-30T07:57:12Z</time></trkpt><trkpt lat="49.90092" lon="18.0229"><time>2026-07-30T07:57:13Z</time></trkpt><trkpt lat="49.90102" lon="18.02264"><time>2026-07-30T07:57:14Z</time></trkpt><trkpt lat="49.90112" lon="18.02237"><time>2026-07-30T07:57:15Z</time></trkpt><trkpt lat="49.90122" lon="18.0221"><time>2026-07-30T07:57:16Z</time></trkpt><trkpt lat="49.90131" lon="18.02183"><time>2026-07-30T07:57:17Z</time></trkpt><trkpt lat="49.90141" lon="18.02155"><time>2026-07-30T07:57:18Z</time></trkpt><trkpt lat="49.90152" lon="18.02126"><time>2026-07-30T07:57:19Z</time></trkpt><trkpt lat="49.90162" lon="18.02097"><time>2026-07-30T07:57:20Z</time></trkpt><trkpt lat="49.90172" lon="18.02067"><time>2026-07-30T07:57:21Z</time></trkpt><trkpt lat="49.90183" lon="18.02036"><time>2026-07-30T07:57:22Z</time></trkpt><trkpt lat="49.90193" lon="18.02007"><time>2026-07-30T07:57:23Z</time></trkpt><trkpt lat="49.90203" lon="18.01977"><time>2026-07-30T07:57:24Z</time></trkpt><trkpt lat="49.90212" lon="18.01948"><time>2026-07-30T07:57:25Z</time></trkpt><trkpt lat="49.90222" lon="18.01918"><time>2026-07-30T07:57:26Z</time></trkpt><trkpt lat="49.90232" lon="18.01891"><time>2026-07-30T07:57:27Z</time></trkpt><trkpt lat="49.90242" lon="18.01863"><time>2026-07-30T07:57:28Z</time></trkpt><trkpt lat="49.90252" lon="18.01835"><time>2026-07-30T07:57:29Z</time></trkpt><trkpt lat="49.90262" lon="18.01806"><time>2026-07-30T07:57:30Z</time></trkpt><trkpt lat="49.90272" lon="18.01778"><time>2026-07-30T07:57:31Z</time></trkpt><trkpt lat="49.90282" lon="18.01749"><time>2026-07-30T07:57:32Z</time></trkpt><trkpt lat="49.90291" lon="18.01721"><time>2026-07-30T07:57:33Z</time></trkpt><trkpt lat="49.90301" lon="18.01696"><time>2026-07-30T07:57:34Z</time></trkpt><trkpt lat="49.9031" lon="18.01669"><time>2026-07-30T07:57:35Z</time></trkpt><trkpt lat="49.90319" lon="18.01642"><time>2026-07-30T07:57:36Z</time></trkpt><trkpt lat="49.90328" lon="18.01614"><time>2026-07-30T07:57:37Z</time></trkpt><trkpt lat="49.90338" lon="18.01587"><time>2026-07-30T07:57:38Z</time></trkpt><trkpt lat="49.90346" lon="18.0156"><time>2026-07-30T07:57:39Z</time></trkpt><trkpt lat="49.90355" lon="18.01532"><time>2026-07-30T07:57:40Z</time></trkpt><trkpt lat="49.90364" lon="18.01505"><time>2026-07-30T07:57:41Z</time></trkpt><trkpt lat="49.90373" lon="18.01476"><time>2026-07-30T07:57:42Z</time></trkpt><trkpt lat="49.90383" lon="18.01447"><time>2026-07-30T07:57:43Z</time></trkpt><trkpt lat="49.90392" lon="18.01417"><time>2026-07-30T07:57:44Z</time></trkpt><trkpt lat="49.90401" lon="18.01387"><time>2026-07-30T07:57:45Z</time></trkpt><trkpt lat="49.9041" lon="18.01358"><time>2026-07-30T07:57:46Z</time></trkpt><trkpt lat="49.90419" lon="18.01328"><time>2026-07-30T07:57:47Z</time></trkpt><trkpt lat="49.90428" lon="18.01298"><time>2026-07-30T07:57:48Z</time></trkpt><trkpt lat="49.90438" lon="18.01266"><time>2026-07-30T07:57:49Z</time></trkpt><trkpt lat="49.90446" lon="18.01234"><time>2026-07-30T07:57:50Z</time></trkpt><trkpt lat="49.90456" lon="18.01202"><time>2026-07-30T07:57:51Z</time></trkpt><trkpt lat="49.90465" lon="18.0117"><time>2026-07-30T07:57:52Z</time></trkpt><trkpt lat="49.90474" lon="18.01138"><time>2026-07-30T07:57:53Z</time></trkpt><trkpt lat="49.90483" lon="18.01107"><time>2026-07-30T07:57:54Z</time></trkpt><trkpt lat="49.90492" lon="18.01075"><time>2026-07-30T07:57:55Z</time></trkpt><trkpt lat="49.90502" lon="18.01043"><time>2026-07-30T07:57:56Z</time></trkpt><trkpt lat="49.90511" lon="18.01012"><time>2026-07-30T07:57:57Z</time></trkpt><trkpt lat="49.9052" lon="18.00981"><time>2026-07-30T07:57:58Z</time></trkpt><trkpt lat="49.90529" lon="18.00951"><time>2026-07-30T07:57:59Z</time></trkpt><trkpt lat="49.90537" lon="18.0092"><time>2026-07-30T07:58:00Z</time></trkpt><trkpt lat="49.90546" lon="18.00891"><time>2026-07-30T07:58:01Z</time></trkpt><trkpt lat="49.90554" lon="18.00861"><time>2026-07-30T07:58:02Z</time></trkpt><trkpt lat="49.90562" lon="18.00833"><time>2026-07-30T07:58:03Z</time></trkpt><trkpt lat="49.9057" lon="18.00805"><time>2026-07-30T07:58:04Z</time></trkpt><trkpt lat="49.90578" lon="18.00776"><time>2026-07-30T07:58:05Z</time></trkpt><trkpt lat="49.90586" lon="18.00747"><time>2026-07-30T07:58:06Z</time></trkpt><trkpt lat="49.90594" lon="18.00718"><time>2026-07-30T07:58:07Z</time></trkpt><trkpt lat="49.90603" lon="18.00688"><time>2026-07-30T07:58:08Z</time></trkpt><trkpt lat="49.90611" lon="18.0066"><time>2026-07-30T07:58:09Z</time></trkpt><trkpt lat="49.90618" lon="18.00635"><time>2026-07-30T07:58:10Z</time></trkpt><trkpt lat="49.90625" lon="18.00611"><time>2026-07-30T07:58:11Z</time></trkpt><trkpt lat="49.90631" lon="18.00589"><time>2026-07-30T07:58:12Z</time></trkpt><trkpt lat="49.90637" lon="18.00569"><time>2026-07-30T07:58:13Z</time></trkpt><trkpt lat="49.90642" lon="18.00551"><time>2026-07-30T07:58:14Z</time></trkpt><trkpt lat="49.90647" lon="18.00535"><time>2026-07-30T07:58:15Z</time></trkpt><trkpt lat="49.90651" lon="18.0052"><time>2026-07-30T07:58:16Z</time></trkpt><trkpt lat="49.90655" lon="18.00507"><time>2026-07-30T07:58:17Z</time></trkpt><trkpt lat="49.90659" lon="18.00495"><time>2026-07-30T07:58:18Z</time></trkpt><trkpt lat="49.90662" lon="18.00486"><time>2026-07-30T07:58:19Z</time></trkpt><trkpt lat="49.90664" lon="18.00478"><time>2026-07-30T07:58:20Z</time></trkpt><trkpt lat="49.90666" lon="18.00471"><time>2026-07-30T07:58:21Z</time></trkpt><trkpt lat="49.90668" lon="18.00466"><time>2026-07-30T07:58:22Z</time></trkpt><trkpt lat="49.90669" lon="18.00462"><time>2026-07-30T07:58:23Z</time></trkpt><trkpt lat="49.9067" lon="18.00458"><time>2026-07-30T07:58:24Z</time></trkpt><trkpt lat="49.90671" lon="18.00456"><time>2026-07-30T07:58:25Z</time></trkpt><trkpt lat="49.90672" lon="18.00453"><time>2026-07-30T07:58:36Z</time></trkpt><trkpt lat="49.90674" lon="18.00445"><time>2026-07-30T07:58:37Z</time></trkpt><trkpt lat="49.90678" lon="18.00433"><time>2026-07-30T07:58:38Z</time></trkpt><trkpt lat="49.90682" lon="18.00418"><time>2026-07-30T07:58:39Z</time></trkpt><trkpt lat="49.90687" lon="18.00402"><time>2026-07-30T07:58:40Z</time></trkpt><trkpt lat="49.90693" lon="18.00383"><time>2026-07-30T07:58:41Z</time></trkpt><trkpt lat="49.90699" lon="18.00363"><time>2026-07-30T07:58:42Z</time></trkpt><trkpt lat="49.90705" lon="18.0034"><time>2026-07-30T07:58:43Z</time></trkpt><trkpt lat="49.90712" lon="18.00317"><time>2026-07-30T07:58:44Z</time></trkpt><trkpt lat="49.90718" lon="18.00296"><time>2026-07-30T07:58:45Z</time></trkpt><trkpt lat="49.90725" lon="18.00274"><time>2026-07-30T07:58:46Z</time></trkpt><trkpt lat="49.90732" lon="18.00251"><time>2026-07-30T07:58:47Z</time></trkpt><trkpt lat="49.90738" lon="18.00228"><time>2026-07-30T07:58:48Z</time></trkpt><trkpt lat="49.90745" lon="18.00206"><time>2026-07-30T07:58:49Z</time></trkpt><trkpt lat="49.90751" lon="18.00185"><time>2026-07-30T07:58:50Z</time></trkpt><trkpt lat="49.90757" lon="18.00164"><time>2026-07-30T07:58:51Z</time></trkpt><trkpt lat="49.90763" lon="18.00144"><time>2026-07-30T07:58:52Z</time></trkpt><trkpt lat="49.90768" lon="18.00123"><time>2026-07-30T07:58:53Z</time></trkpt><trkpt lat="49.90774" lon="18.00102"><time>2026-07-30T07:58:54Z</time></trkpt><trkpt lat="49.9078" lon="18.00081"><time>2026-07-30T07:58:55Z</time></trkpt><trkpt lat="49.90786" lon="18.00061"><time>2026-07-30T07:58:56Z</time></trkpt><trkpt lat="49.90791" lon="18.00041"><time>2026-07-30T07:58:57Z</time></trkpt><trkpt lat="49.90797" lon="18.00021"><time>2026-07-30T07:58:58Z</time></trkpt><trkpt lat="49.90804" lon="18.0"><time>2026-07-30T07:58:59Z</time></trkpt><trkpt lat="49.9081" lon="17.99979"><time>2026-07-30T07:59:00Z</time></trkpt><trkpt lat="49.90816" lon="17.99958"><time>2026-07-30T07:59:01Z</time></trkpt><trkpt lat="49.90822" lon="17.99937"><time>2026-07-30T07:59:02Z</time></trkpt><trkpt lat="49.90829" lon="17.99915"><time>2026-07-30T07:59:03Z</time></trkpt><trkpt lat="49.90836" lon="17.99892"><time>2026-07-30T07:59:04Z</time></trkpt><trkpt lat="49.90843" lon="17.99868"><time>2026-07-30T07:59:05Z</time></trkpt><trkpt lat="49.90851" lon="17.99846"><time>2026-07-30T07:59:06Z</time></trkpt><trkpt lat="49.90858" lon="17.99822"><time>2026-07-30T07:59:07Z</time></trkpt><trkpt lat="49.90865" lon="17.99799"><time>2026-07-30T07:59:08Z</time></trkpt><trkpt lat="49.90872" lon="17.99775"><time>2026-07-30T07:59:10Z</time></trkpt><trkpt lat="49.90879" lon="17.9975"><time>2026-07-30T07:59:10Z</time></trkpt><trkpt lat="49.90886" lon="17.99726"><time>2026-07-30T07:59:11Z</time></trkpt><trkpt lat="49.90892" lon="17.99701"><time>2026-07-30T07:59:12Z</time></trkpt><trkpt lat="49.90899" lon="17.99676"><time>2026-07-30T07:59:13Z</time></trkpt><trkpt lat="49.90906" lon="17.99652"><time>2026-07-30T07:59:14Z</time></trkpt><trkpt lat="49.90914" lon="17.99628"><time>2026-07-30T07:59:15Z</time></trkpt><trkpt lat="49.9092" lon="17.99603"><time>2026-07-30T07:59:16Z</time></trkpt><trkpt lat="49.90928" lon="17.99579"><time>2026-07-30T07:59:17Z</time></trkpt><trkpt lat="49.90935" lon="17.99554"><time>2026-07-30T07:59:18Z</time></trkpt><trkpt lat="49.90942" lon="17.99529"><time>2026-07-30T07:59:19Z</time></trkpt><trkpt lat="49.90949" lon="17.99506"><time>2026-07-30T07:59:20Z</time></trkpt><trkpt lat="49.90956" lon="17.99483"><time>2026-07-30T07:59:21Z</time></trkpt><trkpt lat="49.90963" lon="17.99458"><time>2026-07-30T07:59:22Z</time></trkpt><trkpt lat="49.90969" lon="17.99433"><time>2026-07-30T07:59:23Z</time></trkpt><trkpt lat="49.90977" lon="17.9941"><time>2026-07-30T07:59:24Z</time></trkpt><trkpt lat="49.90984" lon="17.99385"><time>2026-07-30T07:59:25Z</time></trkpt><trkpt lat="49.90991" lon="17.99361"><time>2026-07-30T07:59:26Z</time></trkpt><trkpt lat="49.90998" lon="17.99337"><time>2026-07-30T07:59:27Z</time></trkpt><trkpt lat="49.91005" lon="17.99313"><time>2026-07-30T07:59:28Z</time></trkpt><trkpt lat="49.91012" lon="17.99288"><time>2026-07-30T07:59:29Z</time></trkpt><trkpt lat="49.91019" lon="17.99264"><time>2026-07-30T07:59:30Z</time></trkpt><trkpt lat="49.91026" lon="17.99241"><time>2026-07-30T07:59:31Z</time></trkpt><trkpt lat="49.91033" lon="17.99217"><time>2026-07-30T07:59:32Z</time></trkpt><trkpt lat="49.9104" lon="17.99193"><time>2026-07-30T07:59:33Z</time></trkpt><trkpt lat="49.91046" lon="17.9917"><time>2026-07-30T07:59:34Z</time></trkpt><trkpt lat="49.91053" lon="17.99147"><time>2026-07-30T07:59:35Z</time></trkpt><trkpt lat="49.91059" lon="17.99124"><time>2026-07-30T07:59:36Z</time></trkpt><trkpt lat="49.91066" lon="17.99101"><time>2026-07-30T07:59:37Z</time></trkpt><trkpt lat="49.91072" lon="17.99079"><time>2026-07-30T07:59:38Z</time></trkpt><trkpt lat="49.91078" lon="17.99058"><time>2026-07-30T07:59:39Z</time></trkpt><trkpt lat="49.91084" lon="17.99038"><time>2026-07-30T07:59:40Z</time></trkpt><trkpt lat="49.91089" lon="17.99018"><time>2026-07-30T07:59:41Z</time></trkpt><trkpt lat="49.91095" lon="17.98999"><time>2026-07-30T07:59:42Z</time></trkpt><trkpt lat="49.91101" lon="17.98981"><time>2026-07-30T07:59:43Z</time></trkpt><trkpt lat="49.91106" lon="17.98964"><time>2026-07-30T07:59:44Z</time></trkpt><trkpt lat="49.9111" lon="17.98947"><time>2026-07-30T07:59:45Z</time></trkpt><trkpt lat="49.91116" lon="17.98929"><time>2026-07-30T07:59:46Z</time></trkpt><trkpt lat="49.91121" lon="17.98911"><time>2026-07-30T07:59:47Z</time></trkpt><trkpt lat="49.91126" lon="17.98892"><time>2026-07-30T07:59:48Z</time></trkpt><trkpt lat="49.91132" lon="17.98874"><time>2026-07-30T07:59:49Z</time></trkpt><trkpt lat="49.91137" lon="17.98855"><time>2026-07-30T07:59:50Z</time></trkpt><trkpt lat="49.91142" lon="17.98836"><time>2026-07-30T07:59:51Z</time></trkpt><trkpt lat="49.91148" lon="17.98817"><time>2026-07-30T07:59:52Z</time></trkpt><trkpt lat="49.91153" lon="17.98797"><time>2026-07-30T07:59:53Z</time></trkpt><trkpt lat="49.91159" lon="17.98779"><time>2026-07-30T07:59:54Z</time></trkpt><trkpt lat="49.91164" lon="17.98761"><time>2026-07-30T07:59:55Z</time></trkpt><trkpt lat="49.9117" lon="17.98742"><time>2026-07-30T07:59:56Z</time></trkpt><trkpt lat="49.91176" lon="17.98722"><time>2026-07-30T07:59:57Z</time></trkpt><trkpt lat="49.91181" lon="17.98702"><time>2026-07-30T07:59:58Z</time></trkpt><trkpt lat="49.91187" lon="17.98683"><time>2026-07-30T07:59:59Z</time></trkpt><trkpt lat="49.91193" lon="17.98663"><time>2026-07-30T08:00:00Z</time></trkpt><trkpt lat="49.91199" lon="17.98643"><time>2026-07-30T08:00:01Z</time></trkpt><trkpt lat="49.91205" lon="17.98624"><time>2026-07-30T08:00:02Z</time></trkpt><trkpt lat="49.9121" lon="17.98603"><time>2026-07-30T08:00:03Z</time></trkpt><trkpt lat="49.91217" lon="17.98582"><time>2026-07-30T08:00:04Z</time></trkpt><trkpt lat="49.91223" lon="17.98561"><time>2026-07-30T08:00:05Z</time></trkpt><trkpt lat="49.91229" lon="17.9854"><time>2026-07-30T08:00:06Z</time></trkpt><trkpt lat="49.91234" lon="17.98519"><time>2026-07-30T08:00:07Z</time></trkpt><trkpt lat="49.9124" lon="17.98498"><time>2026-07-30T08:00:08Z</time></trkpt><trkpt lat="49.91246" lon="17.98477"><time>2026-07-30T08:00:09Z</time></trkpt><trkpt lat="49.91252" lon="17.98457"><time>2026-07-30T08:00:10Z</time></trkpt><trkpt lat="49.91258" lon="17.98437"><time>2026-07-30T08:00:11Z</time></trkpt><trkpt lat="49.91264" lon="17.98416"><time>2026-07-30T08:00:12Z</time></trkpt><trkpt lat="49.9127" lon="17.98395"><time>2026-07-30T08:00:13Z</time></trkpt><trkpt lat="49.91276" lon="17.98375"><time>2026-07-30T08:00:14Z</time></trkpt><trkpt lat="49.91281" lon="17.98354"><time>2026-07-30T08:00:15Z</time></trkpt><trkpt lat="49.91288" lon="17.98333"><time>2026-07-30T08:00:16Z</time></trkpt><trkpt lat="49.91294" lon="17.98312"><time>2026-07-30T08:00:17Z</time></trkpt><trkpt lat="49.91299" lon="17.98292"><time>2026-07-30T08:00:18Z</time></trkpt><trkpt lat="49.91305" lon="17.98271"><time>2026-07-30T08:00:19Z</time></trkpt><trkpt lat="49.91311" lon="17.9825"><time>2026-07-30T08:00:20Z</time></trkpt><trkpt lat="49.91318" lon="17.98229"><time>2026-07-30T08:00:21Z</time></trkpt><trkpt lat="49.91324" lon="17.98208"><time>2026-07-30T08:00:22Z</time></trkpt><trkpt lat="49.9133" lon="17.98187"><time>2026-07-30T08:00:23Z</time></trkpt><trkpt lat="49.91336" lon="17.98166"><time>2026-07-30T08:00:24Z</time></trkpt><trkpt lat="49.91342" lon="17.98144"><time>2026-07-30T08:00:25Z</time></trkpt><trkpt lat="49.91349" lon="17.98123"><time>2026-07-30T08:00:26Z</time></trkpt><trkpt lat="49.91355" lon="17.98102"><time>2026-07-30T08:00:27Z</time></trkpt><trkpt lat="49.91361" lon="17.98081"><time>2026-07-30T08:00:28Z</time></trkpt><trkpt lat="49.91366" lon="17.9806"><time>2026-07-30T08:00:29Z</time></trkpt><trkpt lat="49.91373" lon="17.98039"><time>2026-07-30T08:00:30Z</time></trkpt><trkpt lat="49.91379" lon="17.98018"><time>2026-07-30T08:00:31Z</time></trkpt><trkpt lat="49.91386" lon="17.97996"><time>2026-07-30T08:00:32Z</time></trkpt><trkpt lat="49.91393" lon="17.97972"><time>2026-07-30T08:00:33Z</time></trkpt><trkpt lat="49.91399" lon="17.97948"><time>2026-07-30T08:00:34Z</time></trkpt><trkpt lat="49.91406" lon="17.97924"><time>2026-07-30T08:00:35Z</time></trkpt><trkpt lat="49.91412" lon="17.979"><time>2026-07-30T08:00:36Z</time></trkpt><trkpt lat="49.91419" lon="17.97876"><time>2026-07-30T08:00:37Z</time></trkpt><trkpt lat="49.91426" lon="17.97852"><time>2026-07-30T08:00:38Z</time></trkpt><trkpt lat="49.91433" lon="17.97829"><time>2026-07-30T08:00:39Z</time></trkpt><trkpt lat="49.91439" lon="17.97806"><time>2026-07-30T08:00:40Z</time></trkpt><trkpt lat="49.91445" lon="17.97784"><time>2026-07-30T08:00:41Z</time></trkpt><trkpt lat="49.91452" lon="17.97763"><time>2026-07-30T08:00:42Z</time></trkpt><trkpt lat="49.91458" lon="17.97742"><time>2026-07-30T08:00:43Z</time></trkpt><trkpt lat="49.91464" lon="17.97722"><time>2026-07-30T08:00:44Z</time></trkpt><trkpt lat="49.91469" lon="17.97702"><time>2026-07-30T08:00:45Z</time></trkpt><trkpt lat="49.91475" lon="17.97683"><time>2026-07-30T08:00:46Z</time></trkpt><trkpt lat="49.91481" lon="17.97664"><time>2026-07-30T08:00:47Z</time></trkpt><trkpt lat="49.91486" lon="17.97645"><time>2026-07-30T08:00:48Z</time></trkpt><trkpt lat="49.91492" lon="17.97626"><time>2026-07-30T08:00:49Z</time></trkpt><trkpt lat="49.91498" lon="17.97607"><time>2026-07-30T08:00:50Z</time></trkpt><trkpt lat="49.91504" lon="17.97588"><time>2026-07-30T08:00:51Z</time></trkpt><trkpt lat="49.91509" lon="17.97569"><time>2026-07-30T08:00:52Z</time></trkpt><trkpt lat="49.91515" lon="17.9755"><time>2026-07-30T08:00:53Z</time></trkpt><trkpt lat="49.91521" lon="17.97531"><time>2026-07-30T08:00:54Z</time></trkpt><trkpt lat="49.91526" lon="17.97512"><time>2026-07-30T08:00:55Z</time></trkpt><trkpt lat="49.91532" lon="17.97494"><time>2026-07-30T08:00:56Z</time></trkpt><trkpt lat="49.91537" lon="17.97476"><time>2026-07-30T08:00:57Z</time></trkpt><trkpt lat="49.91543" lon="17.97458"><time>2026-07-30T08:00:58Z</time></trkpt><trkpt lat="49.91547" lon="17.97439"><time>2026-07-30T08:00:59Z</time></trkpt><trkpt lat="49.91552" lon="17.97419"><time>2026-07-30T08:01:00Z</time></trkpt><trkpt lat="49.91556" lon="17.97399"><time>2026-07-30T08:01:01Z</time></trkpt><trkpt lat="49.91561" lon="17.97381"><time>2026-07-30T08:01:02Z</time></trkpt><trkpt lat="49.91565" lon="17.97363"><time>2026-07-30T08:01:03Z</time></trkpt><trkpt lat="49.91568" lon="17.97345"><time>2026-07-30T08:01:04Z</time></trkpt><trkpt lat="49.91571" lon="17.97329"><time>2026-07-30T08:01:05Z</time></trkpt><trkpt lat="49.91575" lon="17.97312"><time>2026-07-30T08:01:06Z</time></trkpt><trkpt lat="49.91578" lon="17.97297"><time>2026-07-30T08:01:07Z</time></trkpt><trkpt lat="49.91581" lon="17.97282"><time>2026-07-30T08:01:08Z</time></trkpt><trkpt lat="49.91584" lon="17.97268"><time>2026-07-30T08:01:09Z</time></trkpt><trkpt lat="49.91587" lon="17.97254"><time>2026-07-30T08:01:10Z</time></trkpt><trkpt lat="49.9159" lon="17.97243"><time>2026-07-30T08:01:11Z</time></trkpt><trkpt lat="49.91592" lon="17.97234"><time>2026-07-30T08:01:12Z</time></trkpt><trkpt lat="49.91594" lon="17.97228"><time>2026-07-30T08:01:13Z</time></trkpt><trkpt lat="49.91595" lon="17.97223"><time>2026-07-30T08:01:14Z</time></trkpt><trkpt lat="49.91595" lon="17.97221"><time>2026-07-30T08:01:15Z</time></trkpt><trkpt lat="49.91596" lon="17.97218"><time>2026-07-30T08:01:16Z</time></trkpt><trkpt lat="49.91596" lon="17.97215"><time>2026-07-30T08:01:17Z</time></trkpt><trkpt lat="49.91598" lon="17.97207"><time>2026-07-30T08:01:18Z</time></trkpt><trkpt lat="49.916" lon="17.97196"><time>2026-07-30T08:01:19Z</time></trkpt><trkpt lat="49.91603" lon="17.97181"><time>2026-07-30T08:01:20Z</time></trkpt><trkpt lat="49.91607" lon="17.97164"><time>2026-07-30T08:01:21Z</time></trkpt><trkpt lat="49.91611" lon="17.97143"><time>2026-07-30T08:01:22Z</time></trkpt><trkpt lat="49.91615" lon="17.97121"><time>2026-07-30T08:01:23Z</time></trkpt><trkpt lat="49.9162" lon="17.97099"><time>2026-07-30T08:01:24Z</time></trkpt><trkpt lat="49.91624" lon="17.97075"><time>2026-07-30T08:01:25Z</time></trkpt><trkpt lat="49.91629" lon="17.97051"><time>2026-07-30T08:01:26Z</time></trkpt><trkpt lat="49.91634" lon="17.97027"><time>2026-07-30T08:01:27Z</time></trkpt><trkpt lat="49.91638" lon="17.97004"><time>2026-07-30T08:01:28Z</time></trkpt><trkpt lat="49.91643" lon="17.96983"><time>2026-07-30T08:01:29Z</time></trkpt><trkpt lat="49.91647" lon="17.96962"><time>2026-07-30T08:01:30Z</time></trkpt><trkpt lat="49.91651" lon="17.9694"><time>2026-07-30T08:01:31Z</time></trkpt><trkpt lat="49.91655" lon="17.96919"><time>2026-07-30T08:01:32Z</time></trkpt><trkpt lat="49.9166" lon="17.96898"><time>2026-07-30T08:01:33Z</time></trkpt><trkpt lat="49.91664" lon="17.96877"><time>2026-07-30T08:01:34Z</time></trkpt><trkpt lat="49.91669" lon="17.96857"><time>2026-07-30T08:01:35Z</time></trkpt><trkpt lat="49.91673" lon="17.96837"><time>2026-07-30T08:01:36Z</time></trkpt><trkpt lat="49.91677" lon="17.96816"><time>2026-07-30T08:01:37Z</time></trkpt><trkpt lat="49.91682" lon="17.96794"><time>2026-07-30T08:01:38Z</time></trkpt><trkpt lat="49.91686" lon="17.96773"><time>2026-07-30T08:01:39Z</time></trkpt><trkpt lat="49.9169" lon="17.96752"><time>2026-07-30T08:01:40Z</time></trkpt><trkpt lat="49.91694" lon="17.96732"><time>2026-07-30T08:01:41Z</time></trkpt><trkpt lat="49.91698" lon="17.96713"><time>2026-07-30T08:01:42Z</time></trkpt><trkpt lat="49.91702" lon="17.96695"><time>2026-07-30T08:01:43Z</time></trkpt><trkpt lat="49.91706" lon="17.96678"><time>2026-07-30T08:01:44Z</time></trkpt><trkpt lat="49.9171" lon="17.96659"><time>2026-07-30T08:01:45Z</time></trkpt><trkpt lat="49.91714" lon="17.9664"><time>2026-07-30T08:01:46Z</time></trkpt><trkpt lat="49.91718" lon="17.96622"><time>2026-07-30T08:01:47Z</time></trkpt><trkpt lat="49.91721" lon="17.96605"><time>2026-07-30T08:01:48Z</time></trkpt><trkpt lat="49.91725" lon="17.96587"><time>2026-07-30T08:01:49Z</time></trkpt><trkpt lat="49.91729" lon="17.96569"><time>2026-07-30T08:01:50Z</time></trkpt><trkpt lat="49.91733" lon="17.96552"><time>2026-07-30T08:01:51Z</time></trkpt><trkpt lat="49.91736" lon="17.96536"><time>2026-07-30T08:01:52Z</time></trkpt><trkpt lat="49.9174" lon="17.96522"><time>2026-07-30T08:01:53Z</time></trkpt><trkpt lat="49.91742" lon="17.96509"><time>2026-07-30T08:01:54Z</time></trkpt><trkpt lat="49.91745" lon="17.96496"><time>2026-07-30T08:01:55Z</time></trkpt><trkpt lat="49.91748" lon="17.96484"><time>2026-07-30T08:01:56Z</time></trkpt><trkpt lat="49.9175" lon="17.96473"><time>2026-07-30T08:01:57Z</time></trkpt><trkpt lat="49.91753" lon="17.96462"><time>2026-07-30T08:01:58Z</time></trkpt><trkpt lat="49.91755" lon="17.9645"><time>2026-07-30T08:01:59Z</time></trkpt><trkpt lat="49.91757" lon="17.96438"><time>2026-07-30T08:02:00Z</time></trkpt><trkpt lat="49.91759" lon="17.96426"><time>2026-07-30T08:02:01Z</time></trkpt><trkpt lat="49.91762" lon="17.96414"><time>2026-07-30T08:02:02Z</time></trkpt><trkpt lat="49.91765" lon="17.96401"><time>2026-07-30T08:02:03Z</time></trkpt><trkpt lat="49.91767" lon="17.96386"><time>2026-07-30T08:02:04Z</time></trkpt><trkpt lat="49.91771" lon="17.96372"><time>2026-07-30T08:02:05Z</time></trkpt><trkpt lat="49.91774" lon="17.96358"><time>2026-07-30T08:02:06Z</time></trkpt><trkpt lat="49.91777" lon="17.96344"><time>2026-07-30T08:02:07Z</time></trkpt><trkpt lat="49.91781" lon="17.96331"><time>2026-07-30T08:02:08Z</time></trkpt><trkpt lat="49.91785" lon="17.96317"><time>2026-07-30T08:02:09Z</time></trkpt><trkpt lat="49.9179" lon="17.96305"><time>2026-07-30T08:02:10Z</time></trkpt><trkpt lat="49.91795" lon="17.96292"><time>2026-07-30T08:02:11Z</time></trkpt><trkpt lat="49.91799" lon="17.9628"><time>2026-07-30T08:02:12Z</time></trkpt><trkpt lat="49.91803" lon="17.96268"><time>2026-07-30T08:02:13Z</time></trkpt><trkpt lat="49.91808" lon="17.96256"><time>2026-07-30T08:02:14Z</time></trkpt><trkpt lat="49.91811" lon="17.96244"><time>2026-07-30T08:02:15Z</time></trkpt><trkpt lat="49.91815" lon="17.96231"><time>2026-07-30T08:02:16Z</time></trkpt><trkpt lat="49.9182" lon="17.96217"><time>2026-07-30T08:02:17Z</time></trkpt><trkpt lat="49.91825" lon="17.96202"><time>2026-07-30T08:02:18Z</time></trkpt><trkpt lat="49.9183" lon="17.96186"><time>2026-07-30T08:02:19Z</time></trkpt><trkpt lat="49.91834" lon="17.96173"><time>2026-07-30T08:02:20Z</time></trkpt><trkpt lat="49.91839" lon="17.96159"><time>2026-07-30T08:02:21Z</time></trkpt><trkpt lat="49.91843" lon="17.96144"><time>2026-07-30T08:02:22Z</time></trkpt><trkpt lat="49.91848" lon="17.9613"><time>2026-07-30T08:02:23Z</time></trkpt><trkpt lat="49.91853" lon="17.96115"><time>2026-07-30T08:02:24Z</time></trkpt><trkpt lat="49.91858" lon="17.961"><time>2026-07-30T08:02:25Z</time></trkpt><trkpt lat="49.91863" lon="17.96085"><time>2026-07-30T08:02:26Z</time></trkpt><trkpt lat="49.91868" lon="17.9607"><time>2026-07-30T08:02:27Z</time></trkpt><trkpt lat="49.91873" lon="17.96054"><time>2026-07-30T08:02:28Z</time></trkpt><trkpt lat="49.91879" lon="17.96039"><time>2026-07-30T08:02:29Z</time></trkpt><trkpt lat="49.91884" lon="17.96024"><time>2026-07-30T08:02:30Z</time></trkpt><trkpt lat="49.91889" lon="17.96008"><time>2026-07-30T08:02:31Z</time></trkpt><trkpt lat="49.91895" lon="17.95992"><time>2026-07-30T08:02:32Z</time></trkpt><trkpt lat="49.919" lon="17.95975"><time>2026-07-30T08:02:33Z</time></trkpt><trkpt lat="49.91906" lon="17.95958"><time>2026-07-30T08:02:34Z</time></trkpt><trkpt lat="49.91912" lon="17.95941"><time>2026-07-30T08:02:35Z</time></trkpt><trkpt lat="49.91917" lon="17.95925"><time>2026-07-30T08:02:36Z</time></trkpt><trkpt lat="49.91922" lon="17.9591"><time>2026-07-30T08:02:37Z</time></trkpt><trkpt lat="49.91927" lon="17.95894"><time>2026-07-30T08:02:38Z</time></trkpt><trkpt lat="49.91933" lon="17.95878"><time>2026-07-30T08:02:39Z</time></trkpt><trkpt lat="49.91939" lon="17.9586"><time>2026-07-30T08:02:40Z</time></trkpt><trkpt lat="49.91945" lon="17.95842"><time>2026-07-30T08:02:41Z</time></trkpt><trkpt lat="49.91951" lon="17.95825"><time>2026-07-30T08:02:42Z</time></trkpt><trkpt lat="49.91957" lon="17.95808"><time>2026-07-30T08:02:43Z</time></trkpt><trkpt lat="49.91963" lon="17.95792"><time>2026-07-30T08:02:44Z</time></trkpt><trkpt lat="49.91968" lon="17.95775"><time>2026-07-30T08:02:45Z</time></trkpt><trkpt lat="49.91974" lon="17.95759"><time>2026-07-30T08:02:46Z</time></trkpt><trkpt lat="49.91979" lon="17.95742"><time>2026-07-30T08:02:47Z</time></trkpt><trkpt lat="49.91984" lon="17.95725"><time>2026-07-30T08:02:48Z</time></trkpt><trkpt lat="49.9199" lon="17.95708"><time>2026-07-30T08:02:49Z</time></trkpt><trkpt lat="49.91996" lon="17.95691"><time>2026-07-30T08:02:50Z</time></trkpt><trkpt lat="49.92001" lon="17.95675"><time>2026-07-30T08:02:51Z</time></trkpt><trkpt lat="49.92006" lon="17.9566"><time>2026-07-30T08:02:52Z</time></trkpt><trkpt lat="49.92012" lon="17.95644"><time>2026-07-30T08:02:53Z</time></trkpt><trkpt lat="49.92017" lon="17.95628"><time>2026-07-30T08:02:54Z</time></trkpt><trkpt lat="49.92022" lon="17.95613"><time>2026-07-30T08:02:55Z</time></trkpt><trkpt lat="49.92028" lon="17.95597"><time>2026-07-30T08:02:56Z</time></trkpt><trkpt lat="49.92033" lon="17.95581"><time>2026-07-30T08:02:57Z</time></trkpt><trkpt lat="49.92038" lon="17.95565"><time>2026-07-30T08:02:58Z</time></trkpt><trkpt lat="49.92044" lon="17.95549"><time>2026-07-30T08:02:59Z</time></trkpt><trkpt lat="49.92049" lon="17.95534"><time>2026-07-30T08:03:00Z</time></trkpt><trkpt lat="49.92054" lon="17.95518"><time>2026-07-30T08:03:01Z</time></trkpt><trkpt lat="49.92059" lon="17.95503"><time>2026-07-30T08:03:02Z</time></trkpt><trkpt lat="49.92063" lon="17.95489"><time>2026-07-30T08:03:03Z</time></trkpt><trkpt lat="49.92068" lon="17.95475"><time>2026-07-30T08:03:04Z</time></trkpt><trkpt lat="49.92072" lon="17.95462"><time>2026-07-30T08:03:05Z</time></trkpt><trkpt lat="49.92077" lon="17.95448"><time>2026-07-30T08:03:06Z</time></trkpt><trkpt lat="49.92082" lon="17.95433"><time>2026-07-30T08:03:07Z</time></trkpt><trkpt lat="49.92087" lon="17.95418"><time>2026-07-30T08:03:08Z</time></trkpt><trkpt lat="49.92092" lon="17.95403"><time>2026-07-30T08:03:09Z</time></trkpt><trkpt lat="49.92097" lon="17.95388"><time>2026-07-30T08:03:10Z</time></trkpt><trkpt lat="49.92103" lon="17.95372"><time>2026-07-30T08:03:11Z</time></trkpt><trkpt lat="49.92108" lon="17.95356"><time>2026-07-30T08:03:12Z</time></trkpt><trkpt lat="49.92113" lon="17.95341"><time>2026-07-30T08:03:13Z</time></trkpt><trkpt lat="49.92118" lon="17.95326"><time>2026-07-30T08:03:14Z</time></trkpt><trkpt lat="49.92123" lon="17.95311"><time>2026-07-30T08:03:15Z</time></trkpt><trkpt lat="49.92129" lon="17.95296"><time>2026-07-30T08:03:16Z</time></trkpt><trkpt lat="49.92134" lon="17.95281"><time>2026-07-30T08:03:17Z</time></trkpt><trkpt lat="49.9214" lon="17.95265"><time>2026-07-30T08:03:18Z</time></trkpt><trkpt lat="49.92146" lon="17.95248"><time>2026-07-30T08:03:19Z</time></trkpt><trkpt lat="49.92151" lon="17.95231"><time>2026-07-30T08:03:20Z</time></trkpt><trkpt lat="49.92156" lon="17.95215"><time>2026-07-30T08:03:21Z</time></trkpt><trkpt lat="49.92162" lon="17.95198"><time>2026-07-30T08:03:22Z</time></trkpt><trkpt lat="49.92167" lon="17.9518"><time>2026-07-30T08:03:23Z</time></trkpt><trkpt lat="49.92173" lon="17.95162"><time>2026-07-30T08:03:24Z</time></trkpt><trkpt lat="49.92178" lon="17.95145"><time>2026-07-30T08:03:25Z</time></trkpt><trkpt lat="49.92184" lon="17.95129"><time>2026-07-30T08:03:26Z</time></trkpt><trkpt lat="49.9219" lon="17.95113"><time>2026-07-30T08:03:27Z</time></trkpt><trkpt lat="49.92196" lon="17.95098"><time>2026-07-30T08:03:28Z</time></trkpt><trkpt lat="49.92202" lon="17.95081"><time>2026-07-30T08:03:29Z</time></trkpt><trkpt lat="49.92209" lon="17.95066"><time>2026-07-30T08:03:30Z</time></trkpt><trkpt lat="49.92216" lon="17.95051"><time>2026-07-30T08:03:31Z</time></trkpt><trkpt lat="49.92223" lon="17.95035"><time>2026-07-30T08:03:32Z</time></trkpt><trkpt lat="49.9223" lon="17.95019"><time>2026-07-30T08:03:33Z</time></trkpt><trkpt lat="49.92237" lon="17.95003"><time>2026-07-30T08:03:34Z</time></trkpt><trkpt lat="49.92244" lon="17.94988"><time>2026-07-30T08:03:35Z</time></trkpt><trkpt lat="49.92252" lon="17.94972"><time>2026-07-30T08:03:36Z</time></trkpt><trkpt lat="49.92259" lon="17.94956"><time>2026-07-30T08:03:37Z</time></trkpt><trkpt lat="49.92266" lon="17.94941"><time>2026-07-30T08:03:38Z</time></trkpt><trkpt lat="49.92273" lon="17.94925"><time>2026-07-30T08:03:39Z</time></trkpt><trkpt lat="49.92281" lon="17.94909"><time>2026-07-30T08:03:40Z</time></trkpt><trkpt lat="49.92287" lon="17.94892"><time>2026-07-30T08:03:41Z</time></trkpt><trkpt lat="49.92294" lon="17.94876"><time>2026-07-30T08:03:42Z</time></trkpt><trkpt lat="49.92299" lon="17.9486"><time>2026-07-30T08:03:43Z</time></trkpt><trkpt lat="49.92305" lon="17.94844"><time>2026-07-30T08:03:44Z</time></trkpt><trkpt lat="49.92311" lon="17.94828"><time>2026-07-30T08:03:45Z</time></trkpt><trkpt lat="49.92317" lon="17.94811"><time>2026-07-30T08:03:46Z</time></trkpt><trkpt lat="49.92322" lon="17.94795"><time>2026-07-30T08:03:47Z</time></trkpt><trkpt lat="49.92328" lon="17.94777"><time>2026-07-30T08:03:48Z</time></trkpt><trkpt lat="49.92335" lon="17.94757"><time>2026-07-30T08:03:49Z</time></trkpt><trkpt lat="49.92341" lon="17.94737"><time>2026-07-30T08:03:50Z</time></trkpt><trkpt lat="49.92347" lon="17.94716"><time>2026-07-30T08:03:51Z</time></trkpt><trkpt lat="49.92353" lon="17.94695"><time>2026-07-30T08:03:52Z</time></trkpt><trkpt lat="49.9236" lon="17.94674"><time>2026-07-30T08:03:53Z</time></trkpt><trkpt lat="49.92367" lon="17.94654"><time>2026-07-30T08:03:54Z</time></trkpt><trkpt lat="49.92373" lon="17.94635"><time>2026-07-30T08:03:55Z</time></trkpt><trkpt lat="49.92379" lon="17.94616"><time>2026-07-30T08:03:56Z</time></trkpt><trkpt lat="49.92385" lon="17.94598"><time>2026-07-30T08:03:57Z</time></trkpt><trkpt lat="49.92391" lon="17.9458"><time>2026-07-30T08:03:58Z</time></trkpt><trkpt lat="49.92396" lon="17.94562"><time>2026-07-30T08:03:59Z</time></trkpt><trkpt lat="49.92402" lon="17.94545"><time>2026-07-30T08:04:00Z</time></trkpt><trkpt lat="49.92407" lon="17.94529"><time>2026-07-30T08:04:01Z</time></trkpt><trkpt lat="49.92413" lon="17.94514"><time>2026-07-30T08:04:02Z</time></trkpt><trkpt lat="49.92418" lon="17.94501"><time>2026-07-30T08:04:03Z</time></trkpt><trkpt lat="49.92424" lon="17.94489"><time>2026-07-30T08:04:04Z</time></trkpt><trkpt lat="49.92431" lon="17.94481"><time>2026-07-30T08:04:05Z</time></trkpt><trkpt lat="49.92439" lon="17.94474"><time>2026-07-30T08:04:06Z</time></trkpt><trkpt lat="49.92445" lon="17.94467"><time>2026-07-30T08:04:07Z</time></trkpt><trkpt lat="49.9245" lon="17.94459"><time>2026-07-30T08:04:08Z</time></trkpt><trkpt lat="49.92453" lon="17.94448"><time>2026-07-30T08:04:09Z</time></trkpt><trkpt lat="49.92455" lon="17.94437"><time>2026-07-30T08:04:10Z</time></trkpt><trkpt lat="49.92455" lon="17.94425"><time>2026-07-30T08:04:11Z</time></trkpt><trkpt lat="49.92454" lon="17.94411"><time>2026-07-30T08:04:12Z</time></trkpt><trkpt lat="49.92455" lon="17.94395"><time>2026-07-30T08:04:13Z</time></trkpt><trkpt lat="49.92457" lon="17.94378"><time>2026-07-30T08:04:14Z</time></trkpt><trkpt lat="49.92462" lon="17.9436"><time>2026-07-30T08:04:15Z</time></trkpt><trkpt lat="49.92467" lon="17.9434"><time>2026-07-30T08:04:16Z</time></trkpt><trkpt lat="49.92474" lon="17.94321"><time>2026-07-30T08:04:17Z</time></trkpt><trkpt lat="49.92482" lon="17.94299"><time>2026-07-30T08:04:18Z</time></trkpt><trkpt lat="49.92488" lon="17.94279"><time>2026-07-30T08:04:19Z</time></trkpt><trkpt lat="49.92494" lon="17.94257"><time>2026-07-30T08:04:20Z</time></trkpt><trkpt lat="49.92501" lon="17.94234"><time>2026-07-30T08:04:21Z</time></trkpt><trkpt lat="49.92509" lon="17.9421"><time>2026-07-30T08:04:22Z</time></trkpt><trkpt lat="49.92516" lon="17.94186"><time>2026-07-30T08:04:23Z</time></trkpt><trkpt lat="49.92524" lon="17.94162"><time>2026-07-30T08:04:24Z</time></trkpt><trkpt lat="49.92533" lon="17.94134"><time>2026-07-30T08:04:25Z</time></trkpt><trkpt lat="49.92542" lon="17.94108"><time>2026-07-30T08:04:26Z</time></trkpt><trkpt lat="49.92551" lon="17.94082"><time>2026-07-30T08:04:27Z</time></trkpt><trkpt lat="49.9256" lon="17.94058"><time>2026-07-30T08:04:28Z</time></trkpt><trkpt lat="49.92569" lon="17.94033"><time>2026-07-30T08:04:29Z</time></trkpt><trkpt lat="49.92579" lon="17.94009"><time>2026-07-30T08:04:30Z</time></trkpt><trkpt lat="49.92589" lon="17.93986"><time>2026-07-30T08:04:31Z</time></trkpt><trkpt lat="49.92598" lon="17.93964"><time>2026-07-30T08:04:32Z</time></trkpt><trkpt lat="49.92608" lon="17.93944"><time>2026-07-30T08:04:33Z</time></trkpt><trkpt lat="49.92617" lon="17.93926"><time>2026-07-30T08:04:34Z</time></trkpt><trkpt lat="49.92626" lon="17.93909"><time>2026-07-30T08:04:35Z</time></trkpt><trkpt lat="49.92635" lon="17.93894"><time>2026-07-30T08:04:36Z</time></trkpt><trkpt lat="49.92643" lon="17.93879"><time>2026-07-30T08:04:37Z</time></trkpt><trkpt lat="49.9265" lon="17.93866"><time>2026-07-30T08:04:38Z</time></trkpt><trkpt lat="49.92656" lon="17.93855"><time>2026-07-30T08:04:39Z</time></trkpt><trkpt lat="49.92661" lon="17.93845"><time>2026-07-30T08:04:40Z</time></trkpt><trkpt lat="49.92665" lon="17.93838"><time>2026-07-30T08:04:41Z</time></trkpt><trkpt lat="49.92668" lon="17.93833"><time>2026-07-30T08:04:42Z</time></trkpt><trkpt lat="49.92671" lon="17.93829"><time>2026-07-30T08:04:43Z</time></trkpt><trkpt lat="49.92673" lon="17.93826"><time>2026-07-30T08:04:44Z</time></trkpt><trkpt lat="49.92674" lon="17.93824"><time>2026-07-30T08:04:45Z</time></trkpt><trkpt lat="49.92675" lon="17.93822"><time>2026-07-30T08:04:46Z</time></trkpt><trkpt lat="49.92676" lon="17.93819"><time>2026-07-30T08:04:47Z</time></trkpt><trkpt lat="49.92677" lon="17.93817"><time>2026-07-30T08:04:48Z</time></trkpt><trkpt lat="49.92678" lon="17.93815"><time>2026-07-30T08:04:49Z</time></trkpt><trkpt lat="49.9268" lon="17.93811"><time>2026-07-30T08:04:50Z</time></trkpt><trkpt lat="49.92683" lon="17.93806"><time>2026-07-30T08:04:51Z</time></trkpt><trkpt lat="49.92685" lon="17.93802"><time>2026-07-30T08:04:52Z</time></trkpt><trkpt lat="49.92689" lon="17.93798"><time>2026-07-30T08:04:53Z</time></trkpt><trkpt lat="49.92692" lon="17.93794"><time>2026-07-30T08:04:54Z</time></trkpt><trkpt lat="49.92695" lon="17.93792"><time>2026-07-30T08:04:55Z</time></trkpt><trkpt lat="49.92701" lon="17.93791"><time>2026-07-30T08:04:56Z</time></trkpt><trkpt lat="49.92707" lon="17.93792"><time>2026-07-30T08:04:57Z</time></trkpt><trkpt lat="49.92712" lon="17.93794"><time>2026-07-30T08:04:58Z</time></trkpt><trkpt lat="49.92718" lon="17.93798"><time>2026-07-30T08:04:59Z</time></trkpt><trkpt lat="49.92724" lon="17.93802"><time>2026-07-30T08:05:00Z</time></trkpt><trkpt lat="49.92733" lon="17.93805"><time>2026-07-30T08:05:01Z</time></trkpt><trkpt lat="49.92741" lon="17.93811"><time>2026-07-30T08:05:02Z</time></trkpt><trkpt lat="49.92748" lon="17.93818"><time>2026-07-30T08:05:03Z</time></trkpt><trkpt lat="49.92753" lon="17.93827"><time>2026-07-30T08:05:04Z</time></trkpt><trkpt lat="49.92757" lon="17.93835"><time>2026-07-30T08:05:05Z</time></trkpt><trkpt lat="49.92761" lon="17.93844"><time>2026-07-30T08:05:06Z</time></trkpt><trkpt lat="49.92764" lon="17.93852"><time>2026-07-30T08:05:07Z</time></trkpt><trkpt lat="49.92768" lon="17.93861"><time>2026-07-30T08:05:08Z</time></trkpt><trkpt lat="49.92771" lon="17.93871"><time>2026-07-30T08:05:09Z</time></trkpt><trkpt lat="49.92772" lon="17.93882"><time>2026-07-30T08:05:10Z</time></trkpt><trkpt lat="49.92772" lon="17.93893"><time>2026-07-30T08:05:11Z</time></trkpt><trkpt lat="49.92771" lon="17.93905"><time>2026-07-30T08:05:12Z</time></trkpt><trkpt lat="49.92767" lon="17.93917"><time>2026-07-30T08:05:13Z</time></trkpt><trkpt lat="49.92764" lon="17.93929"><time>2026-07-30T08:05:14Z</time></trkpt><trkpt lat="49.9276" lon="17.9394"><time>2026-07-30T08:05:15Z</time></trkpt><trkpt lat="49.92756" lon="17.93951"><time>2026-07-30T08:05:16Z</time></trkpt><trkpt lat="49.92752" lon="17.93961"><time>2026-07-30T08:05:17Z</time></trkpt><trkpt lat="49.9275" lon="17.93971"><time>2026-07-30T08:05:18Z</time></trkpt><trkpt lat="49.92749" lon="17.93983"><time>2026-07-30T08:05:19Z</time></trkpt><trkpt lat="49.92748" lon="17.93994"><time>2026-07-30T08:05:20Z</time></trkpt><trkpt lat="49.92749" lon="17.94006"><time>2026-07-30T08:05:21Z</time></trkpt><trkpt lat="49.9275" lon="17.94017"><time>2026-07-30T08:05:22Z</time></trkpt><trkpt lat="49.92751" lon="17.94028"><time>2026-07-30T08:05:23Z</time></trkpt><trkpt lat="49.92752" lon="17.9404"><time>2026-07-30T08:05:24Z</time></trkpt><trkpt lat="49.92753" lon="17.94052"><time>2026-07-30T08:05:25Z</time></trkpt><trkpt lat="49.92754" lon="17.94063"><time>2026-07-30T08:05:26Z</time></trkpt><trkpt lat="49.92755" lon="17.94074"><time>2026-07-30T08:05:27Z</time></trkpt><trkpt lat="49.92758" lon="17.94081"><time>2026-07-30T08:05:28Z</time></trkpt><trkpt lat="49.92761" lon="17.94089"><time>2026-07-30T08:05:29Z</time></trkpt><trkpt lat="49.92764" lon="17.94097"><time>2026-07-30T08:05:30Z</time></trkpt><trkpt lat="49.92768" lon="17.94105"><time>2026-07-30T08:05:31Z</time></trkpt><trkpt lat="49.92772" lon="17.94114"><time>2026-07-30T08:05:32Z</time></trkpt><trkpt lat="49.92776" lon="17.94123"><time>2026-07-30T08:05:33Z</time></trkpt><trkpt lat="49.92781" lon="17.94132"><time>2026-07-30T08:05:34Z</time></trkpt><trkpt lat="49.92784" lon="17.94141"><time>2026-07-30T08:05:35Z</time></trkpt><trkpt lat="49.92787" lon="17.94151"><time>2026-07-30T08:05:36Z</time></trkpt><trkpt lat="49.9279" lon="17.9416"><time>2026-07-30T08:05:37Z</time></trkpt><trkpt lat="49.92792" lon="17.94169"><time>2026-07-30T08:05:38Z</time></trkpt><trkpt lat="49.92794" lon="17.94177"><time>2026-07-30T08:05:39Z</time></trkpt><trkpt lat="49.92798" lon="17.94183"><time>2026-07-30T08:05:40Z</time></trkpt><trkpt lat="49.92802" lon="17.94186"><time>2026-07-30T08:05:41Z</time></trkpt><trkpt lat="49.92806" lon="17.94186"><time>2026-07-30T08:05:42Z</time></trkpt><trkpt lat="49.9281" lon="17.94184"><time>2026-07-30T08:05:43Z</time></trkpt><trkpt lat="49.92813" lon="17.94178"><time>2026-07-30T08:05:44Z</time></trkpt><trkpt lat="49.92815" lon="17.94171"><time>2026-07-30T08:05:45Z</time></trkpt><trkpt lat="49.92817" lon="17.94163"><time>2026-07-30T08:05:46Z</time></trkpt><trkpt lat="49.92819" lon="17.94153"><time>2026-07-30T08:05:47Z</time></trkpt><trkpt lat="49.92821" lon="17.94143"><time>2026-07-30T08:05:48Z</time></trkpt><trkpt lat="49.92822" lon="17.94134"><time>2026-07-30T08:05:49Z</time></trkpt><trkpt lat="49.92824" lon="17.94126"><time>2026-07-30T08:05:50Z</time></trkpt><trkpt lat="49.92825" lon="17.94117"><time>2026-07-30T08:05:51Z</time></trkpt><trkpt lat="49.92827" lon="17.9411"><time>2026-07-30T08:05:52Z</time></trkpt><trkpt lat="49.92829" lon="17.94103"><time>2026-07-30T08:05:53Z</time></trkpt><trkpt lat="49.9283" lon="17.94099"><time>2026-07-30T08:05:54Z</time></trkpt><trkpt lat="49.9283" lon="17.94096"><time>2026-07-30T08:05:55Z</time></trkpt><trkpt lat="49.92829" lon="17.94094"><time>2026-07-30T08:05:56Z</time></trkpt><trkpt lat="49.92828" lon="17.94093"><time>2026-07-30T08:05:57Z</time></trkpt><trkpt lat="49.92827" lon="17.94092"><time>2026-07-30T08:05:58Z</time></trkpt><trkpt lat="49.92826" lon="17.94091"><time>2026-07-30T08:05:59Z</time></trkpt><trkpt lat="49.92825" lon="17.9409"><time>2026-07-30T08:06:00Z</time></trkpt><trkpt lat="49.92851" lon="17.9409"><time>2026-07-30T08:07:29Z</time></trkpt><trkpt lat="49.92851" lon="17.94091"><time>2026-07-30T08:07:30Z</time></trkpt><trkpt lat="49.92852" lon="17.94091"><time>2026-07-30T08:07:31Z</time></trkpt><trkpt lat="49.92853" lon="17.94091"><time>2026-07-30T08:07:32Z</time></trkpt><trkpt lat="49.92854" lon="17.94091"><time>2026-07-30T08:07:33Z</time></trkpt><trkpt lat="49.92855" lon="17.94091"><time>2026-07-30T08:07:35Z</time></trkpt><trkpt lat="49.92859" lon="17.94091"><time>2026-07-30T08:07:36Z</time></trkpt><trkpt lat="49.9286" lon="17.94091"><time>2026-07-30T08:07:37Z</time></trkpt><trkpt lat="49.92862" lon="17.94092"><time>2026-07-30T08:07:38Z</time></trkpt><trkpt lat="49.92864" lon="17.94092"><time>2026-07-30T08:07:39Z</time></trkpt><trkpt lat="49.92866" lon="17.94092"><time>2026-07-30T08:07:40Z</time></trkpt><trkpt lat="49.92867" lon="17.94092"><time>2026-07-30T08:07:41Z</time></trkpt><trkpt lat="49.92869" lon="17.94089"><time>2026-07-30T08:07:42Z</time></trkpt><trkpt lat="49.92871" lon="17.94089"><time>2026-07-30T08:07:43Z</time></trkpt><trkpt lat="49.92872" lon="17.94088"><time>2026-07-30T08:07:44Z</time></trkpt><trkpt lat="49.92876" lon="17.94085"><time>2026-07-30T08:07:51Z</time></trkpt><trkpt lat="49.92881" lon="17.94075"><time>2026-07-30T08:08:22Z</time></trkpt><trkpt lat="49.9288" lon="17.94074"><time>2026-07-30T08:08:23Z</time></trkpt><trkpt lat="49.92879" lon="17.94073"><time>2026-07-30T08:08:24Z</time></trkpt><trkpt lat="49.92878" lon="17.94071"><time>2026-07-30T08:08:25Z</time></trkpt><trkpt lat="49.92878" lon="17.94068"><time>2026-07-30T08:08:26Z</time></trkpt><trkpt lat="49.92878" lon="17.94066"><time>2026-07-30T08:08:27Z</time></trkpt><trkpt lat="49.92879" lon="17.94064"><time>2026-07-30T08:08:28Z</time></trkpt><trkpt lat="49.92878" lon="17.94062"><time>2026-07-30T08:08:29Z</time></trkpt><trkpt lat="49.92878" lon="17.94059"><time>2026-07-30T08:08:30Z</time></trkpt><trkpt lat="49.92878" lon="17.94056"><time>2026-07-30T08:08:31Z</time></trkpt><trkpt lat="49.92877" lon="17.94054"><time>2026-07-30T08:08:32Z</time></trkpt><trkpt lat="49.92876" lon="17.94054"><time>2026-07-30T08:08:33Z</time></trkpt><trkpt lat="49.92877" lon="17.94061"><time>2026-07-30T08:08:34Z</time></trkpt><trkpt lat="49.92877" lon="17.94066"><time>2026-07-30T08:08:35Z</time></trkpt><trkpt lat="49.92875" lon="17.94074"><time>2026-07-30T08:08:41Z</time></trkpt><trkpt lat="49.92874" lon="17.94076"><time>2026-07-30T08:08:42Z</time></trkpt><trkpt lat="49.92874" lon="17.94079"><time>2026-07-30T08:08:43Z</time></trkpt><trkpt lat="49.92873" lon="17.94081"><time>2026-07-30T08:08:44Z</time></trkpt><trkpt lat="49.92874" lon="17.9409"><time>2026-07-30T08:08:49Z</time></trkpt><trkpt lat="49.92874" lon="17.9409"><time>2026-07-30T08:08:50Z</time></trkpt><trkpt lat="49.92868" lon="17.94085"><time>2026-07-30T08:09:05Z</time></trkpt><trkpt lat="49.92866" lon="17.94084"><time>2026-07-30T08:09:06Z</time></trkpt><trkpt lat="49.92864" lon="17.94084"><time>2026-07-30T08:09:07Z</time></trkpt><trkpt lat="49.92863" lon="17.94085"><time>2026-07-30T08:09:08Z</time></trkpt><trkpt lat="49.92861" lon="17.94086"><time>2026-07-30T08:09:09Z</time></trkpt><trkpt lat="49.92857" lon="17.94087"><time>2026-07-30T08:09:10Z</time></trkpt><trkpt lat="49.92856" lon="17.94086"><time>2026-07-30T08:09:11Z</time></trkpt><trkpt lat="49.92854" lon="17.94086"><time>2026-07-30T08:09:12Z</time></trkpt><trkpt lat="49.92852" lon="17.94085"><time>2026-07-30T08:09:13Z</time></trkpt><trkpt lat="49.9285" lon="17.94085"><time>2026-07-30T08:09:14Z</time></trkpt><trkpt lat="49.92847" lon="17.94085"><time>2026-07-30T08:09:16Z</time></trkpt><trkpt lat="49.92845" lon="17.94086"><time>2026-07-30T08:09:17Z</time></trkpt><trkpt lat="49.92844" lon="17.94087"><time>2026-07-30T08:09:18Z</time></trkpt><trkpt lat="49.92841" lon="17.94087"><time>2026-07-30T08:09:19Z</time></trkpt><trkpt lat="49.9284" lon="17.94088"><time>2026-07-30T08:09:20Z</time></trkpt><trkpt lat="49.92838" lon="17.94089"><time>2026-07-30T08:09:21Z</time></trkpt><trkpt lat="49.92836" lon="17.94089"><time>2026-07-30T08:09:22Z</time></trkpt><trkpt lat="49.92834" lon="17.94088"><time>2026-07-30T08:09:23Z</time></trkpt><trkpt lat="49.92829" lon="17.94087"><time>2026-07-30T08:09:24Z</time></trkpt><trkpt lat="49.92828" lon="17.94087"><time>2026-07-30T08:09:25Z</time></trkpt><trkpt lat="49.92826" lon="17.94086"><time>2026-07-30T08:09:26Z</time></trkpt><trkpt lat="49.92825" lon="17.94091"><time>2026-07-30T08:15:50Z</time></trkpt><trkpt lat="49.92825" lon="17.94098"><time>2026-07-30T08:16:20Z</time></trkpt><trkpt lat="49.92827" lon="17.94095"><time>2026-07-30T08:17:39Z</time></trkpt><trkpt lat="49.92826" lon="17.94099"><time>2026-07-30T08:17:40Z</time></trkpt><trkpt lat="49.92825" lon="17.94105"><time>2026-07-30T08:17:41Z</time></trkpt><trkpt lat="49.92823" lon="17.94113"><time>2026-07-30T08:17:42Z</time></trkpt><trkpt lat="49.92822" lon="17.94122"><time>2026-07-30T08:17:43Z</time></trkpt><trkpt lat="49.9282" lon="17.9413"><time>2026-07-30T08:17:44Z</time></trkpt><trkpt lat="49.92819" lon="17.94138"><time>2026-07-30T08:17:45Z</time></trkpt><trkpt lat="49.92818" lon="17.94146"><time>2026-07-30T08:17:46Z</time></trkpt><trkpt lat="49.92816" lon="17.94154"><time>2026-07-30T08:17:47Z</time></trkpt><trkpt lat="49.92815" lon="17.94162"><time>2026-07-30T08:17:48Z</time></trkpt><trkpt lat="49.92814" lon="17.9417"><time>2026-07-30T08:17:49Z</time></trkpt><trkpt lat="49.92812" lon="17.94176"><time>2026-07-30T08:17:50Z</time></trkpt><trkpt lat="49.9281" lon="17.94183"><time>2026-07-30T08:17:51Z</time></trkpt><trkpt lat="49.92807" lon="17.94184"><time>2026-07-30T08:17:52Z</time></trkpt><trkpt lat="49.92804" lon="17.94183"><time>2026-07-30T08:17:53Z</time></trkpt><trkpt lat="49.92801" lon="17.9418"><time>2026-07-30T08:17:54Z</time></trkpt><trkpt lat="49.92799" lon="17.94175"><time>2026-07-30T08:17:55Z</time></trkpt><trkpt lat="49.92796" lon="17.94166"><time>2026-07-30T08:17:56Z</time></trkpt><trkpt lat="49.92794" lon="17.94156"><time>2026-07-30T08:17:57Z</time></trkpt><trkpt lat="49.92791" lon="17.94146"><time>2026-07-30T08:17:58Z</time></trkpt><trkpt lat="49.92787" lon="17.94136"><time>2026-07-30T08:17:59Z</time></trkpt><trkpt lat="49.92783" lon="17.94126"><time>2026-07-30T08:18:00Z</time></trkpt><trkpt lat="49.92779" lon="17.94117"><time>2026-07-30T08:18:01Z</time></trkpt><trkpt lat="49.92775" lon="17.9411"><time>2026-07-30T08:18:02Z</time></trkpt><trkpt lat="49.92771" lon="17.94101"><time>2026-07-30T08:18:03Z</time></trkpt><trkpt lat="49.92768" lon="17.94093"><time>2026-07-30T08:18:04Z</time></trkpt><trkpt lat="49.92764" lon="17.94085"><time>2026-07-30T08:18:05Z</time></trkpt><trkpt lat="49.92762" lon="17.94077"><time>2026-07-30T08:18:06Z</time></trkpt><trkpt lat="49.92759" lon="17.94069"><time>2026-07-30T08:18:07Z</time></trkpt><trkpt lat="49.92758" lon="17.9406"><time>2026-07-30T08:18:08Z</time></trkpt><trkpt lat="49.92757" lon="17.94051"><time>2026-07-30T08:18:09Z</time></trkpt><trkpt lat="49.92757" lon="17.94042"><time>2026-07-30T08:18:10Z</time></trkpt><trkpt lat="49.92757" lon="17.94036"><time>2026-07-30T08:18:11Z</time></trkpt><trkpt lat="49.92756" lon="17.94034"><time>2026-07-30T08:18:12Z</time></trkpt><trkpt lat="49.92757" lon="17.94025"><time>2026-07-30T08:18:28Z</time></trkpt><trkpt lat="49.92756" lon="17.94018"><time>2026-07-30T08:18:29Z</time></trkpt><trkpt lat="49.92756" lon="17.94008"><time>2026-07-30T08:18:30Z</time></trkpt><trkpt lat="49.92755" lon="17.94"><time>2026-07-30T08:18:31Z</time></trkpt><trkpt lat="49.92755" lon="17.93992"><time>2026-07-30T08:18:32Z</time></trkpt><trkpt lat="49.92754" lon="17.93983"><time>2026-07-30T08:18:33Z</time></trkpt><trkpt lat="49.92755" lon="17.93973"><time>2026-07-30T08:18:34Z</time></trkpt><trkpt lat="49.92757" lon="17.93964"><time>2026-07-30T08:18:35Z</time></trkpt><trkpt lat="49.9276" lon="17.93954"><time>2026-07-30T08:18:36Z</time></trkpt><trkpt lat="49.92764" lon="17.93944"><time>2026-07-30T08:18:37Z</time></trkpt><trkpt lat="49.92768" lon="17.93934"><time>2026-07-30T08:18:38Z</time></trkpt><trkpt lat="49.92772" lon="17.93925"><time>2026-07-30T08:18:39Z</time></trkpt><trkpt lat="49.92776" lon="17.93916"><time>2026-07-30T08:18:40Z</time></trkpt><trkpt lat="49.92779" lon="17.93907"><time>2026-07-30T08:18:41Z</time></trkpt><trkpt lat="49.92782" lon="17.93897"><time>2026-07-30T08:18:42Z</time></trkpt><trkpt lat="49.92784" lon="17.93889"><time>2026-07-30T08:18:43Z</time></trkpt><trkpt lat="49.92785" lon="17.93879"><time>2026-07-30T08:18:44Z</time></trkpt><trkpt lat="49.92784" lon="17.93871"><time>2026-07-30T08:18:45Z</time></trkpt><trkpt lat="49.92782" lon="17.93865"><time>2026-07-30T08:18:46Z</time></trkpt><trkpt lat="49.92778" lon="17.9386"><time>2026-07-30T08:18:47Z</time></trkpt><trkpt lat="49.92774" lon="17.93855"><time>2026-07-30T08:18:48Z</time></trkpt><trkpt lat="49.92771" lon="17.9385"><time>2026-07-30T08:18:49Z</time></trkpt><trkpt lat="49.92769" lon="17.93845"><time>2026-07-30T08:18:50Z</time></trkpt><trkpt lat="49.92767" lon="17.93842"><time>2026-07-30T08:18:51Z</time></trkpt><trkpt lat="49.92766" lon="17.9384"><time>2026-07-30T08:18:52Z</time></trkpt><trkpt lat="49.92765" lon="17.93835"><time>2026-07-30T08:19:08Z</time></trkpt><trkpt lat="49.92763" lon="17.93832"><time>2026-07-30T08:19:09Z</time></trkpt><trkpt lat="49.92762" lon="17.93828"><time>2026-07-30T08:19:10Z</time></trkpt><trkpt lat="49.9276" lon="17.93824"><time>2026-07-30T08:19:11Z</time></trkpt><trkpt lat="49.92759" lon="17.9382"><time>2026-07-30T08:19:12Z</time></trkpt><trkpt lat="49.92758" lon="17.93816"><time>2026-07-30T08:19:13Z</time></trkpt><trkpt lat="49.92757" lon="17.93812"><time>2026-07-30T08:19:14Z</time></trkpt><trkpt lat="49.92757" lon="17.9381"><time>2026-07-30T08:19:15Z</time></trkpt><trkpt lat="49.92757" lon="17.93808"><time>2026-07-30T08:19:16Z</time></trkpt><trkpt lat="49.92756" lon="17.93807"><time>2026-07-30T08:19:17Z</time></trkpt><trkpt lat="49.92756" lon="17.93805"><time>2026-07-30T08:19:18Z</time></trkpt><trkpt lat="49.92756" lon="17.93802"><time>2026-07-30T08:19:19Z</time></trkpt><trkpt lat="49.92756" lon="17.93798"><time>2026-07-30T08:19:20Z</time></trkpt><trkpt lat="49.92756" lon="17.93789"><time>2026-07-30T08:19:21Z</time></trkpt><trkpt lat="49.92759" lon="17.93781"><time>2026-07-30T08:19:22Z</time></trkpt><trkpt lat="49.92762" lon="17.93771"><time>2026-07-30T08:19:23Z</time></trkpt><trkpt lat="49.92766" lon="17.93764"><time>2026-07-30T08:19:24Z</time></trkpt><trkpt lat="49.9277" lon="17.93758"><time>2026-07-30T08:19:25Z</time></trkpt><trkpt lat="49.92776" lon="17.93751"><time>2026-07-30T08:19:26Z</time></trkpt><trkpt lat="49.92783" lon="17.93745"><time>2026-07-30T08:19:27Z</time></trkpt><trkpt lat="49.92791" lon="17.93742"><time>2026-07-30T08:19:28Z</time></trkpt><trkpt lat="49.92802" lon="17.93738"><time>2026-07-30T08:19:29Z</time></trkpt><trkpt lat="49.92812" lon="17.93737"><time>2026-07-30T08:19:30Z</time></trkpt><trkpt lat="49.92823" lon="17.93734"><time>2026-07-30T08:19:31Z</time></trkpt><trkpt lat="49.92834" lon="17.93732"><time>2026-07-30T08:19:32Z</time></trkpt><trkpt lat="49.92845" lon="17.9373"><time>2026-07-30T08:19:33Z</time></trkpt><trkpt lat="49.92855" lon="17.93727"><time>2026-07-30T08:19:34Z</time></trkpt><trkpt lat="49.92867" lon="17.93725"><time>2026-07-30T08:19:35Z</time></trkpt><trkpt lat="49.92878" lon="17.93722"><time>2026-07-30T08:19:36Z</time></trkpt><trkpt lat="49.92891" lon="17.93717"><time>2026-07-30T08:19:37Z</time></trkpt><trkpt lat="49.92904" lon="17.93713"><time>2026-07-30T08:19:38Z</time></trkpt><trkpt lat="49.92917" lon="17.93709"><time>2026-07-30T08:19:39Z</time></trkpt><trkpt lat="49.92929" lon="17.93705"><time>2026-07-30T08:19:40Z</time></trkpt><trkpt lat="49.92942" lon="17.937"><time>2026-07-30T08:19:41Z</time></trkpt><trkpt lat="49.92955" lon="17.93696"><time>2026-07-30T08:19:42Z</time></trkpt><trkpt lat="49.92967" lon="17.93692"><time>2026-07-30T08:19:43Z</time></trkpt><trkpt lat="49.9298" lon="17.93686"><time>2026-07-30T08:19:44Z</time></trkpt><trkpt lat="49.92995" lon="17.93679"><time>2026-07-30T08:19:45Z</time></trkpt><trkpt lat="49.9301" lon="17.93671"><time>2026-07-30T08:19:46Z</time></trkpt><trkpt lat="49.93025" lon="17.93663"><time>2026-07-30T08:19:47Z</time></trkpt><trkpt lat="49.9304" lon="17.93654"><time>2026-07-30T08:19:48Z</time></trkpt><trkpt lat="49.93055" lon="17.93646"><time>2026-07-30T08:19:49Z</time></trkpt><trkpt lat="49.93069" lon="17.93637"><time>2026-07-30T08:19:50Z</time></trkpt><trkpt lat="49.93084" lon="17.93627"><time>2026-07-30T08:19:51Z</time></trkpt><trkpt lat="49.93097" lon="17.93618"><time>2026-07-30T08:19:52Z</time></trkpt><trkpt lat="49.9311" lon="17.93608"><time>2026-07-30T08:19:53Z</time></trkpt><trkpt lat="49.93124" lon="17.93598"><time>2026-07-30T08:19:54Z</time></trkpt><trkpt lat="49.93138" lon="17.93586"><time>2026-07-30T08:19:55Z</time></trkpt><trkpt lat="49.93151" lon="17.93574"><time>2026-07-30T08:19:56Z</time></trkpt><trkpt lat="49.93165" lon="17.93561"><time>2026-07-30T08:19:57Z</time></trkpt><trkpt lat="49.93179" lon="17.93548"><time>2026-07-30T08:19:58Z</time></trkpt><trkpt lat="49.93193" lon="17.93534"><time>2026-07-30T08:19:59Z</time></trkpt><trkpt lat="49.93206" lon="17.93521"><time>2026-07-30T08:20:00Z</time></trkpt><trkpt lat="49.93221" lon="17.93506"><time>2026-07-30T08:20:01Z</time></trkpt><trkpt lat="49.93235" lon="17.93491"><time>2026-07-30T08:20:02Z</time></trkpt><trkpt lat="49.9325" lon="17.93475"><time>2026-07-30T08:20:03Z</time></trkpt><trkpt lat="49.93265" lon="17.93459"><time>2026-07-30T08:20:04Z</time></trkpt><trkpt lat="49.93282" lon="17.93443"><time>2026-07-30T08:20:05Z</time></trkpt><trkpt lat="49.93296" lon="17.93427"><time>2026-07-30T08:20:06Z</time></trkpt><trkpt lat="49.93311" lon="17.93412"><time>2026-07-30T08:20:07Z</time></trkpt><trkpt lat="49.93326" lon="17.93398"><time>2026-07-30T08:20:08Z</time></trkpt><trkpt lat="49.93342" lon="17.93383"><time>2026-07-30T08:20:09Z</time></trkpt><trkpt lat="49.93357" lon="17.93369"><time>2026-07-30T08:20:10Z</time></trkpt><trkpt lat="49.93373" lon="17.93355"><time>2026-07-30T08:20:11Z</time></trkpt><trkpt lat="49.9339" lon="17.93341"><time>2026-07-30T08:20:12Z</time></trkpt><trkpt lat="49.93407" lon="17.93327"><time>2026-07-30T08:20:13Z</time></trkpt><trkpt lat="49.93424" lon="17.93314"><time>2026-07-30T08:20:14Z</time></trkpt><trkpt lat="49.93441" lon="17.93302"><time>2026-07-30T08:20:15Z</time></trkpt><trkpt lat="49.93457" lon="17.9329"><time>2026-07-30T08:20:16Z</time></trkpt><trkpt lat="49.93474" lon="17.93279"><time>2026-07-30T08:20:17Z</time></trkpt><trkpt lat="49.93492" lon="17.93269"><time>2026-07-30T08:20:18Z</time></trkpt><trkpt lat="49.93509" lon="17.93259"><time>2026-07-30T08:20:19Z</time></trkpt><trkpt lat="49.93528" lon="17.9325"><time>2026-07-30T08:20:20Z</time></trkpt><trkpt lat="49.93547" lon="17.93241"><time>2026-07-30T08:20:21Z</time></trkpt><trkpt lat="49.93567" lon="17.93232"><time>2026-07-30T08:20:22Z</time></trkpt><trkpt lat="49.93585" lon="17.93225"><time>2026-07-30T08:20:23Z</time></trkpt><trkpt lat="49.93604" lon="17.93219"><time>2026-07-30T08:20:24Z</time></trkpt><trkpt lat="49.93621" lon="17.93213"><time>2026-07-30T08:20:25Z</time></trkpt><trkpt lat="49.93639" lon="17.93208"><time>2026-07-30T08:20:26Z</time></trkpt><trkpt lat="49.93656" lon="17.93206"><time>2026-07-30T08:20:27Z</time></trkpt><trkpt lat="49.93674" lon="17.93203"><time>2026-07-30T08:20:28Z</time></trkpt><trkpt lat="49.93691" lon="17.93201"><time>2026-07-30T08:20:29Z</time></trkpt><trkpt lat="49.93709" lon="17.93201"><time>2026-07-30T08:20:30Z</time></trkpt><trkpt lat="49.93726" lon="17.932"><time>2026-07-30T08:20:31Z</time></trkpt><trkpt lat="49.93745" lon="17.932"><time>2026-07-30T08:20:32Z</time></trkpt><trkpt lat="49.93763" lon="17.93201"><time>2026-07-30T08:20:33Z</time></trkpt><trkpt lat="49.9378" lon="17.93202"><time>2026-07-30T08:20:34Z</time></trkpt><trkpt lat="49.93798" lon="17.93204"><time>2026-07-30T08:20:35Z</time></trkpt><trkpt lat="49.93815" lon="17.93206"><time>2026-07-30T08:20:36Z</time></trkpt><trkpt lat="49.93832" lon="17.93209"><time>2026-07-30T08:20:37Z</time></trkpt><trkpt lat="49.93849" lon="17.93213"><time>2026-07-30T08:20:38Z</time></trkpt><trkpt lat="49.93866" lon="17.93217"><time>2026-07-30T08:20:39Z</time></trkpt><trkpt lat="49.93883" lon="17.93222"><time>2026-07-30T08:20:40Z</time></trkpt><trkpt lat="49.939" lon="17.93228"><time>2026-07-30T08:20:41Z</time></trkpt><trkpt lat="49.93917" lon="17.93234"><time>2026-07-30T08:20:42Z</time></trkpt><trkpt lat="49.93934" lon="17.9324"><time>2026-07-30T08:20:43Z</time></trkpt><trkpt lat="49.93951" lon="17.93247"><time>2026-07-30T08:20:44Z</time></trkpt><trkpt lat="49.93967" lon="17.93254"><time>2026-07-30T08:20:45Z</time></trkpt><trkpt lat="49.93983" lon="17.93262"><time>2026-07-30T08:20:46Z</time></trkpt><trkpt lat="49.93998" lon="17.93269"><time>2026-07-30T08:20:47Z</time></trkpt><trkpt lat="49.94014" lon="17.93276"><time>2026-07-30T08:20:48Z</time></trkpt><trkpt lat="49.94029" lon="17.93283"><time>2026-07-30T08:20:49Z</time></trkpt><trkpt lat="49.94044" lon="17.93289"><time>2026-07-30T08:20:50Z</time></trkpt><trkpt lat="49.94058" lon="17.93295"><time>2026-07-30T08:20:51Z</time></trkpt><trkpt lat="49.94071" lon="17.93301"><time>2026-07-30T08:20:52Z</time></trkpt><trkpt lat="49.94084" lon="17.93307"><time>2026-07-30T08:20:53Z</time></trkpt><trkpt lat="49.94097" lon="17.93312"><time>2026-07-30T08:20:54Z</time></trkpt><trkpt lat="49.94109" lon="17.93317"><time>2026-07-30T08:20:55Z</time></trkpt><trkpt lat="49.9412" lon="17.93323"><time>2026-07-30T08:20:56Z</time></trkpt><trkpt lat="49.94132" lon="17.93328"><time>2026-07-30T08:20:57Z</time></trkpt><trkpt lat="49.94142" lon="17.93332"><time>2026-07-30T08:20:58Z</time></trkpt><trkpt lat="49.94152" lon="17.93337"><time>2026-07-30T08:20:59Z</time></trkpt><trkpt lat="49.94163" lon="17.93342"><time>2026-07-30T08:21:00Z</time></trkpt><trkpt lat="49.94172" lon="17.93346"><time>2026-07-30T08:21:01Z</time></trkpt><trkpt lat="49.94181" lon="17.9335"><time>2026-07-30T08:21:02Z</time></trkpt><trkpt lat="49.94188" lon="17.93354"><time>2026-07-30T08:21:03Z</time></trkpt><trkpt lat="49.94194" lon="17.93357"><time>2026-07-30T08:21:04Z</time></trkpt><trkpt lat="49.942" lon="17.93361"><time>2026-07-30T08:21:05Z</time></trkpt><trkpt lat="49.94204" lon="17.93365"><time>2026-07-30T08:21:06Z</time></trkpt><trkpt lat="49.94206" lon="17.93369"><time>2026-07-30T08:21:07Z</time></trkpt><trkpt lat="49.94208" lon="17.93372"><time>2026-07-30T08:21:08Z</time></trkpt><trkpt lat="49.9421" lon="17.93375"><time>2026-07-30T08:21:09Z</time></trkpt><trkpt lat="49.94212" lon="17.93378"><time>2026-07-30T08:21:10Z</time></trkpt><trkpt lat="49.94213" lon="17.93382"><time>2026-07-30T08:21:11Z</time></trkpt><trkpt lat="49.94215" lon="17.93386"><time>2026-07-30T08:21:12Z</time></trkpt><trkpt lat="49.94218" lon="17.93395"><time>2026-07-30T08:21:13Z</time></trkpt><trkpt lat="49.9422" lon="17.93406"><time>2026-07-30T08:21:14Z</time></trkpt><trkpt lat="49.94221" lon="17.93421"><time>2026-07-30T08:21:15Z</time></trkpt><trkpt lat="49.94223" lon="17.93436"><time>2026-07-30T08:21:16Z</time></trkpt><trkpt lat="49.94225" lon="17.93454"><time>2026-07-30T08:21:17Z</time></trkpt><trkpt lat="49.94229" lon="17.93471"><time>2026-07-30T08:21:18Z</time></trkpt><trkpt lat="49.94234" lon="17.93488"><time>2026-07-30T08:21:19Z</time></trkpt><trkpt lat="49.94241" lon="17.93505"><time>2026-07-30T08:21:20Z</time></trkpt><trkpt lat="49.9425" lon="17.93517"><time>2026-07-30T08:21:21Z</time></trkpt><trkpt lat="49.9426" lon="17.93528"><time>2026-07-30T08:21:22Z</time></trkpt><trkpt lat="49.9427" lon="17.93538"><time>2026-07-30T08:21:23Z</time></trkpt><trkpt lat="49.94281" lon="17.93545"><time>2026-07-30T08:21:24Z</time></trkpt><trkpt lat="49.94292" lon="17.93547"><time>2026-07-30T08:21:25Z</time></trkpt><trkpt lat="49.94303" lon="17.93548"><time>2026-07-30T08:21:26Z</time></trkpt><trkpt lat="49.94313" lon="17.93546"><time>2026-07-30T08:21:27Z</time></trkpt><trkpt lat="49.94324" lon="17.93543"><time>2026-07-30T08:21:28Z</time></trkpt><trkpt lat="49.94334" lon="17.93538"><time>2026-07-30T08:21:29Z</time></trkpt><trkpt lat="49.94344" lon="17.93531"><time>2026-07-30T08:21:30Z</time></trkpt><trkpt lat="49.94353" lon="17.93522"><time>2026-07-30T08:21:31Z</time></trkpt><trkpt lat="49.94362" lon="17.9351"><time>2026-07-30T08:21:32Z</time></trkpt><trkpt lat="49.94369" lon="17.93496"><time>2026-07-30T08:21:33Z</time></trkpt><trkpt lat="49.94374" lon="17.93482"><time>2026-07-30T08:21:34Z</time></trkpt><trkpt lat="49.94379" lon="17.93466"><time>2026-07-30T08:21:35Z</time></trkpt><trkpt lat="49.94382" lon="17.93449"><time>2026-07-30T08:21:36Z</time></trkpt><trkpt lat="49.94384" lon="17.93433"><time>2026-07-30T08:21:37Z</time></trkpt><trkpt lat="49.94385" lon="17.93415"><time>2026-07-30T08:21:38Z</time></trkpt><trkpt lat="49.94386" lon="17.93396"><time>2026-07-30T08:21:39Z</time></trkpt><trkpt lat="49.94388" lon="17.93377"><time>2026-07-30T08:21:40Z</time></trkpt><trkpt lat="49.94394" lon="17.93356"><time>2026-07-30T08:21:41Z</time></trkpt><trkpt lat="49.94402" lon="17.93336"><time>2026-07-30T08:21:42Z</time></trkpt><trkpt lat="49.94412" lon="17.93315"><time>2026-07-30T08:21:43Z</time></trkpt><trkpt lat="49.94423" lon="17.93294"><time>2026-07-30T08:21:44Z</time></trkpt><trkpt lat="49.94437" lon="17.93274"><time>2026-07-30T08:21:45Z</time></trkpt><trkpt lat="49.94451" lon="17.93254"><time>2026-07-30T08:21:46Z</time></trkpt><trkpt lat="49.94465" lon="17.93234"><time>2026-07-30T08:21:47Z</time></trkpt><trkpt lat="49.94481" lon="17.93213"><time>2026-07-30T08:21:48Z</time></trkpt><trkpt lat="49.94497" lon="17.93192"><time>2026-07-30T08:21:49Z</time></trkpt><trkpt lat="49.94513" lon="17.9317"><time>2026-07-30T08:21:50Z</time></trkpt><trkpt lat="49.9453" lon="17.93147"><time>2026-07-30T08:21:51Z</time></trkpt><trkpt lat="49.94548" lon="17.93124"><time>2026-07-30T08:21:52Z</time></trkpt><trkpt lat="49.94566" lon="17.931"><time>2026-07-30T08:21:53Z</time></trkpt><trkpt lat="49.94583" lon="17.93076"><time>2026-07-30T08:21:54Z</time></trkpt><trkpt lat="49.94601" lon="17.93053"><time>2026-07-30T08:21:55Z</time></trkpt><trkpt lat="49.94618" lon="17.93029"><time>2026-07-30T08:21:56Z</time></trkpt><trkpt lat="49.94636" lon="17.93003"><time>2026-07-30T08:21:57Z</time></trkpt><trkpt lat="49.94653" lon="17.92979"><time>2026-07-30T08:21:58Z</time></trkpt><trkpt lat="49.9467" lon="17.92952"><time>2026-07-30T08:21:59Z</time></trkpt><trkpt lat="49.94687" lon="17.92925"><time>2026-07-30T08:22:00Z</time></trkpt><trkpt lat="49.94702" lon="17.92897"><time>2026-07-30T08:22:01Z</time></trkpt><trkpt lat="49.94718" lon="17.9287"><time>2026-07-30T08:22:02Z</time></trkpt><trkpt lat="49.94734" lon="17.92841"><time>2026-07-30T08:22:03Z</time></trkpt><trkpt lat="49.9475" lon="17.92813"><time>2026-07-30T08:22:04Z</time></trkpt><trkpt lat="49.94765" lon="17.92786"><time>2026-07-30T08:22:05Z</time></trkpt><trkpt lat="49.9478" lon="17.9276"><time>2026-07-30T08:22:06Z</time></trkpt><trkpt lat="49.94796" lon="17.92733"><time>2026-07-30T08:22:07Z</time></trkpt><trkpt lat="49.94811" lon="17.92707"><time>2026-07-30T08:22:08Z</time></trkpt><trkpt lat="49.94826" lon="17.92682"><time>2026-07-30T08:22:09Z</time></trkpt><trkpt lat="49.94841" lon="17.92657"><time>2026-07-30T08:22:10Z</time></trkpt><trkpt lat="49.94856" lon="17.92632"><time>2026-07-30T08:22:11Z</time></trkpt><trkpt lat="49.94872" lon="17.92608"><time>2026-07-30T08:22:12Z</time></trkpt><trkpt lat="49.94886" lon="17.92583"><time>2026-07-30T08:22:13Z</time></trkpt><trkpt lat="49.94902" lon="17.92557"><time>2026-07-30T08:22:14Z</time></trkpt><trkpt lat="49.94916" lon="17.92533"><time>2026-07-30T08:22:15Z</time></trkpt><trkpt lat="49.94931" lon="17.92506"><time>2026-07-30T08:22:16Z</time></trkpt><trkpt lat="49.94946" lon="17.9248"><time>2026-07-30T08:22:17Z</time></trkpt><trkpt lat="49.94961" lon="17.92455"><time>2026-07-30T08:22:18Z</time></trkpt><trkpt lat="49.94976" lon="17.92431"><time>2026-07-30T08:22:19Z</time></trkpt><trkpt lat="49.94991" lon="17.92406"><time>2026-07-30T08:22:20Z</time></trkpt><trkpt lat="49.95005" lon="17.9238"><time>2026-07-30T08:22:21Z</time></trkpt><trkpt lat="49.9502" lon="17.92354"><time>2026-07-30T08:22:22Z</time></trkpt><trkpt lat="49.95034" lon="17.92329"><time>2026-07-30T08:22:23Z</time></trkpt><trkpt lat="49.95048" lon="17.92303"><time>2026-07-30T08:22:24Z</time></trkpt><trkpt lat="49.95061" lon="17.92276"><time>2026-07-30T08:22:25Z</time></trkpt><trkpt lat="49.95075" lon="17.92249"><time>2026-07-30T08:22:26Z</time></trkpt><trkpt lat="49.95087" lon="17.92223"><time>2026-07-30T08:22:27Z</time></trkpt><trkpt lat="49.95099" lon="17.92197"><time>2026-07-30T08:22:28Z</time></trkpt><trkpt lat="49.9511" lon="17.92173"><time>2026-07-30T08:22:29Z</time></trkpt><trkpt lat="49.95121" lon="17.9215"><time>2026-07-30T08:22:30Z</time></trkpt><trkpt lat="49.95131" lon="17.9213"><time>2026-07-30T08:22:31Z</time></trkpt><trkpt lat="49.9514" lon="17.92107"><time>2026-07-30T08:22:32Z</time></trkpt><trkpt lat="49.95148" lon="17.92087"><time>2026-07-30T08:22:33Z</time></trkpt><trkpt lat="49.95157" lon="17.92065"><time>2026-07-30T08:22:34Z</time></trkpt><trkpt lat="49.95166" lon="17.92043"><time>2026-07-30T08:22:35Z</time></trkpt><trkpt lat="49.95173" lon="17.92023"><time>2026-07-30T08:22:36Z</time></trkpt><trkpt lat="49.9518" lon="17.92004"><time>2026-07-30T08:22:37Z</time></trkpt><trkpt lat="49.95187" lon="17.91985"><time>2026-07-30T08:22:38Z</time></trkpt><trkpt lat="49.95193" lon="17.91969"><time>2026-07-30T08:22:39Z</time></trkpt><trkpt lat="49.95199" lon="17.91954"><time>2026-07-30T08:22:40Z</time></trkpt><trkpt lat="49.95205" lon="17.91937"><time>2026-07-30T08:22:41Z</time></trkpt><trkpt lat="49.9521" lon="17.91922"><time>2026-07-30T08:22:42Z</time></trkpt><trkpt lat="49.95216" lon="17.91906"><time>2026-07-30T08:22:43Z</time></trkpt><trkpt lat="49.95221" lon="17.9189"><time>2026-07-30T08:22:44Z</time></trkpt><trkpt lat="49.95226" lon="17.91876"><time>2026-07-30T08:22:45Z</time></trkpt><trkpt lat="49.95231" lon="17.91863"><time>2026-07-30T08:22:46Z</time></trkpt><trkpt lat="49.95236" lon="17.91849"><time>2026-07-30T08:22:47Z</time></trkpt><trkpt lat="49.9524" lon="17.91834"><time>2026-07-30T08:22:48Z</time></trkpt><trkpt lat="49.95245" lon="17.91818"><time>2026-07-30T08:22:49Z</time></trkpt><trkpt lat="49.9525" lon="17.91801"><time>2026-07-30T08:22:50Z</time></trkpt><trkpt lat="49.95255" lon="17.91782"><time>2026-07-30T08:22:51Z</time></trkpt><trkpt lat="49.9526" lon="17.91765"><time>2026-07-30T08:22:52Z</time></trkpt><trkpt lat="49.95265" lon="17.91748"><time>2026-07-30T08:22:53Z</time></trkpt><trkpt lat="49.9527" lon="17.91731"><time>2026-07-30T08:22:54Z</time></trkpt><trkpt lat="49.95275" lon="17.91713"><time>2026-07-30T08:22:55Z</time></trkpt><trkpt lat="49.9528" lon="17.91695"><time>2026-07-30T08:22:56Z</time></trkpt><trkpt lat="49.95285" lon="17.91675"><time>2026-07-30T08:22:57Z</time></trkpt><trkpt lat="49.95292" lon="17.91649"><time>2026-07-30T08:22:58Z</time></trkpt><trkpt lat="49.95299" lon="17.91622"><time>2026-07-30T08:22:59Z</time></trkpt><trkpt lat="49.95308" lon="17.91593"><time>2026-07-30T08:23:00Z</time></trkpt><trkpt lat="49.95318" lon="17.91562"><time>2026-07-30T08:23:01Z</time></trkpt><trkpt lat="49.95328" lon="17.91528"><time>2026-07-30T08:23:02Z</time></trkpt><trkpt lat="49.95338" lon="17.91493"><time>2026-07-30T08:23:03Z</time></trkpt><trkpt lat="49.95349" lon="17.91458"><time>2026-07-30T08:23:04Z</time></trkpt><trkpt lat="49.95361" lon="17.9142"><time>2026-07-30T08:23:05Z</time></trkpt><trkpt lat="49.95372" lon="17.91384"><time>2026-07-30T08:23:06Z</time></trkpt><trkpt lat="49.95382" lon="17.91348"><time>2026-07-30T08:23:07Z</time></trkpt><trkpt lat="49.95393" lon="17.91314"><time>2026-07-30T08:23:08Z</time></trkpt><trkpt lat="49.95404" lon="17.91278"><time>2026-07-30T08:23:09Z</time></trkpt><trkpt lat="49.95414" lon="17.91243"><time>2026-07-30T08:23:10Z</time></trkpt><trkpt lat="49.95424" lon="17.91209"><time>2026-07-30T08:23:11Z</time></trkpt><trkpt lat="49.95435" lon="17.91177"><time>2026-07-30T08:23:12Z</time></trkpt><trkpt lat="49.95445" lon="17.91145"><time>2026-07-30T08:23:13Z</time></trkpt><trkpt lat="49.95455" lon="17.91112"><time>2026-07-30T08:23:14Z</time></trkpt><trkpt lat="49.95466" lon="17.9108"><time>2026-07-30T08:23:15Z</time></trkpt><trkpt lat="49.95475" lon="17.91046"><time>2026-07-30T08:23:16Z</time></trkpt><trkpt lat="49.95486" lon="17.91013"><time>2026-07-30T08:23:17Z</time></trkpt><trkpt lat="49.95497" lon="17.90979"><time>2026-07-30T08:23:18Z</time></trkpt><trkpt lat="49.95507" lon="17.90946"><time>2026-07-30T08:23:19Z</time></trkpt><trkpt lat="49.95518" lon="17.90911"><time>2026-07-30T08:23:20Z</time></trkpt><trkpt lat="49.95529" lon="17.90878"><time>2026-07-30T08:23:21Z</time></trkpt><trkpt lat="49.95539" lon="17.90843"><time>2026-07-30T08:23:22Z</time></trkpt><trkpt lat="49.9555" lon="17.90808"><time>2026-07-30T08:23:23Z</time></trkpt><trkpt lat="49.95562" lon="17.90772"><time>2026-07-30T08:23:24Z</time></trkpt><trkpt lat="49.95573" lon="17.90738"><time>2026-07-30T08:23:25Z</time></trkpt><trkpt lat="49.95585" lon="17.90702"><time>2026-07-30T08:23:26Z</time></trkpt><trkpt lat="49.95597" lon="17.90666"><time>2026-07-30T08:23:27Z</time></trkpt><trkpt lat="49.95609" lon="17.90632"><time>2026-07-30T08:23:28Z</time></trkpt><trkpt lat="49.9562" lon="17.90597"><time>2026-07-30T08:23:29Z</time></trkpt><trkpt lat="49.95634" lon="17.90559"><time>2026-07-30T08:23:30Z</time></trkpt><trkpt lat="49.95646" lon="17.90523"><time>2026-07-30T08:23:31Z</time></trkpt><trkpt lat="49.95659" lon="17.90489"><time>2026-07-30T08:23:32Z</time></trkpt><trkpt lat="49.95672" lon="17.90451"><time>2026-07-30T08:23:33Z</time></trkpt><trkpt lat="49.95685" lon="17.90415"><time>2026-07-30T08:23:34Z</time></trkpt><trkpt lat="49.95697" lon="17.90379"><time>2026-07-30T08:23:35Z</time></trkpt><trkpt lat="49.95709" lon="17.90346"><time>2026-07-30T08:23:36Z</time></trkpt><trkpt lat="49.95721" lon="17.90314"><time>2026-07-30T08:23:37Z</time></trkpt><trkpt lat="49.95733" lon="17.90281"><time>2026-07-30T08:23:38Z</time></trkpt><trkpt lat="49.95745" lon="17.90248"><time>2026-07-30T08:23:39Z</time></trkpt><trkpt lat="49.95757" lon="17.90216"><time>2026-07-30T08:23:40Z</time></trkpt><trkpt lat="49.95768" lon="17.90185"><time>2026-07-30T08:23:41Z</time></trkpt><trkpt lat="49.9578" lon="17.90153"><time>2026-07-30T08:23:42Z</time></trkpt><trkpt lat="49.95792" lon="17.90121"><time>2026-07-30T08:23:43Z</time></trkpt><trkpt lat="49.95804" lon="17.90089"><time>2026-07-30T08:23:44Z</time></trkpt><trkpt lat="49.95816" lon="17.90057"><time>2026-07-30T08:23:45Z</time></trkpt><trkpt lat="49.95827" lon="17.90025"><time>2026-07-30T08:23:46Z</time></trkpt><trkpt lat="49.9584" lon="17.89992"><time>2026-07-30T08:23:47Z</time></trkpt><trkpt lat="49.95852" lon="17.89961"><time>2026-07-30T08:23:48Z</time></trkpt><trkpt lat="49.95864" lon="17.89929"><time>2026-07-30T08:23:49Z</time></trkpt><trkpt lat="49.95876" lon="17.89897"><time>2026-07-30T08:23:50Z</time></trkpt><trkpt lat="49.95889" lon="17.89865"><time>2026-07-30T08:23:51Z</time></trkpt><trkpt lat="49.95901" lon="17.89832"><time>2026-07-30T08:23:52Z</time></trkpt><trkpt lat="49.95914" lon="17.898"><time>2026-07-30T08:23:53Z</time></trkpt><trkpt lat="49.95926" lon="17.89767"><time>2026-07-30T08:23:54Z</time></trkpt><trkpt lat="49.95938" lon="17.89735"><time>2026-07-30T08:23:55Z</time></trkpt><trkpt lat="49.95951" lon="17.89703"><time>2026-07-30T08:23:56Z</time></trkpt><trkpt lat="49.95963" lon="17.89671"><time>2026-07-30T08:23:57Z</time></trkpt><trkpt lat="49.95976" lon="17.89639"><time>2026-07-30T08:23:58Z</time></trkpt><trkpt lat="49.95989" lon="17.89606"><time>2026-07-30T08:23:59Z</time></trkpt><trkpt lat="49.96002" lon="17.89574"><time>2026-07-30T08:24:00Z</time></trkpt><trkpt lat="49.96015" lon="17.89542"><time>2026-07-30T08:24:01Z</time></trkpt><trkpt lat="49.96027" lon="17.89509"><time>2026-07-30T08:24:02Z</time></trkpt><trkpt lat="49.96041" lon="17.89477"><time>2026-07-30T08:24:03Z</time></trkpt><trkpt lat="49.96054" lon="17.89444"><time>2026-07-30T08:24:04Z</time></trkpt><trkpt lat="49.96067" lon="17.89411"><time>2026-07-30T08:24:05Z</time></trkpt><trkpt lat="49.9608" lon="17.8938"><time>2026-07-30T08:24:06Z</time></trkpt><trkpt lat="49.96093" lon="17.89347"><time>2026-07-30T08:24:07Z</time></trkpt><trkpt lat="49.96106" lon="17.89313"><time>2026-07-30T08:24:08Z</time></trkpt><trkpt lat="49.96119" lon="17.8928"><time>2026-07-30T08:24:09Z</time></trkpt><trkpt lat="49.96133" lon="17.89246"><time>2026-07-30T08:24:10Z</time></trkpt><trkpt lat="49.96146" lon="17.89213"><time>2026-07-30T08:24:11Z</time></trkpt><trkpt lat="49.96159" lon="17.8918"><time>2026-07-30T08:24:12Z</time></trkpt><trkpt lat="49.96172" lon="17.89146"><time>2026-07-30T08:24:13Z</time></trkpt><trkpt lat="49.96185" lon="17.89113"><time>2026-07-30T08:24:14Z</time></trkpt><trkpt lat="49.96199" lon="17.8908"><time>2026-07-30T08:24:15Z</time></trkpt><trkpt lat="49.96212" lon="17.89047"><time>2026-07-30T08:24:16Z</time></trkpt><trkpt lat="49.96224" lon="17.89014"><time>2026-07-30T08:24:17Z</time></trkpt><trkpt lat="49.96238" lon="17.88981"><time>2026-07-30T08:24:18Z</time></trkpt><trkpt lat="49.96251" lon="17.88948"><time>2026-07-30T08:24:19Z</time></trkpt><trkpt lat="49.96265" lon="17.88914"><time>2026-07-30T08:24:20Z</time></trkpt><trkpt lat="49.96277" lon="17.88882"><time>2026-07-30T08:24:21Z</time></trkpt><trkpt lat="49.9629" lon="17.88849"><time>2026-07-30T08:24:22Z</time></trkpt><trkpt lat="49.96303" lon="17.88815"><time>2026-07-30T08:24:23Z</time></trkpt><trkpt lat="49.96315" lon="17.88783"><time>2026-07-30T08:24:24Z</time></trkpt><trkpt lat="49.96328" lon="17.88749"><time>2026-07-30T08:24:25Z</time></trkpt><trkpt lat="49.96339" lon="17.88715"><time>2026-07-30T08:24:26Z</time></trkpt><trkpt lat="49.96351" lon="17.88681"><time>2026-07-30T08:24:27Z</time></trkpt><trkpt lat="49.96362" lon="17.88647"><time>2026-07-30T08:24:28Z</time></trkpt><trkpt lat="49.96372" lon="17.88616"><time>2026-07-30T08:24:29Z</time></trkpt><trkpt lat="49.96382" lon="17.88584"><time>2026-07-30T08:24:30Z</time></trkpt><trkpt lat="49.96391" lon="17.88551"><time>2026-07-30T08:24:31Z</time></trkpt><trkpt lat="49.964" lon="17.88518"><time>2026-07-30T08:24:32Z</time></trkpt><trkpt lat="49.96409" lon="17.88487"><time>2026-07-30T08:24:33Z</time></trkpt><trkpt lat="49.96417" lon="17.88454"><time>2026-07-30T08:24:34Z</time></trkpt><trkpt lat="49.96425" lon="17.88421"><time>2026-07-30T08:24:35Z</time></trkpt><trkpt lat="49.96432" lon="17.88388"><time>2026-07-30T08:24:36Z</time></trkpt><trkpt lat="49.9644" lon="17.88354"><time>2026-07-30T08:24:37Z</time></trkpt><trkpt lat="49.96446" lon="17.8832"><time>2026-07-30T08:24:38Z</time></trkpt><trkpt lat="49.96453" lon="17.88285"><time>2026-07-30T08:24:39Z</time></trkpt><trkpt lat="49.9646" lon="17.8825"><time>2026-07-30T08:24:40Z</time></trkpt><trkpt lat="49.96466" lon="17.88215"><time>2026-07-30T08:24:41Z</time></trkpt><trkpt lat="49.96472" lon="17.8818"><time>2026-07-30T08:24:42Z</time></trkpt><trkpt lat="49.96477" lon="17.88145"><time>2026-07-30T08:24:43Z</time></trkpt><trkpt lat="49.96482" lon="17.88109"><time>2026-07-30T08:24:44Z</time></trkpt><trkpt lat="49.96486" lon="17.88072"><time>2026-07-30T08:24:45Z</time></trkpt><trkpt lat="49.96491" lon="17.88036"><time>2026-07-30T08:24:46Z</time></trkpt><trkpt lat="49.96494" lon="17.88"><time>2026-07-30T08:24:47Z</time></trkpt><trkpt lat="49.96497" lon="17.87962"><time>2026-07-30T08:24:48Z</time></trkpt><trkpt lat="49.965" lon="17.87925"><time>2026-07-30T08:24:49Z</time></trkpt><trkpt lat="49.96503" lon="17.87889"><time>2026-07-30T08:24:50Z</time></trkpt><trkpt lat="49.96505" lon="17.87855"><time>2026-07-30T08:24:51Z</time></trkpt><trkpt lat="49.96507" lon="17.8782"><time>2026-07-30T08:24:52Z</time></trkpt><trkpt lat="49.96508" lon="17.87785"><time>2026-07-30T08:24:53Z</time></trkpt><trkpt lat="49.96509" lon="17.87751"><time>2026-07-30T08:24:54Z</time></trkpt><trkpt lat="49.9651" lon="17.87717"><time>2026-07-30T08:24:55Z</time></trkpt><trkpt lat="49.9651" lon="17.87683"><time>2026-07-30T08:24:56Z</time></trkpt><trkpt lat="49.9651" lon="17.87648"><time>2026-07-30T08:24:57Z</time></trkpt><trkpt lat="49.96509" lon="17.87613"><time>2026-07-30T08:24:58Z</time></trkpt><trkpt lat="49.96509" lon="17.87577"><time>2026-07-30T08:24:59Z</time></trkpt><trkpt lat="49.96508" lon="17.87542"><time>2026-07-30T08:25:00Z</time></trkpt><trkpt lat="49.96506" lon="17.87506"><time>2026-07-30T08:25:01Z</time></trkpt><trkpt lat="49.96504" lon="17.8747"><time>2026-07-30T08:25:02Z</time></trkpt><trkpt lat="49.96502" lon="17.87434"><time>2026-07-30T08:25:03Z</time></trkpt><trkpt lat="49.96499" lon="17.87397"><time>2026-07-30T08:25:04Z</time></trkpt><trkpt lat="49.96497" lon="17.87363"><time>2026-07-30T08:25:05Z</time></trkpt><trkpt lat="49.96494" lon="17.8733"><time>2026-07-30T08:25:06Z</time></trkpt><trkpt lat="49.9649" lon="17.87297"><time>2026-07-30T08:25:07Z</time></trkpt><trkpt lat="49.96487" lon="17.87264"><time>2026-07-30T08:25:08Z</time></trkpt><trkpt lat="49.96483" lon="17.87231"><time>2026-07-30T08:25:09Z</time></trkpt><trkpt lat="49.96478" lon="17.87198"><time>2026-07-30T08:25:10Z</time></trkpt><trkpt lat="49.96474" lon="17.87164"><time>2026-07-30T08:25:11Z</time></trkpt><trkpt lat="49.96469" lon="17.8713"><time>2026-07-30T08:25:12Z</time></trkpt><trkpt lat="49.96463" lon="17.87095"><time>2026-07-30T08:25:13Z</time></trkpt><trkpt lat="49.96457" lon="17.8706"><time>2026-07-30T08:25:14Z</time></trkpt><trkpt lat="49.96451" lon="17.87027"><time>2026-07-30T08:25:15Z</time></trkpt><trkpt lat="49.96445" lon="17.86995"><time>2026-07-30T08:25:16Z</time></trkpt><trkpt lat="49.96439" lon="17.86962"><time>2026-07-30T08:25:17Z</time></trkpt><trkpt lat="49.96432" lon="17.86928"><time>2026-07-30T08:25:18Z</time></trkpt><trkpt lat="49.96426" lon="17.86895"><time>2026-07-30T08:25:19Z</time></trkpt><trkpt lat="49.9642" lon="17.86862"><time>2026-07-30T08:25:20Z</time></trkpt><trkpt lat="49.96414" lon="17.8683"><time>2026-07-30T08:25:21Z</time></trkpt><trkpt lat="49.96407" lon="17.86799"><time>2026-07-30T08:25:22Z</time></trkpt><trkpt lat="49.96401" lon="17.86765"><time>2026-07-30T08:25:23Z</time></trkpt><trkpt lat="49.96395" lon="17.86733"><time>2026-07-30T08:25:24Z</time></trkpt><trkpt lat="49.96389" lon="17.86701"><time>2026-07-30T08:25:25Z</time></trkpt><trkpt lat="49.96383" lon="17.8667"><time>2026-07-30T08:25:26Z</time></trkpt><trkpt lat="49.96377" lon="17.86641"><time>2026-07-30T08:25:27Z</time></trkpt><trkpt lat="49.96371" lon="17.86612"><time>2026-07-30T08:25:28Z</time></trkpt><trkpt lat="49.96366" lon="17.86583"><time>2026-07-30T08:25:29Z</time></trkpt><trkpt lat="49.96361" lon="17.86555"><time>2026-07-30T08:25:30Z</time></trkpt><trkpt lat="49.96357" lon="17.86527"><time>2026-07-30T08:25:31Z</time></trkpt><trkpt lat="49.96352" lon="17.86499"><time>2026-07-30T08:25:32Z</time></trkpt><trkpt lat="49.96348" lon="17.86471"><time>2026-07-30T08:25:33Z</time></trkpt><trkpt lat="49.96345" lon="17.86443"><time>2026-07-30T08:25:34Z</time></trkpt><trkpt lat="49.96343" lon="17.86416"><time>2026-07-30T08:25:35Z</time></trkpt><trkpt lat="49.96341" lon="17.8639"><time>2026-07-30T08:25:36Z</time></trkpt><trkpt lat="49.9634" lon="17.86365"><time>2026-07-30T08:25:37Z</time></trkpt><trkpt lat="49.9634" lon="17.86341"><time>2026-07-30T08:25:38Z</time></trkpt><trkpt lat="49.9634" lon="17.86317"><time>2026-07-30T08:25:39Z</time></trkpt><trkpt lat="49.9634" lon="17.86294"><time>2026-07-30T08:25:40Z</time></trkpt><trkpt lat="49.96341" lon="17.86271"><time>2026-07-30T08:25:41Z</time></trkpt><trkpt lat="49.96342" lon="17.86248"><time>2026-07-30T08:25:42Z</time></trkpt><trkpt lat="49.96344" lon="17.86226"><time>2026-07-30T08:25:43Z</time></trkpt><trkpt lat="49.96346" lon="17.86204"><time>2026-07-30T08:25:44Z</time></trkpt><trkpt lat="49.96349" lon="17.86182"><time>2026-07-30T08:25:45Z</time></trkpt><trkpt lat="49.96352" lon="17.86161"><time>2026-07-30T08:25:46Z</time></trkpt><trkpt lat="49.96355" lon="17.86141"><time>2026-07-30T08:25:47Z</time></trkpt><trkpt lat="49.96358" lon="17.86122"><time>2026-07-30T08:25:48Z</time></trkpt><trkpt lat="49.96362" lon="17.86104"><time>2026-07-30T08:25:49Z</time></trkpt><trkpt lat="49.96365" lon="17.86087"><time>2026-07-30T08:25:50Z</time></trkpt><trkpt lat="49.96369" lon="17.86072"><time>2026-07-30T08:25:51Z</time></trkpt><trkpt lat="49.96372" lon="17.8606"><time>2026-07-30T08:25:52Z</time></trkpt><trkpt lat="49.96375" lon="17.8605"><time>2026-07-30T08:25:53Z</time></trkpt><trkpt lat="49.96378" lon="17.86041"><time>2026-07-30T08:25:54Z</time></trkpt><trkpt lat="49.96382" lon="17.86032"><time>2026-07-30T08:25:55Z</time></trkpt><trkpt lat="49.96386" lon="17.86027"><time>2026-07-30T08:25:56Z</time></trkpt><trkpt lat="49.96392" lon="17.8602"><time>2026-07-30T08:25:57Z</time></trkpt><trkpt lat="49.96396" lon="17.86012"><time>2026-07-30T08:25:58Z</time></trkpt><trkpt lat="49.964" lon="17.86003"><time>2026-07-30T08:25:59Z</time></trkpt><trkpt lat="49.96401" lon="17.85993"><time>2026-07-30T08:26:00Z</time></trkpt><trkpt lat="49.96401" lon="17.85983"><time>2026-07-30T08:26:01Z</time></trkpt><trkpt lat="49.96399" lon="17.85971"><time>2026-07-30T08:26:02Z</time></trkpt><trkpt lat="49.96396" lon="17.85958"><time>2026-07-30T08:26:03Z</time></trkpt><trkpt lat="49.96393" lon="17.85942"><time>2026-07-30T08:26:04Z</time></trkpt><trkpt lat="49.96391" lon="17.85925"><time>2026-07-30T08:26:05Z</time></trkpt><trkpt lat="49.96389" lon="17.85904"><time>2026-07-30T08:26:06Z</time></trkpt><trkpt lat="49.96385" lon="17.85883"><time>2026-07-30T08:26:07Z</time></trkpt><trkpt lat="49.96379" lon="17.85863"><time>2026-07-30T08:26:08Z</time></trkpt><trkpt lat="49.96371" lon="17.85843"><time>2026-07-30T08:26:09Z</time></trkpt><trkpt lat="49.9636" lon="17.85825"><time>2026-07-30T08:26:10Z</time></trkpt><trkpt lat="49.96348" lon="17.85808"><time>2026-07-30T08:26:11Z</time></trkpt><trkpt lat="49.96334" lon="17.85793"><time>2026-07-30T08:26:12Z</time></trkpt><trkpt lat="49.9632" lon="17.85777"><time>2026-07-30T08:26:13Z</time></trkpt><trkpt lat="49.96303" lon="17.8576"><time>2026-07-30T08:26:14Z</time></trkpt><trkpt lat="49.96288" lon="17.85745"><time>2026-07-30T08:26:15Z</time></trkpt><trkpt lat="49.96271" lon="17.85728"><time>2026-07-30T08:26:16Z</time></trkpt><trkpt lat="49.96255" lon="17.85711"><time>2026-07-30T08:26:17Z</time></trkpt><trkpt lat="49.96239" lon="17.85692"><time>2026-07-30T08:26:18Z</time></trkpt><trkpt lat="49.96223" lon="17.85672"><time>2026-07-30T08:26:19Z</time></trkpt><trkpt lat="49.96208" lon="17.85651"><time>2026-07-30T08:26:20Z</time></trkpt><trkpt lat="49.96192" lon="17.85631"><time>2026-07-30T08:26:21Z</time></trkpt><trkpt lat="49.96177" lon="17.8561"><time>2026-07-30T08:26:22Z</time></trkpt><trkpt lat="49.96162" lon="17.8559"><time>2026-07-30T08:26:23Z</time></trkpt><trkpt lat="49.96146" lon="17.85571"><time>2026-07-30T08:26:24Z</time></trkpt><trkpt lat="49.9613" lon="17.85551"><time>2026-07-30T08:26:25Z</time></trkpt><trkpt lat="49.96114" lon="17.85532"><time>2026-07-30T08:26:26Z</time></trkpt><trkpt lat="49.96098" lon="17.85513"><time>2026-07-30T08:26:27Z</time></trkpt><trkpt lat="49.96081" lon="17.85494"><time>2026-07-30T08:26:28Z</time></trkpt><trkpt lat="49.96065" lon="17.85475"><time>2026-07-30T08:26:29Z</time></trkpt><trkpt lat="49.96048" lon="17.85457"><time>2026-07-30T08:26:30Z</time></trkpt><trkpt lat="49.9603" lon="17.85439"><time>2026-07-30T08:26:31Z</time></trkpt><trkpt lat="49.96013" lon="17.85421"><time>2026-07-30T08:26:32Z</time></trkpt><trkpt lat="49.95995" lon="17.85404"><time>2026-07-30T08:26:33Z</time></trkpt><trkpt lat="49.95977" lon="17.85387"><time>2026-07-30T08:26:34Z</time></trkpt><trkpt lat="49.9596" lon="17.85371"><time>2026-07-30T08:26:35Z</time></trkpt><trkpt lat="49.95942" lon="17.85355"><time>2026-07-30T08:26:36Z</time></trkpt><trkpt lat="49.95924" lon="17.8534"><time>2026-07-30T08:26:37Z</time></trkpt><trkpt lat="49.95906" lon="17.85325"><time>2026-07-30T08:26:38Z</time></trkpt><trkpt lat="49.95888" lon="17.85312"><time>2026-07-30T08:26:39Z</time></trkpt><trkpt lat="49.95871" lon="17.85299"><time>2026-07-30T08:26:40Z</time></trkpt><trkpt lat="49.95855" lon="17.85288"><time>2026-07-30T08:26:41Z</time></trkpt><trkpt lat="49.9584" lon="17.85277"><time>2026-07-30T08:26:42Z</time></trkpt><trkpt lat="49.95825" lon="17.85267"><time>2026-07-30T08:26:43Z</time></trkpt><trkpt lat="49.9581" lon="17.85257"><time>2026-07-30T08:26:44Z</time></trkpt><trkpt lat="49.95796" lon="17.85249"><time>2026-07-30T08:26:45Z</time></trkpt><trkpt lat="49.95783" lon="17.85241"><time>2026-07-30T08:26:46Z</time></trkpt><trkpt lat="49.9577" lon="17.85234"><time>2026-07-30T08:26:47Z</time></trkpt><trkpt lat="49.95757" lon="17.85227"><time>2026-07-30T08:26:48Z</time></trkpt><trkpt lat="49.95746" lon="17.85221"><time>2026-07-30T08:26:49Z</time></trkpt><trkpt lat="49.95738" lon="17.85215"><time>2026-07-30T08:26:50Z</time></trkpt><trkpt lat="49.95731" lon="17.8521"><time>2026-07-30T08:26:51Z</time></trkpt><trkpt lat="49.95725" lon="17.85205"><time>2026-07-30T08:26:52Z</time></trkpt><trkpt lat="49.95721" lon="17.852"><time>2026-07-30T08:26:53Z</time></trkpt><trkpt lat="49.95717" lon="17.85194"><time>2026-07-30T08:26:54Z</time></trkpt><trkpt lat="49.95714" lon="17.85187"><time>2026-07-30T08:26:55Z</time></trkpt><trkpt lat="49.95712" lon="17.85178"><time>2026-07-30T08:26:56Z</time></trkpt><trkpt lat="49.95711" lon="17.85166"><time>2026-07-30T08:26:57Z</time></trkpt><trkpt lat="49.95713" lon="17.85152"><time>2026-07-30T08:26:58Z</time></trkpt><trkpt lat="49.95717" lon="17.85136"><time>2026-07-30T08:26:59Z</time></trkpt><trkpt lat="49.95721" lon="17.85119"><time>2026-07-30T08:27:00Z</time></trkpt><trkpt lat="49.95725" lon="17.85101"><time>2026-07-30T08:27:01Z</time></trkpt><trkpt lat="49.9573" lon="17.85084"><time>2026-07-30T08:27:02Z</time></trkpt><trkpt lat="49.95735" lon="17.85065"><time>2026-07-30T08:27:03Z</time></trkpt><trkpt lat="49.9574" lon="17.85045"><time>2026-07-30T08:27:04Z</time></trkpt><trkpt lat="49.95746" lon="17.85025"><time>2026-07-30T08:27:05Z</time></trkpt><trkpt lat="49.95751" lon="17.85004"><time>2026-07-30T08:27:06Z</time></trkpt><trkpt lat="49.95757" lon="17.84982"><time>2026-07-30T08:27:07Z</time></trkpt><trkpt lat="49.95763" lon="17.84961"><time>2026-07-30T08:27:08Z</time></trkpt><trkpt lat="49.95769" lon="17.84939"><time>2026-07-30T08:27:09Z</time></trkpt><trkpt lat="49.95775" lon="17.84916"><time>2026-07-30T08:27:10Z</time></trkpt><trkpt lat="49.95781" lon="17.84893"><time>2026-07-30T08:27:11Z</time></trkpt><trkpt lat="49.95787" lon="17.8487"><time>2026-07-30T08:27:12Z</time></trkpt><trkpt lat="49.95792" lon="17.84849"><time>2026-07-30T08:27:13Z</time></trkpt><trkpt lat="49.95798" lon="17.84827"><time>2026-07-30T08:27:14Z</time></trkpt><trkpt lat="49.95804" lon="17.84804"><time>2026-07-30T08:27:15Z</time></trkpt><trkpt lat="49.95811" lon="17.84781"><time>2026-07-30T08:27:16Z</time></trkpt><trkpt lat="49.95817" lon="17.84757"><time>2026-07-30T08:27:17Z</time></trkpt><trkpt lat="49.95823" lon="17.84732"><time>2026-07-30T08:27:18Z</time></trkpt><trkpt lat="49.9583" lon="17.84709"><time>2026-07-30T08:27:19Z</time></trkpt><trkpt lat="49.95836" lon="17.84684"><time>2026-07-30T08:27:20Z</time></trkpt><trkpt lat="49.95843" lon="17.84659"><time>2026-07-30T08:27:21Z</time></trkpt><trkpt lat="49.95849" lon="17.84633"><time>2026-07-30T08:27:22Z</time></trkpt><trkpt lat="49.95856" lon="17.84608"><time>2026-07-30T08:27:23Z</time></trkpt><trkpt lat="49.95863" lon="17.84583"><time>2026-07-30T08:27:24Z</time></trkpt><trkpt lat="49.9587" lon="17.84557"><time>2026-07-30T08:27:25Z</time></trkpt><trkpt lat="49.95877" lon="17.84532"><time>2026-07-30T08:27:26Z</time></trkpt><trkpt lat="49.95884" lon="17.84505"><time>2026-07-30T08:27:27Z</time></trkpt><trkpt lat="49.95891" lon="17.8448"><time>2026-07-30T08:27:28Z</time></trkpt><trkpt lat="49.95898" lon="17.84454"><time>2026-07-30T08:27:29Z</time></trkpt><trkpt lat="49.95904" lon="17.84429"><time>2026-07-30T08:27:30Z</time></trkpt><trkpt lat="49.95911" lon="17.84403"><time>2026-07-30T08:27:31Z</time></trkpt><trkpt lat="49.95917" lon="17.84381"><time>2026-07-30T08:27:32Z</time></trkpt><trkpt lat="49.95924" lon="17.84358"><time>2026-07-30T08:27:33Z</time></trkpt><trkpt lat="49.9593" lon="17.84335"><time>2026-07-30T08:27:34Z</time></trkpt><trkpt lat="49.95936" lon="17.84311"><time>2026-07-30T08:27:35Z</time></trkpt><trkpt lat="49.95942" lon="17.84286"><time>2026-07-30T08:27:36Z</time></trkpt><trkpt lat="49.95949" lon="17.84262"><time>2026-07-30T08:27:37Z</time></trkpt><trkpt lat="49.95955" lon="17.84239"><time>2026-07-30T08:27:38Z</time></trkpt><trkpt lat="49.95963" lon="17.84215"><time>2026-07-30T08:27:39Z</time></trkpt><trkpt lat="49.95971" lon="17.84192"><time>2026-07-30T08:27:40Z</time></trkpt><trkpt lat="49.9598" lon="17.84169"><time>2026-07-30T08:27:41Z</time></trkpt><trkpt lat="49.95991" lon="17.84147"><time>2026-07-30T08:27:42Z</time></trkpt><trkpt lat="49.96001" lon="17.84125"><time>2026-07-30T08:27:43Z</time></trkpt><trkpt lat="49.96011" lon="17.84103"><time>2026-07-30T08:27:44Z</time></trkpt><trkpt lat="49.96021" lon="17.84081"><time>2026-07-30T08:27:45Z</time></trkpt><trkpt lat="49.96032" lon="17.84059"><time>2026-07-30T08:27:46Z</time></trkpt><trkpt lat="49.96042" lon="17.84037"><time>2026-07-30T08:27:47Z</time></trkpt><trkpt lat="49.96052" lon="17.84012"><time>2026-07-30T08:27:48Z</time></trkpt><trkpt lat="49.96064" lon="17.83987"><time>2026-07-30T08:27:49Z</time></trkpt><trkpt lat="49.96075" lon="17.83961"><time>2026-07-30T08:27:50Z</time></trkpt><trkpt lat="49.96088" lon="17.83932"><time>2026-07-30T08:27:51Z</time></trkpt><trkpt lat="49.96101" lon="17.83901"><time>2026-07-30T08:27:52Z</time></trkpt><trkpt lat="49.96115" lon="17.8387"><time>2026-07-30T08:27:53Z</time></trkpt><trkpt lat="49.9613" lon="17.8384"><time>2026-07-30T08:27:54Z</time></trkpt><trkpt lat="49.96145" lon="17.83809"><time>2026-07-30T08:27:55Z</time></trkpt><trkpt lat="49.96159" lon="17.83778"><time>2026-07-30T08:27:56Z</time></trkpt><trkpt lat="49.96173" lon="17.83747"><time>2026-07-30T08:27:57Z</time></trkpt><trkpt lat="49.96187" lon="17.83715"><time>2026-07-30T08:27:58Z</time></trkpt><trkpt lat="49.96202" lon="17.83683"><time>2026-07-30T08:27:59Z</time></trkpt><trkpt lat="49.96216" lon="17.83652"><time>2026-07-30T08:28:00Z</time></trkpt><trkpt lat="49.96231" lon="17.83619"><time>2026-07-30T08:28:01Z</time></trkpt><trkpt lat="49.96246" lon="17.83587"><time>2026-07-30T08:28:02Z</time></trkpt><trkpt lat="49.96261" lon="17.83553"><time>2026-07-30T08:28:03Z</time></trkpt><trkpt lat="49.96276" lon="17.8352"><time>2026-07-30T08:28:04Z</time></trkpt><trkpt lat="49.96291" lon="17.83486"><time>2026-07-30T08:28:05Z</time></trkpt><trkpt lat="49.96306" lon="17.83454"><time>2026-07-30T08:28:06Z</time></trkpt><trkpt lat="49.96321" lon="17.83422"><time>2026-07-30T08:28:07Z</time></trkpt><trkpt lat="49.96335" lon="17.8339"><time>2026-07-30T08:28:08Z</time></trkpt><trkpt lat="49.96349" lon="17.83359"><time>2026-07-30T08:28:09Z</time></trkpt><trkpt lat="49.96364" lon="17.83327"><time>2026-07-30T08:28:10Z</time></trkpt><trkpt lat="49.96378" lon="17.83294"><time>2026-07-30T08:28:11Z</time></trkpt><trkpt lat="49.96392" lon="17.83262"><time>2026-07-30T08:28:12Z</time></trkpt><trkpt lat="49.96407" lon="17.83231"><time>2026-07-30T08:28:13Z</time></trkpt><trkpt lat="49.96421" lon="17.832"><time>2026-07-30T08:28:14Z</time></trkpt><trkpt lat="49.96434" lon="17.8317"><time>2026-07-30T08:28:15Z</time></trkpt><trkpt lat="49.96448" lon="17.8314"><time>2026-07-30T08:28:16Z</time></trkpt><trkpt lat="49.96461" lon="17.8311"><time>2026-07-30T08:28:17Z</time></trkpt><trkpt lat="49.96473" lon="17.83084"><time>2026-07-30T08:28:18Z</time></trkpt><trkpt lat="49.96485" lon="17.83057"><time>2026-07-30T08:28:19Z</time></trkpt><trkpt lat="49.96497" lon="17.83032"><time>2026-07-30T08:28:20Z</time></trkpt><trkpt lat="49.96509" lon="17.83003"><time>2026-07-30T08:28:21Z</time></trkpt><trkpt lat="49.9652" lon="17.82975"><time>2026-07-30T08:28:22Z</time></trkpt><trkpt lat="49.96531" lon="17.82949"><time>2026-07-30T08:28:23Z</time></trkpt><trkpt lat="49.96541" lon="17.82923"><time>2026-07-30T08:28:24Z</time></trkpt><trkpt lat="49.96549" lon="17.82897"><time>2026-07-30T08:28:25Z</time></trkpt><trkpt lat="49.96557" lon="17.82873"><time>2026-07-30T08:28:26Z</time></trkpt><trkpt lat="49.96564" lon="17.82852"><time>2026-07-30T08:28:27Z</time></trkpt><trkpt lat="49.9657" lon="17.82831"><time>2026-07-30T08:28:28Z</time></trkpt><trkpt lat="49.96576" lon="17.82813"><time>2026-07-30T08:28:29Z</time></trkpt><trkpt lat="49.96582" lon="17.82793"><time>2026-07-30T08:28:30Z</time></trkpt><trkpt lat="49.96588" lon="17.82775"><time>2026-07-30T08:28:31Z</time></trkpt><trkpt lat="49.96593" lon="17.82758"><time>2026-07-30T08:28:32Z</time></trkpt><trkpt lat="49.96599" lon="17.82738"><time>2026-07-30T08:28:33Z</time></trkpt><trkpt lat="49.96606" lon="17.8272"><time>2026-07-30T08:28:34Z</time></trkpt><trkpt lat="49.96612" lon="17.82701"><time>2026-07-30T08:28:35Z</time></trkpt><trkpt lat="49.96617" lon="17.82684"><time>2026-07-30T08:28:36Z</time></trkpt><trkpt lat="49.96623" lon="17.82666"><time>2026-07-30T08:28:37Z</time></trkpt><trkpt lat="49.96629" lon="17.82647"><time>2026-07-30T08:28:38Z</time></trkpt><trkpt lat="49.96635" lon="17.82627"><time>2026-07-30T08:28:39Z</time></trkpt><trkpt lat="49.96642" lon="17.82606"><time>2026-07-30T08:28:40Z</time></trkpt><trkpt lat="49.96648" lon="17.82587"><time>2026-07-30T08:28:41Z</time></trkpt><trkpt lat="49.96654" lon="17.82569"><time>2026-07-30T08:28:42Z</time></trkpt><trkpt lat="49.96659" lon="17.82554"><time>2026-07-30T08:28:43Z</time></trkpt><trkpt lat="49.96664" lon="17.82538"><time>2026-07-30T08:28:44Z</time></trkpt><trkpt lat="49.9667" lon="17.82522"><time>2026-07-30T08:28:45Z</time></trkpt><trkpt lat="49.96675" lon="17.82505"><time>2026-07-30T08:28:46Z</time></trkpt><trkpt lat="49.9668" lon="17.82486"><time>2026-07-30T08:28:47Z</time></trkpt><trkpt lat="49.96686" lon="17.82469"><time>2026-07-30T08:28:48Z</time></trkpt><trkpt lat="49.96692" lon="17.82451"><time>2026-07-30T08:28:49Z</time></trkpt><trkpt lat="49.96698" lon="17.82431"><time>2026-07-30T08:28:50Z</time></trkpt><trkpt lat="49.96704" lon="17.82411"><time>2026-07-30T08:28:51Z</time></trkpt><trkpt lat="49.96711" lon="17.8239"><time>2026-07-30T08:28:52Z</time></trkpt><trkpt lat="49.96719" lon="17.82366"><time>2026-07-30T08:28:53Z</time></trkpt><trkpt lat="49.96726" lon="17.82343"><time>2026-07-30T08:28:54Z</time></trkpt><trkpt lat="49.96734" lon="17.82318"><time>2026-07-30T08:28:55Z</time></trkpt><trkpt lat="49.96743" lon="17.82294"><time>2026-07-30T08:28:56Z</time></trkpt><trkpt lat="49.96751" lon="17.82267"><time>2026-07-30T08:28:57Z</time></trkpt><trkpt lat="49.9676" lon="17.82239"><time>2026-07-30T08:28:58Z</time></trkpt><trkpt lat="49.96769" lon="17.82211"><time>2026-07-30T08:28:59Z</time></trkpt><trkpt lat="49.96778" lon="17.82181"><time>2026-07-30T08:29:00Z</time></trkpt><trkpt lat="49.96788" lon="17.82151"><time>2026-07-30T08:29:01Z</time></trkpt><trkpt lat="49.96797" lon="17.8212"><time>2026-07-30T08:29:02Z</time></trkpt><trkpt lat="49.96807" lon="17.8209"><time>2026-07-30T08:29:03Z</time></trkpt><trkpt lat="49.96817" lon="17.82059"><time>2026-07-30T08:29:04Z</time></trkpt><trkpt lat="49.96827" lon="17.82028"><time>2026-07-30T08:29:05Z</time></trkpt><trkpt lat="49.96837" lon="17.81997"><time>2026-07-30T08:29:06Z</time></trkpt><trkpt lat="49.96847" lon="17.81966"><time>2026-07-30T08:29:07Z</time></trkpt><trkpt lat="49.96857" lon="17.81935"><time>2026-07-30T08:29:08Z</time></trkpt><trkpt lat="49.96867" lon="17.81904"><time>2026-07-30T08:29:09Z</time></trkpt><trkpt lat="49.96877" lon="17.81872"><time>2026-07-30T08:29:10Z</time></trkpt><trkpt lat="49.96887" lon="17.81839"><time>2026-07-30T08:29:11Z</time></trkpt><trkpt lat="49.96897" lon="17.81806"><time>2026-07-30T08:29:12Z</time></trkpt><trkpt lat="49.96907" lon="17.81774"><time>2026-07-30T08:29:13Z</time></trkpt><trkpt lat="49.96918" lon="17.81741"><time>2026-07-30T08:29:14Z</time></trkpt><trkpt lat="49.96928" lon="17.81708"><time>2026-07-30T08:29:15Z</time></trkpt><trkpt lat="49.96939" lon="17.81676"><time>2026-07-30T08:29:16Z</time></trkpt><trkpt lat="49.96949" lon="17.81644"><time>2026-07-30T08:29:17Z</time></trkpt><trkpt lat="49.9696" lon="17.81612"><time>2026-07-30T08:29:18Z</time></trkpt><trkpt lat="49.9697" lon="17.81578"><time>2026-07-30T08:29:19Z</time></trkpt><trkpt lat="49.96981" lon="17.81545"><time>2026-07-30T08:29:20Z</time></trkpt><trkpt lat="49.96992" lon="17.81512"><time>2026-07-30T08:29:21Z</time></trkpt><trkpt lat="49.97002" lon="17.81478"><time>2026-07-30T08:29:22Z</time></trkpt><trkpt lat="49.97013" lon="17.81445"><time>2026-07-30T08:29:23Z</time></trkpt><trkpt lat="49.97023" lon="17.81411"><time>2026-07-30T08:29:24Z</time></trkpt><trkpt lat="49.97034" lon="17.81375"><time>2026-07-30T08:29:25Z</time></trkpt><trkpt lat="49.97044" lon="17.8134"><time>2026-07-30T08:29:26Z</time></trkpt><trkpt lat="49.97054" lon="17.81305"><time>2026-07-30T08:29:27Z</time></trkpt><trkpt lat="49.97064" lon="17.8127"><time>2026-07-30T08:29:28Z</time></trkpt><trkpt lat="49.97074" lon="17.81234"><time>2026-07-30T08:29:29Z</time></trkpt><trkpt lat="49.97084" lon="17.812"><time>2026-07-30T08:29:30Z</time></trkpt><trkpt lat="49.97094" lon="17.81165"><time>2026-07-30T08:29:31Z</time></trkpt><trkpt lat="49.97104" lon="17.81132"><time>2026-07-30T08:29:32Z</time></trkpt><trkpt lat="49.97114" lon="17.81098"><time>2026-07-30T08:29:33Z</time></trkpt><trkpt lat="49.97124" lon="17.81063"><time>2026-07-30T08:29:34Z</time></trkpt><trkpt lat="49.97134" lon="17.81029"><time>2026-07-30T08:29:35Z</time></trkpt><trkpt lat="49.97144" lon="17.80993"><time>2026-07-30T08:29:36Z</time></trkpt><trkpt lat="49.97154" lon="17.80958"><time>2026-07-30T08:29:37Z</time></trkpt><trkpt lat="49.97165" lon="17.80923"><time>2026-07-30T08:29:38Z</time></trkpt><trkpt lat="49.97176" lon="17.80887"><time>2026-07-30T08:29:39Z</time></trkpt><trkpt lat="49.97186" lon="17.80851"><time>2026-07-30T08:29:40Z</time></trkpt><trkpt lat="49.97197" lon="17.80815"><time>2026-07-30T08:29:41Z</time></trkpt><trkpt lat="49.97208" lon="17.8078"><time>2026-07-30T08:29:42Z</time></trkpt><trkpt lat="49.97219" lon="17.80745"><time>2026-07-30T08:29:43Z</time></trkpt><trkpt lat="49.97229" lon="17.80709"><time>2026-07-30T08:29:44Z</time></trkpt><trkpt lat="49.97239" lon="17.80677"><time>2026-07-30T08:29:45Z</time></trkpt><trkpt lat="49.97249" lon="17.80642"><time>2026-07-30T08:29:46Z</time></trkpt><trkpt lat="49.97258" lon="17.80611"><time>2026-07-30T08:29:47Z</time></trkpt><trkpt lat="49.97266" lon="17.8058"><time>2026-07-30T08:29:48Z</time></trkpt><trkpt lat="49.97274" lon="17.80551"><time>2026-07-30T08:29:49Z</time></trkpt><trkpt lat="49.9728" lon="17.8052"><time>2026-07-30T08:29:50Z</time></trkpt><trkpt lat="49.97285" lon="17.80488"><time>2026-07-30T08:29:51Z</time></trkpt><trkpt lat="49.9729" lon="17.80453"><time>2026-07-30T08:29:52Z</time></trkpt><trkpt lat="49.97294" lon="17.80419"><time>2026-07-30T08:29:53Z</time></trkpt><trkpt lat="49.97298" lon="17.80383"><time>2026-07-30T08:29:54Z</time></trkpt><trkpt lat="49.97302" lon="17.80346"><time>2026-07-30T08:29:55Z</time></trkpt><trkpt lat="49.97307" lon="17.8031"><time>2026-07-30T08:29:56Z</time></trkpt><trkpt lat="49.97311" lon="17.80273"><time>2026-07-30T08:29:57Z</time></trkpt><trkpt lat="49.97315" lon="17.80235"><time>2026-07-30T08:29:58Z</time></trkpt><trkpt lat="49.97319" lon="17.80197"><time>2026-07-30T08:29:59Z</time></trkpt><trkpt lat="49.97324" lon="17.80161"><time>2026-07-30T08:30:00Z</time></trkpt><trkpt lat="49.97328" lon="17.80127"><time>2026-07-30T08:30:01Z</time></trkpt><trkpt lat="49.97332" lon="17.80095"><time>2026-07-30T08:30:02Z</time></trkpt><trkpt lat="49.97336" lon="17.80062"><time>2026-07-30T08:30:03Z</time></trkpt><trkpt lat="49.97339" lon="17.80031"><time>2026-07-30T08:30:04Z</time></trkpt><trkpt lat="49.97343" lon="17.80002"><time>2026-07-30T08:30:05Z</time></trkpt><trkpt lat="49.97346" lon="17.79974"><time>2026-07-30T08:30:06Z</time></trkpt><trkpt lat="49.9735" lon="17.79947"><time>2026-07-30T08:30:07Z</time></trkpt><trkpt lat="49.97352" lon="17.79921"><time>2026-07-30T08:30:08Z</time></trkpt><trkpt lat="49.97355" lon="17.79895"><time>2026-07-30T08:30:09Z</time></trkpt><trkpt lat="49.97358" lon="17.79871"><time>2026-07-30T08:30:10Z</time></trkpt><trkpt lat="49.97361" lon="17.79847"><time>2026-07-30T08:30:11Z</time></trkpt><trkpt lat="49.97364" lon="17.79824"><time>2026-07-30T08:30:12Z</time></trkpt><trkpt lat="49.97366" lon="17.79803"><time>2026-07-30T08:30:13Z</time></trkpt><trkpt lat="49.97369" lon="17.79781"><time>2026-07-30T08:30:14Z</time></trkpt><trkpt lat="49.97371" lon="17.79758"><time>2026-07-30T08:30:15Z</time></trkpt><trkpt lat="49.97374" lon="17.79736"><time>2026-07-30T08:30:16Z</time></trkpt><trkpt lat="49.97377" lon="17.79712"><time>2026-07-30T08:30:17Z</time></trkpt><trkpt lat="49.9738" lon="17.79688"><time>2026-07-30T08:30:18Z</time></trkpt><trkpt lat="49.97383" lon="17.79665"><time>2026-07-30T08:30:19Z</time></trkpt><trkpt lat="49.97386" lon="17.79641"><time>2026-07-30T08:30:20Z</time></trkpt><trkpt lat="49.97389" lon="17.79617"><time>2026-07-30T08:30:22Z</time></trkpt><trkpt lat="49.97391" lon="17.79593"><time>2026-07-30T08:30:22Z</time></trkpt><trkpt lat="49.97394" lon="17.79569"><time>2026-07-30T08:30:23Z</time></trkpt><trkpt lat="49.97397" lon="17.79545"><time>2026-07-30T08:30:24Z</time></trkpt><trkpt lat="49.974" lon="17.7952"><time>2026-07-30T08:30:25Z</time></trkpt><trkpt lat="49.97403" lon="17.79494"><time>2026-07-30T08:30:26Z</time></trkpt><trkpt lat="49.97405" lon="17.79471"><time>2026-07-30T08:30:27Z</time></trkpt><trkpt lat="49.97408" lon="17.79447"><time>2026-07-30T08:30:28Z</time></trkpt><trkpt lat="49.9741" lon="17.79424"><time>2026-07-30T08:30:29Z</time></trkpt><trkpt lat="49.97413" lon="17.79401"><time>2026-07-30T08:30:30Z</time></trkpt><trkpt lat="49.97415" lon="17.79379"><time>2026-07-30T08:30:31Z</time></trkpt><trkpt lat="49.97417" lon="17.79356"><time>2026-07-30T08:30:32Z</time></trkpt><trkpt lat="49.97419" lon="17.79332"><time>2026-07-30T08:30:33Z</time></trkpt><trkpt lat="49.9742" lon="17.79307"><time>2026-07-30T08:30:34Z</time></trkpt><trkpt lat="49.97421" lon="17.79281"><time>2026-07-30T08:30:35Z</time></trkpt><trkpt lat="49.97422" lon="17.79254"><time>2026-07-30T08:30:36Z</time></trkpt><trkpt lat="49.97422" lon="17.79227"><time>2026-07-30T08:30:37Z</time></trkpt><trkpt lat="49.97421" lon="17.79199"><time>2026-07-30T08:30:38Z</time></trkpt><trkpt lat="49.97421" lon="17.7917"><time>2026-07-30T08:30:39Z</time></trkpt><trkpt lat="49.97421" lon="17.79141"><time>2026-07-30T08:30:40Z</time></trkpt><trkpt lat="49.97419" lon="17.79112"><time>2026-07-30T08:30:41Z</time></trkpt><trkpt lat="49.97417" lon="17.79084"><time>2026-07-30T08:30:42Z</time></trkpt><trkpt lat="49.97415" lon="17.79057"><time>2026-07-30T08:30:43Z</time></trkpt><trkpt lat="49.97412" lon="17.79029"><time>2026-07-30T08:30:44Z</time></trkpt><trkpt lat="49.9741" lon="17.79001"><time>2026-07-30T08:30:45Z</time></trkpt><trkpt lat="49.97406" lon="17.78971"><time>2026-07-30T08:30:46Z</time></trkpt><trkpt lat="49.97402" lon="17.78941"><time>2026-07-30T08:30:47Z</time></trkpt><trkpt lat="49.97397" lon="17.78911"><time>2026-07-30T08:30:48Z</time></trkpt><trkpt lat="49.97393" lon="17.7888"><time>2026-07-30T08:30:49Z</time></trkpt><trkpt lat="49.97388" lon="17.78848"><time>2026-07-30T08:30:50Z</time></trkpt><trkpt lat="49.97383" lon="17.78817"><time>2026-07-30T08:30:51Z</time></trkpt><trkpt lat="49.97378" lon="17.78785"><time>2026-07-30T08:30:52Z</time></trkpt><trkpt lat="49.97373" lon="17.78753"><time>2026-07-30T08:30:53Z</time></trkpt><trkpt lat="49.97368" lon="17.7872"><time>2026-07-30T08:30:54Z</time></trkpt><trkpt lat="49.97364" lon="17.78687"><time>2026-07-30T08:30:55Z</time></trkpt><trkpt lat="49.97359" lon="17.78654"><time>2026-07-30T08:30:56Z</time></trkpt><trkpt lat="49.97356" lon="17.78622"><time>2026-07-30T08:30:57Z</time></trkpt><trkpt lat="49.97353" lon="17.78589"><time>2026-07-30T08:30:58Z</time></trkpt><trkpt lat="49.9735" lon="17.78557"><time>2026-07-30T08:30:59Z</time></trkpt><trkpt lat="49.97349" lon="17.78524"><time>2026-07-30T08:31:00Z</time></trkpt><trkpt lat="49.97347" lon="17.7849"><time>2026-07-30T08:31:01Z</time></trkpt><trkpt lat="49.97346" lon="17.78456"><time>2026-07-30T08:31:02Z</time></trkpt><trkpt lat="49.97346" lon="17.7842"><time>2026-07-30T08:31:03Z</time></trkpt><trkpt lat="49.97346" lon="17.78386"><time>2026-07-30T08:31:04Z</time></trkpt><trkpt lat="49.97348" lon="17.78351"><time>2026-07-30T08:31:05Z</time></trkpt><trkpt lat="49.9735" lon="17.78316"><time>2026-07-30T08:31:06Z</time></trkpt><trkpt lat="49.97353" lon="17.78279"><time>2026-07-30T08:31:07Z</time></trkpt><trkpt lat="49.97356" lon="17.78243"><time>2026-07-30T08:31:08Z</time></trkpt><trkpt lat="49.9736" lon="17.78206"><time>2026-07-30T08:31:09Z</time></trkpt><trkpt lat="49.97364" lon="17.7817"><time>2026-07-30T08:31:10Z</time></trkpt><trkpt lat="49.97368" lon="17.78134"><time>2026-07-30T08:31:11Z</time></trkpt><trkpt lat="49.97373" lon="17.78097"><time>2026-07-30T08:31:12Z</time></trkpt><trkpt lat="49.97377" lon="17.7806"><time>2026-07-30T08:31:13Z</time></trkpt><trkpt lat="49.97382" lon="17.78023"><time>2026-07-30T08:31:14Z</time></trkpt><trkpt lat="49.97386" lon="17.77987"><time>2026-07-30T08:31:15Z</time></trkpt><trkpt lat="49.97391" lon="17.7795"><time>2026-07-30T08:31:16Z</time></trkpt><trkpt lat="49.97396" lon="17.77914"><time>2026-07-30T08:31:17Z</time></trkpt><trkpt lat="49.97401" lon="17.77876"><time>2026-07-30T08:31:18Z</time></trkpt><trkpt lat="49.97406" lon="17.7784"><time>2026-07-30T08:31:19Z</time></trkpt><trkpt lat="49.9741" lon="17.77804"><time>2026-07-30T08:31:20Z</time></trkpt><trkpt lat="49.97415" lon="17.77767"><time>2026-07-30T08:31:21Z</time></trkpt><trkpt lat="49.9742" lon="17.77731"><time>2026-07-30T08:31:22Z</time></trkpt><trkpt lat="49.97425" lon="17.77696"><time>2026-07-30T08:31:23Z</time></trkpt><trkpt lat="49.97429" lon="17.7766"><time>2026-07-30T08:31:24Z</time></trkpt><trkpt lat="49.97434" lon="17.77625"><time>2026-07-30T08:31:25Z</time></trkpt><trkpt lat="49.97439" lon="17.77589"><time>2026-07-30T08:31:26Z</time></trkpt><trkpt lat="49.97443" lon="17.77554"><time>2026-07-30T08:31:27Z</time></trkpt><trkpt lat="49.97447" lon="17.77519"><time>2026-07-30T08:31:28Z</time></trkpt><trkpt lat="49.97452" lon="17.77484"><time>2026-07-30T08:31:29Z</time></trkpt><trkpt lat="49.97456" lon="17.77449"><time>2026-07-30T08:31:30Z</time></trkpt><trkpt lat="49.97461" lon="17.77414"><time>2026-07-30T08:31:31Z</time></trkpt><trkpt lat="49.97465" lon="17.77382"><time>2026-07-30T08:31:32Z</time></trkpt><trkpt lat="49.97469" lon="17.77352"><time>2026-07-30T08:31:33Z</time></trkpt><trkpt lat="49.97472" lon="17.77321"><time>2026-07-30T08:31:34Z</time></trkpt><trkpt lat="49.97477" lon="17.77289"><time>2026-07-30T08:31:35Z</time></trkpt><trkpt lat="49.97481" lon="17.77258"><time>2026-07-30T08:31:36Z</time></trkpt><trkpt lat="49.97485" lon="17.77226"><time>2026-07-30T08:31:37Z</time></trkpt><trkpt lat="49.9749" lon="17.77194"><time>2026-07-30T08:31:38Z</time></trkpt><trkpt lat="49.97495" lon="17.77161"><time>2026-07-30T08:31:39Z</time></trkpt><trkpt lat="49.975" lon="17.77127"><time>2026-07-30T08:31:40Z</time></trkpt><trkpt lat="49.97506" lon="17.77093"><time>2026-07-30T08:31:41Z</time></trkpt><trkpt lat="49.97512" lon="17.77059"><time>2026-07-30T08:31:42Z</time></trkpt><trkpt lat="49.97518" lon="17.77024"><time>2026-07-30T08:31:43Z</time></trkpt><trkpt lat="49.97524" lon="17.7699"><time>2026-07-30T08:31:44Z</time></trkpt><trkpt lat="49.9753" lon="17.76955"><time>2026-07-30T08:31:45Z</time></trkpt><trkpt lat="49.97536" lon="17.76919"><time>2026-07-30T08:31:46Z</time></trkpt><trkpt lat="49.97543" lon="17.76883"><time>2026-07-30T08:31:48Z</time></trkpt><trkpt lat="49.97549" lon="17.7685"><time>2026-07-30T08:31:48Z</time></trkpt><trkpt lat="49.97555" lon="17.76817"><time>2026-07-30T08:31:49Z</time></trkpt><trkpt lat="49.97562" lon="17.76784"><time>2026-07-30T08:31:50Z</time></trkpt><trkpt lat="49.97568" lon="17.76752"><time>2026-07-30T08:31:51Z</time></trkpt><trkpt lat="49.97573" lon="17.76718"><time>2026-07-30T08:31:52Z</time></trkpt><trkpt lat="49.97579" lon="17.76686"><time>2026-07-30T08:31:53Z</time></trkpt><trkpt lat="49.97584" lon="17.76655"><time>2026-07-30T08:31:54Z</time></trkpt><trkpt lat="49.97589" lon="17.76625"><time>2026-07-30T08:31:55Z</time></trkpt><trkpt lat="49.97594" lon="17.76593"><time>2026-07-30T08:31:56Z</time></trkpt><trkpt lat="49.976" lon="17.76562"><time>2026-07-30T08:31:57Z</time></trkpt><trkpt lat="49.97607" lon="17.76532"><time>2026-07-30T08:31:58Z</time></trkpt><trkpt lat="49.97614" lon="17.76499"><time>2026-07-30T08:31:59Z</time></trkpt><trkpt lat="49.97621" lon="17.76466"><time>2026-07-30T08:32:00Z</time></trkpt><trkpt lat="49.97629" lon="17.76432"><time>2026-07-30T08:32:01Z</time></trkpt><trkpt lat="49.97638" lon="17.76399"><time>2026-07-30T08:32:02Z</time></trkpt><trkpt lat="49.97648" lon="17.76368"><time>2026-07-30T08:32:03Z</time></trkpt><trkpt lat="49.97658" lon="17.76335"><time>2026-07-30T08:32:04Z</time></trkpt><trkpt lat="49.97669" lon="17.76303"><time>2026-07-30T08:32:05Z</time></trkpt><trkpt lat="49.9768" lon="17.76273"><time>2026-07-30T08:32:06Z</time></trkpt><trkpt lat="49.97692" lon="17.76244"><time>2026-07-30T08:32:07Z</time></trkpt><trkpt lat="49.97703" lon="17.76215"><time>2026-07-30T08:32:08Z</time></trkpt><trkpt lat="49.97716" lon="17.76187"><time>2026-07-30T08:32:09Z</time></trkpt><trkpt lat="49.9773" lon="17.76157"><time>2026-07-30T08:32:10Z</time></trkpt><trkpt lat="49.97744" lon="17.76128"><time>2026-07-30T08:32:11Z</time></trkpt><trkpt lat="49.97759" lon="17.76099"><time>2026-07-30T08:32:12Z</time></trkpt><trkpt lat="49.97773" lon="17.76069"><time>2026-07-30T08:32:13Z</time></trkpt><trkpt lat="49.97787" lon="17.76041"><time>2026-07-30T08:32:14Z</time></trkpt><trkpt lat="49.97801" lon="17.76012"><time>2026-07-30T08:32:15Z</time></trkpt><trkpt lat="49.97815" lon="17.75983"><time>2026-07-30T08:32:16Z</time></trkpt><trkpt lat="49.97829" lon="17.75955"><time>2026-07-30T08:32:17Z</time></trkpt><trkpt lat="49.97842" lon="17.75926"><time>2026-07-30T08:32:18Z</time></trkpt><trkpt lat="49.97854" lon="17.75898"><time>2026-07-30T08:32:19Z</time></trkpt><trkpt lat="49.97864" lon="17.75867"><time>2026-07-30T08:32:20Z</time></trkpt><trkpt lat="49.97875" lon="17.75837"><time>2026-07-30T08:32:21Z</time></trkpt><trkpt lat="49.97885" lon="17.75806"><time>2026-07-30T08:32:22Z</time></trkpt><trkpt lat="49.97894" lon="17.75775"><time>2026-07-30T08:32:23Z</time></trkpt><trkpt lat="49.97902" lon="17.75742"><time>2026-07-30T08:32:24Z</time></trkpt><trkpt lat="49.97909" lon="17.75708"><time>2026-07-30T08:32:25Z</time></trkpt><trkpt lat="49.97914" lon="17.75673"><time>2026-07-30T08:32:26Z</time></trkpt><trkpt lat="49.97919" lon="17.75639"><time>2026-07-30T08:32:27Z</time></trkpt><trkpt lat="49.97922" lon="17.75604"><time>2026-07-30T08:32:28Z</time></trkpt><trkpt lat="49.97924" lon="17.75569"><time>2026-07-30T08:32:29Z</time></trkpt><trkpt lat="49.97926" lon="17.75534"><time>2026-07-30T08:32:30Z</time></trkpt><trkpt lat="49.97925" lon="17.75499"><time>2026-07-30T08:32:31Z</time></trkpt><trkpt lat="49.97923" lon="17.75463"><time>2026-07-30T08:32:32Z</time></trkpt><trkpt lat="49.9792" lon="17.75429"><time>2026-07-30T08:32:33Z</time></trkpt><trkpt lat="49.97916" lon="17.75395"><time>2026-07-30T08:32:34Z</time></trkpt><trkpt lat="49.97911" lon="17.75361"><time>2026-07-30T08:32:35Z</time></trkpt><trkpt lat="49.97906" lon="17.75326"><time>2026-07-30T08:32:36Z</time></trkpt><trkpt lat="49.97899" lon="17.75291"><time>2026-07-30T08:32:37Z</time></trkpt><trkpt lat="49.97892" lon="17.75255"><time>2026-07-30T08:32:38Z</time></trkpt><trkpt lat="49.97885" lon="17.75219"><time>2026-07-30T08:32:39Z</time></trkpt><trkpt lat="49.97878" lon="17.75185"><time>2026-07-30T08:32:40Z</time></trkpt><trkpt lat="49.97872" lon="17.75152"><time>2026-07-30T08:32:41Z</time></trkpt><trkpt lat="49.97865" lon="17.75119"><time>2026-07-30T08:32:42Z</time></trkpt><trkpt lat="49.97858" lon="17.75085"><time>2026-07-30T08:32:43Z</time></trkpt><trkpt lat="49.97851" lon="17.75051"><time>2026-07-30T08:32:44Z</time></trkpt><trkpt lat="49.97845" lon="17.75017"><time>2026-07-30T08:32:45Z</time></trkpt><trkpt lat="49.97838" lon="17.74985"><time>2026-07-30T08:32:46Z</time></trkpt><trkpt lat="49.97832" lon="17.74953"><time>2026-07-30T08:32:47Z</time></trkpt><trkpt lat="49.97826" lon="17.74922"><time>2026-07-30T08:32:48Z</time></trkpt><trkpt lat="49.97819" lon="17.7489"><time>2026-07-30T08:32:49Z</time></trkpt><trkpt lat="49.97813" lon="17.74858"><time>2026-07-30T08:32:50Z</time></trkpt><trkpt lat="49.97806" lon="17.74827"><time>2026-07-30T08:32:51Z</time></trkpt><trkpt lat="49.97801" lon="17.74799"><time>2026-07-30T08:32:52Z</time></trkpt><trkpt lat="49.97795" lon="17.74772"><time>2026-07-30T08:32:53Z</time></trkpt><trkpt lat="49.9779" lon="17.74746"><time>2026-07-30T08:32:54Z</time></trkpt><trkpt lat="49.97785" lon="17.74722"><time>2026-07-30T08:32:55Z</time></trkpt><trkpt lat="49.9778" lon="17.74698"><time>2026-07-30T08:32:56Z</time></trkpt><trkpt lat="49.97775" lon="17.74675"><time>2026-07-30T08:32:57Z</time></trkpt><trkpt lat="49.9777" lon="17.74652"><time>2026-07-30T08:32:58Z</time></trkpt><trkpt lat="49.97766" lon="17.74629"><time>2026-07-30T08:32:59Z</time></trkpt><trkpt lat="49.97761" lon="17.74603"><time>2026-07-30T08:33:00Z</time></trkpt><trkpt lat="49.97756" lon="17.74575"><time>2026-07-30T08:33:01Z</time></trkpt><trkpt lat="49.9775" lon="17.74547"><time>2026-07-30T08:33:02Z</time></trkpt><trkpt lat="49.97744" lon="17.74515"><time>2026-07-30T08:33:03Z</time></trkpt><trkpt lat="49.97737" lon="17.74483"><time>2026-07-30T08:33:04Z</time></trkpt><trkpt lat="49.97731" lon="17.7445"><time>2026-07-30T08:33:05Z</time></trkpt><trkpt lat="49.97724" lon="17.74417"><time>2026-07-30T08:33:06Z</time></trkpt><trkpt lat="49.97716" lon="17.74382"><time>2026-07-30T08:33:07Z</time></trkpt><trkpt lat="49.9771" lon="17.74346"><time>2026-07-30T08:33:08Z</time></trkpt><trkpt lat="49.97703" lon="17.74311"><time>2026-07-30T08:33:09Z</time></trkpt><trkpt lat="49.97695" lon="17.74276"><time>2026-07-30T08:33:10Z</time></trkpt><trkpt lat="49.97688" lon="17.7424"><time>2026-07-30T08:33:11Z</time></trkpt><trkpt lat="49.97681" lon="17.74204"><time>2026-07-30T08:33:12Z</time></trkpt><trkpt lat="49.97675" lon="17.74172"><time>2026-07-30T08:33:13Z</time></trkpt><trkpt lat="49.97668" lon="17.74141"><time>2026-07-30T08:33:14Z</time></trkpt><trkpt lat="49.97661" lon="17.74109"><time>2026-07-30T08:33:15Z</time></trkpt><trkpt lat="49.97655" lon="17.7408"><time>2026-07-30T08:33:16Z</time></trkpt><trkpt lat="49.97649" lon="17.74052"><time>2026-07-30T08:33:17Z</time></trkpt><trkpt lat="49.97644" lon="17.74024"><time>2026-07-30T08:33:18Z</time></trkpt><trkpt lat="49.97638" lon="17.73995"><time>2026-07-30T08:33:19Z</time></trkpt><trkpt lat="49.97633" lon="17.73969"><time>2026-07-30T08:33:20Z</time></trkpt><trkpt lat="49.97628" lon="17.73941"><time>2026-07-30T08:33:21Z</time></trkpt><trkpt lat="49.97624" lon="17.73912"><time>2026-07-30T08:33:22Z</time></trkpt><trkpt lat="49.97621" lon="17.73882"><time>2026-07-30T08:33:23Z</time></trkpt><trkpt lat="49.97619" lon="17.73851"><time>2026-07-30T08:33:24Z</time></trkpt><trkpt lat="49.97617" lon="17.73822"><time>2026-07-30T08:33:25Z</time></trkpt><trkpt lat="49.97615" lon="17.73792"><time>2026-07-30T08:33:26Z</time></trkpt><trkpt lat="49.97614" lon="17.73765"><time>2026-07-30T08:33:27Z</time></trkpt><trkpt lat="49.97612" lon="17.73739"><time>2026-07-30T08:33:28Z</time></trkpt><trkpt lat="49.9761" lon="17.73715"><time>2026-07-30T08:33:29Z</time></trkpt><trkpt lat="49.97608" lon="17.73692"><time>2026-07-30T08:33:30Z</time></trkpt><trkpt lat="49.97606" lon="17.73671"><time>2026-07-30T08:33:31Z</time></trkpt><trkpt lat="49.97605" lon="17.73651"><time>2026-07-30T08:33:32Z</time></trkpt><trkpt lat="49.97603" lon="17.73631"><time>2026-07-30T08:33:33Z</time></trkpt><trkpt lat="49.976" lon="17.73612"><time>2026-07-30T08:33:34Z</time></trkpt><trkpt lat="49.97595" lon="17.73594"><time>2026-07-30T08:33:35Z</time></trkpt><trkpt lat="49.97589" lon="17.73577"><time>2026-07-30T08:33:36Z</time></trkpt><trkpt lat="49.97581" lon="17.73562"><time>2026-07-30T08:33:37Z</time></trkpt><trkpt lat="49.97572" lon="17.7355"><time>2026-07-30T08:33:38Z</time></trkpt><trkpt lat="49.97563" lon="17.73537"><time>2026-07-30T08:33:39Z</time></trkpt><trkpt lat="49.97554" lon="17.73525"><time>2026-07-30T08:33:40Z</time></trkpt><trkpt lat="49.97546" lon="17.73511"><time>2026-07-30T08:33:41Z</time></trkpt><trkpt lat="49.97538" lon="17.73496"><time>2026-07-30T08:33:42Z</time></trkpt><trkpt lat="49.97531" lon="17.73479"><time>2026-07-30T08:33:43Z</time></trkpt><trkpt lat="49.97525" lon="17.73461"><time>2026-07-30T08:33:44Z</time></trkpt><trkpt lat="49.9752" lon="17.73442"><time>2026-07-30T08:33:45Z</time></trkpt><trkpt lat="49.97514" lon="17.73425"><time>2026-07-30T08:33:46Z</time></trkpt><trkpt lat="49.97509" lon="17.73407"><time>2026-07-30T08:33:47Z</time></trkpt><trkpt lat="49.97504" lon="17.73388"><time>2026-07-30T08:33:48Z</time></trkpt><trkpt lat="49.97498" lon="17.73369"><time>2026-07-30T08:33:49Z</time></trkpt><trkpt lat="49.97493" lon="17.7335"><time>2026-07-30T08:33:50Z</time></trkpt><trkpt lat="49.97487" lon="17.73331"><time>2026-07-30T08:33:51Z</time></trkpt><trkpt lat="49.97483" lon="17.73313"><time>2026-07-30T08:33:52Z</time></trkpt><trkpt lat="49.97478" lon="17.73294"><time>2026-07-30T08:33:53Z</time></trkpt><trkpt lat="49.97472" lon="17.73275"><time>2026-07-30T08:33:54Z</time></trkpt><trkpt lat="49.97466" lon="17.73256"><time>2026-07-30T08:33:55Z</time></trkpt><trkpt lat="49.97458" lon="17.73238"><time>2026-07-30T08:33:56Z</time></trkpt><trkpt lat="49.9745" lon="17.73222"><time>2026-07-30T08:33:57Z</time></trkpt><trkpt lat="49.97442" lon="17.73206"><time>2026-07-30T08:33:58Z</time></trkpt><trkpt lat="49.97434" lon="17.73192"><time>2026-07-30T08:33:59Z</time></trkpt><trkpt lat="49.97427" lon="17.73177"><time>2026-07-30T08:34:00Z</time></trkpt><trkpt lat="49.97421" lon="17.73162"><time>2026-07-30T08:34:01Z</time></trkpt><trkpt lat="49.97418" lon="17.73147"><time>2026-07-30T08:34:02Z</time></trkpt><trkpt lat="49.97416" lon="17.7313"><time>2026-07-30T08:34:03Z</time></trkpt><trkpt lat="49.97416" lon="17.73112"><time>2026-07-30T08:34:04Z</time></trkpt><trkpt lat="49.97419" lon="17.73093"><time>2026-07-30T08:34:05Z</time></trkpt><trkpt lat="49.97424" lon="17.73073"><time>2026-07-30T08:34:06Z</time></trkpt><trkpt lat="49.97431" lon="17.73054"><time>2026-07-30T08:34:07Z</time></trkpt><trkpt lat="49.97439" lon="17.73034"><time>2026-07-30T08:34:08Z</time></trkpt><trkpt lat="49.97447" lon="17.73013"><time>2026-07-30T08:34:09Z</time></trkpt><trkpt lat="49.97455" lon="17.72994"><time>2026-07-30T08:34:10Z</time></trkpt><trkpt lat="49.97463" lon="17.72978"><time>2026-07-30T08:34:11Z</time></trkpt><trkpt lat="49.97471" lon="17.72962"><time>2026-07-30T08:34:12Z</time></trkpt><trkpt lat="49.97479" lon="17.72944"><time>2026-07-30T08:34:13Z</time></trkpt><trkpt lat="49.97486" lon="17.72926"><time>2026-07-30T08:34:14Z</time></trkpt><trkpt lat="49.97494" lon="17.72907"><time>2026-07-30T08:34:15Z</time></trkpt><trkpt lat="49.97503" lon="17.7289"><time>2026-07-30T08:34:16Z</time></trkpt><trkpt lat="49.97511" lon="17.72872"><time>2026-07-30T08:34:17Z</time></trkpt><trkpt lat="49.97519" lon="17.72855"><time>2026-07-30T08:34:18Z</time></trkpt><trkpt lat="49.97527" lon="17.72839"><time>2026-07-30T08:34:19Z</time></trkpt><trkpt lat="49.97534" lon="17.72823"><time>2026-07-30T08:34:20Z</time></trkpt><trkpt lat="49.97542" lon="17.72805"><time>2026-07-30T08:34:21Z</time></trkpt><trkpt lat="49.9755" lon="17.72787"><time>2026-07-30T08:34:22Z</time></trkpt><trkpt lat="49.97558" lon="17.72768"><time>2026-07-30T08:34:23Z</time></trkpt><trkpt lat="49.97565" lon="17.72749"><time>2026-07-30T08:34:24Z</time></trkpt><trkpt lat="49.97573" lon="17.72732"><time>2026-07-30T08:34:25Z</time></trkpt><trkpt lat="49.97581" lon="17.72715"><time>2026-07-30T08:34:26Z</time></trkpt><trkpt lat="49.97588" lon="17.72698"><time>2026-07-30T08:34:27Z</time></trkpt><trkpt lat="49.97595" lon="17.72681"><time>2026-07-30T08:34:28Z</time></trkpt><trkpt lat="49.97603" lon="17.72663"><time>2026-07-30T08:34:29Z</time></trkpt><trkpt lat="49.9761" lon="17.72645"><time>2026-07-30T08:34:30Z</time></trkpt><trkpt lat="49.97618" lon="17.72627"><time>2026-07-30T08:34:31Z</time></trkpt><trkpt lat="49.97626" lon="17.72608"><time>2026-07-30T08:34:32Z</time></trkpt><trkpt lat="49.97634" lon="17.7259"><time>2026-07-30T08:34:33Z</time></trkpt><trkpt lat="49.97641" lon="17.72572"><time>2026-07-30T08:34:34Z</time></trkpt><trkpt lat="49.97649" lon="17.72553"><time>2026-07-30T08:34:35Z</time></trkpt><trkpt lat="49.97657" lon="17.72537"><time>2026-07-30T08:34:36Z</time></trkpt><trkpt lat="49.97664" lon="17.72519"><time>2026-07-30T08:34:37Z</time></trkpt><trkpt lat="49.97672" lon="17.72501"><time>2026-07-30T08:34:38Z</time></trkpt><trkpt lat="49.97678" lon="17.72482"><time>2026-07-30T08:34:39Z</time></trkpt><trkpt lat="49.97683" lon="17.72463"><time>2026-07-30T08:34:40Z</time></trkpt><trkpt lat="49.97688" lon="17.72445"><time>2026-07-30T08:34:41Z</time></trkpt><trkpt lat="49.97692" lon="17.72426"><time>2026-07-30T08:34:42Z</time></trkpt><trkpt lat="49.97696" lon="17.72405"><time>2026-07-30T08:34:43Z</time></trkpt><trkpt lat="49.977" lon="17.72385"><time>2026-07-30T08:34:44Z</time></trkpt><trkpt lat="49.97706" lon="17.72365"><time>2026-07-30T08:34:45Z</time></trkpt><trkpt lat="49.97713" lon="17.72347"><time>2026-07-30T08:34:46Z</time></trkpt><trkpt lat="49.97722" lon="17.72328"><time>2026-07-30T08:34:47Z</time></trkpt><trkpt lat="49.97731" lon="17.72311"><time>2026-07-30T08:34:48Z</time></trkpt><trkpt lat="49.97739" lon="17.72294"><time>2026-07-30T08:34:49Z</time></trkpt><trkpt lat="49.97748" lon="17.72278"><time>2026-07-30T08:34:50Z</time></trkpt><trkpt lat="49.97756" lon="17.72262"><time>2026-07-30T08:34:51Z</time></trkpt><trkpt lat="49.97764" lon="17.72247"><time>2026-07-30T08:34:52Z</time></trkpt><trkpt lat="49.9777" lon="17.72234"><time>2026-07-30T08:34:53Z</time></trkpt><trkpt lat="49.97778" lon="17.72222"><time>2026-07-30T08:34:54Z</time></trkpt><trkpt lat="49.97785" lon="17.72209"><time>2026-07-30T08:34:55Z</time></trkpt><trkpt lat="49.97792" lon="17.72196"><time>2026-07-30T08:34:56Z</time></trkpt><trkpt lat="49.97799" lon="17.72184"><time>2026-07-30T08:34:57Z</time></trkpt><trkpt lat="49.97804" lon="17.72171"><time>2026-07-30T08:34:58Z</time></trkpt><trkpt lat="49.97809" lon="17.72156"><time>2026-07-30T08:34:59Z</time></trkpt><trkpt lat="49.97813" lon="17.7214"><time>2026-07-30T08:35:00Z</time></trkpt><trkpt lat="49.97817" lon="17.72123"><time>2026-07-30T08:35:01Z</time></trkpt><trkpt lat="49.97821" lon="17.72106"><time>2026-07-30T08:35:02Z</time></trkpt><trkpt lat="49.97825" lon="17.72088"><time>2026-07-30T08:35:03Z</time></trkpt><trkpt lat="49.97828" lon="17.7207"><time>2026-07-30T08:35:04Z</time></trkpt><trkpt lat="49.97832" lon="17.72052"><time>2026-07-30T08:35:05Z</time></trkpt><trkpt lat="49.97836" lon="17.72033"><time>2026-07-30T08:35:06Z</time></trkpt><trkpt lat="49.9784" lon="17.72013"><time>2026-07-30T08:35:07Z</time></trkpt><trkpt lat="49.97844" lon="17.71993"><time>2026-07-30T08:35:08Z</time></trkpt><trkpt lat="49.97848" lon="17.71971"><time>2026-07-30T08:35:09Z</time></trkpt><trkpt lat="49.97853" lon="17.71949"><time>2026-07-30T08:35:10Z</time></trkpt><trkpt lat="49.97858" lon="17.71927"><time>2026-07-30T08:35:11Z</time></trkpt><trkpt lat="49.97863" lon="17.71905"><time>2026-07-30T08:35:12Z</time></trkpt><trkpt lat="49.97867" lon="17.71884"><time>2026-07-30T08:35:13Z</time></trkpt><trkpt lat="49.97872" lon="17.71861"><time>2026-07-30T08:35:14Z</time></trkpt><trkpt lat="49.97878" lon="17.71836"><time>2026-07-30T08:35:15Z</time></trkpt><trkpt lat="49.97883" lon="17.71812"><time>2026-07-30T08:35:16Z</time></trkpt><trkpt lat="49.97888" lon="17.71787"><time>2026-07-30T08:35:17Z</time></trkpt><trkpt lat="49.97893" lon="17.71762"><time>2026-07-30T08:35:18Z</time></trkpt><trkpt lat="49.97898" lon="17.71736"><time>2026-07-30T08:35:19Z</time></trkpt><trkpt lat="49.97904" lon="17.71707"><time>2026-07-30T08:35:20Z</time></trkpt><trkpt lat="49.97911" lon="17.71677"><time>2026-07-30T08:35:21Z</time></trkpt><trkpt lat="49.97917" lon="17.71647"><time>2026-07-30T08:35:22Z</time></trkpt><trkpt lat="49.97924" lon="17.71617"><time>2026-07-30T08:35:23Z</time></trkpt><trkpt lat="49.9793" lon="17.71586"><time>2026-07-30T08:35:24Z</time></trkpt><trkpt lat="49.97937" lon="17.71555"><time>2026-07-30T08:35:25Z</time></trkpt><trkpt lat="49.97944" lon="17.71522"><time>2026-07-30T08:35:26Z</time></trkpt><trkpt lat="49.97951" lon="17.7149"><time>2026-07-30T08:35:27Z</time></trkpt><trkpt lat="49.97958" lon="17.71457"><time>2026-07-30T08:35:28Z</time></trkpt><trkpt lat="49.97965" lon="17.71423"><time>2026-07-30T08:35:29Z</time></trkpt><trkpt lat="49.97972" lon="17.71391"><time>2026-07-30T08:35:30Z</time></trkpt><trkpt lat="49.97978" lon="17.71359"><time>2026-07-30T08:35:31Z</time></trkpt><trkpt lat="49.97984" lon="17.71327"><time>2026-07-30T08:35:32Z</time></trkpt><trkpt lat="49.9799" lon="17.71295"><time>2026-07-30T08:35:33Z</time></trkpt><trkpt lat="49.97996" lon="17.71263"><time>2026-07-30T08:35:34Z</time></trkpt><trkpt lat="49.98001" lon="17.7123"><time>2026-07-30T08:35:35Z</time></trkpt><trkpt lat="49.98005" lon="17.71197"><time>2026-07-30T08:35:36Z</time></trkpt><trkpt lat="49.9801" lon="17.71163"><time>2026-07-30T08:35:37Z</time></trkpt><trkpt lat="49.98014" lon="17.71129"><time>2026-07-30T08:35:38Z</time></trkpt><trkpt lat="49.98019" lon="17.71095"><time>2026-07-30T08:35:39Z</time></trkpt><trkpt lat="49.98023" lon="17.71063"><time>2026-07-30T08:35:40Z</time></trkpt><trkpt lat="49.98027" lon="17.71031"><time>2026-07-30T08:35:41Z</time></trkpt><trkpt lat="49.98031" lon="17.71"><time>2026-07-30T08:35:42Z</time></trkpt><trkpt lat="49.98035" lon="17.70968"><time>2026-07-30T08:35:43Z</time></trkpt><trkpt lat="49.98039" lon="17.70935"><time>2026-07-30T08:35:44Z</time></trkpt><trkpt lat="49.98044" lon="17.70903"><time>2026-07-30T08:35:45Z</time></trkpt><trkpt lat="49.98048" lon="17.70872"><time>2026-07-30T08:35:46Z</time></trkpt><trkpt lat="49.98052" lon="17.70837"><time>2026-07-30T08:35:47Z</time></trkpt><trkpt lat="49.98057" lon="17.70803"><time>2026-07-30T08:35:48Z</time></trkpt><trkpt lat="49.98061" lon="17.70769"><time>2026-07-30T08:35:49Z</time></trkpt><trkpt lat="49.98065" lon="17.70737"><time>2026-07-30T08:35:50Z</time></trkpt><trkpt lat="49.9807" lon="17.70707"><time>2026-07-30T08:35:51Z</time></trkpt><trkpt lat="49.98074" lon="17.70678"><time>2026-07-30T08:35:52Z</time></trkpt><trkpt lat="49.98077" lon="17.7065"><time>2026-07-30T08:35:53Z</time></trkpt><trkpt lat="49.98081" lon="17.70623"><time>2026-07-30T08:35:54Z</time></trkpt><trkpt lat="49.98085" lon="17.70594"><time>2026-07-30T08:35:55Z</time></trkpt><trkpt lat="49.98088" lon="17.70566"><time>2026-07-30T08:35:56Z</time></trkpt><trkpt lat="49.98093" lon="17.70536"><time>2026-07-30T08:35:57Z</time></trkpt><trkpt lat="49.98097" lon="17.70505"><time>2026-07-30T08:35:58Z</time></trkpt><trkpt lat="49.98101" lon="17.70476"><time>2026-07-30T08:35:59Z</time></trkpt><trkpt lat="49.98105" lon="17.70445"><time>2026-07-30T08:36:00Z</time></trkpt><trkpt lat="49.9811" lon="17.70412"><time>2026-07-30T08:36:01Z</time></trkpt><trkpt lat="49.98114" lon="17.7038"><time>2026-07-30T08:36:02Z</time></trkpt><trkpt lat="49.98119" lon="17.70345"><time>2026-07-30T08:36:03Z</time></trkpt><trkpt lat="49.98124" lon="17.7031"><time>2026-07-30T08:36:04Z</time></trkpt><trkpt lat="49.98129" lon="17.70274"><time>2026-07-30T08:36:05Z</time></trkpt><trkpt lat="49.98134" lon="17.70236"><time>2026-07-30T08:36:06Z</time></trkpt><trkpt lat="49.98139" lon="17.70199"><time>2026-07-30T08:36:07Z</time></trkpt><trkpt lat="49.98144" lon="17.70161"><time>2026-07-30T08:36:08Z</time></trkpt><trkpt lat="49.98149" lon="17.70123"><time>2026-07-30T08:36:09Z</time></trkpt><trkpt lat="49.98154" lon="17.70085"><time>2026-07-30T08:36:10Z</time></trkpt><trkpt lat="49.98158" lon="17.70048"><time>2026-07-30T08:36:11Z</time></trkpt><trkpt lat="49.98161" lon="17.70011"><time>2026-07-30T08:36:12Z</time></trkpt><trkpt lat="49.98164" lon="17.69974"><time>2026-07-30T08:36:13Z</time></trkpt><trkpt lat="49.98166" lon="17.69937"><time>2026-07-30T08:36:14Z</time></trkpt><trkpt lat="49.98168" lon="17.69899"><time>2026-07-30T08:36:15Z</time></trkpt><trkpt lat="49.98169" lon="17.69861"><time>2026-07-30T08:36:16Z</time></trkpt><trkpt lat="49.98169" lon="17.69823"><time>2026-07-30T08:36:17Z</time></trkpt><trkpt lat="49.98168" lon="17.69785"><time>2026-07-30T08:36:18Z</time></trkpt><trkpt lat="49.98167" lon="17.69748"><time>2026-07-30T08:36:19Z</time></trkpt><trkpt lat="49.98166" lon="17.6971"><time>2026-07-30T08:36:20Z</time></trkpt><trkpt lat="49.98163" lon="17.69673"><time>2026-07-30T08:36:21Z</time></trkpt><trkpt lat="49.9816" lon="17.69636"><time>2026-07-30T08:36:22Z</time></trkpt><trkpt lat="49.98157" lon="17.69599"><time>2026-07-30T08:36:23Z</time></trkpt><trkpt lat="49.98153" lon="17.69565"><time>2026-07-30T08:36:24Z</time></trkpt><trkpt lat="49.9815" lon="17.69532"><time>2026-07-30T08:36:25Z</time></trkpt><trkpt lat="49.98146" lon="17.695"><time>2026-07-30T08:36:26Z</time></trkpt><trkpt lat="49.98143" lon="17.69471"><time>2026-07-30T08:36:27Z</time></trkpt><trkpt lat="49.9814" lon="17.69444"><time>2026-07-30T08:36:28Z</time></trkpt><trkpt lat="49.98138" lon="17.69416"><time>2026-07-30T08:36:29Z</time></trkpt><trkpt lat="49.98136" lon="17.69388"><time>2026-07-30T08:36:30Z</time></trkpt><trkpt lat="49.98135" lon="17.69361"><time>2026-07-30T08:36:31Z</time></trkpt><trkpt lat="49.98134" lon="17.69335"><time>2026-07-30T08:36:32Z</time></trkpt><trkpt lat="49.98134" lon="17.69312"><time>2026-07-30T08:36:33Z</time></trkpt><trkpt lat="49.98135" lon="17.69291"><time>2026-07-30T08:36:34Z</time></trkpt><trkpt lat="49.98136" lon="17.69273"><time>2026-07-30T08:36:35Z</time></trkpt><trkpt lat="49.98137" lon="17.69254"><time>2026-07-30T08:36:36Z</time></trkpt><trkpt lat="49.98139" lon="17.69236"><time>2026-07-30T08:36:37Z</time></trkpt><trkpt lat="49.9814" lon="17.69218"><time>2026-07-30T08:36:38Z</time></trkpt><trkpt lat="49.98142" lon="17.69198"><time>2026-07-30T08:36:39Z</time></trkpt><trkpt lat="49.98144" lon="17.69179"><time>2026-07-30T08:36:40Z</time></trkpt><trkpt lat="49.98147" lon="17.6916"><time>2026-07-30T08:36:41Z</time></trkpt><trkpt lat="49.98149" lon="17.6914"><time>2026-07-30T08:36:42Z</time></trkpt><trkpt lat="49.98151" lon="17.69121"><time>2026-07-30T08:36:43Z</time></trkpt><trkpt lat="49.98153" lon="17.69101"><time>2026-07-30T08:36:44Z</time></trkpt><trkpt lat="49.98155" lon="17.69081"><time>2026-07-30T08:36:45Z</time></trkpt><trkpt lat="49.98156" lon="17.69064"><time>2026-07-30T08:36:46Z</time></trkpt><trkpt lat="49.98158" lon="17.69045"><time>2026-07-30T08:36:47Z</time></trkpt><trkpt lat="49.9816" lon="17.69027"><time>2026-07-30T08:36:48Z</time></trkpt><trkpt lat="49.98163" lon="17.69007"><time>2026-07-30T08:36:49Z</time></trkpt><trkpt lat="49.98165" lon="17.68989"><time>2026-07-30T08:36:50Z</time></trkpt><trkpt lat="49.98167" lon="17.68969"><time>2026-07-30T08:36:51Z</time></trkpt><trkpt lat="49.98169" lon="17.68952"><time>2026-07-30T08:36:52Z</time></trkpt><trkpt lat="49.98171" lon="17.68934"><time>2026-07-30T08:36:53Z</time></trkpt><trkpt lat="49.98172" lon="17.68916"><time>2026-07-30T08:36:54Z</time></trkpt><trkpt lat="49.98174" lon="17.68897"><time>2026-07-30T08:36:55Z</time></trkpt><trkpt lat="49.98176" lon="17.68878"><time>2026-07-30T08:36:56Z</time></trkpt><trkpt lat="49.98178" lon="17.68857"><time>2026-07-30T08:36:57Z</time></trkpt><trkpt lat="49.9818" lon="17.68839"><time>2026-07-30T08:36:58Z</time></trkpt><trkpt lat="49.98182" lon="17.6882"><time>2026-07-30T08:36:59Z</time></trkpt><trkpt lat="49.98183" lon="17.68804"><time>2026-07-30T08:37:00Z</time></trkpt><trkpt lat="49.98184" lon="17.68788"><time>2026-07-30T08:37:01Z</time></trkpt><trkpt lat="49.98186" lon="17.68771"><time>2026-07-30T08:37:02Z</time></trkpt><trkpt lat="49.98187" lon="17.68752"><time>2026-07-30T08:37:03Z</time></trkpt><trkpt lat="49.98188" lon="17.68735"><time>2026-07-30T08:37:04Z</time></trkpt><trkpt lat="49.98188" lon="17.68718"><time>2026-07-30T08:37:05Z</time></trkpt><trkpt lat="49.98187" lon="17.68701"><time>2026-07-30T08:37:06Z</time></trkpt><trkpt lat="49.98185" lon="17.68684"><time>2026-07-30T08:37:07Z</time></trkpt><trkpt lat="49.98184" lon="17.68667"><time>2026-07-30T08:37:08Z</time></trkpt><trkpt lat="49.98183" lon="17.6865"><time>2026-07-30T08:37:09Z</time></trkpt><trkpt lat="49.98182" lon="17.68633"><time>2026-07-30T08:37:10Z</time></trkpt><trkpt lat="49.98181" lon="17.68615"><time>2026-07-30T08:37:11Z</time></trkpt><trkpt lat="49.98181" lon="17.68598"><time>2026-07-30T08:37:12Z</time></trkpt><trkpt lat="49.98182" lon="17.68581"><time>2026-07-30T08:37:13Z</time></trkpt><trkpt lat="49.98184" lon="17.68564"><time>2026-07-30T08:37:14Z</time></trkpt><trkpt lat="49.98187" lon="17.68546"><time>2026-07-30T08:37:15Z</time></trkpt><trkpt lat="49.98191" lon="17.68528"><time>2026-07-30T08:37:16Z</time></trkpt><trkpt lat="49.98194" lon="17.68509"><time>2026-07-30T08:37:17Z</time></trkpt><trkpt lat="49.98196" lon="17.68491"><time>2026-07-30T08:37:18Z</time></trkpt><trkpt lat="49.98199" lon="17.68475"><time>2026-07-30T08:37:19Z</time></trkpt><trkpt lat="49.98201" lon="17.68459"><time>2026-07-30T08:37:20Z</time></trkpt><trkpt lat="49.98203" lon="17.68443"><time>2026-07-30T08:37:21Z</time></trkpt><trkpt lat="49.98205" lon="17.68424"><time>2026-07-30T08:37:22Z</time></trkpt><trkpt lat="49.98207" lon="17.68408"><time>2026-07-30T08:37:23Z</time></trkpt><trkpt lat="49.9821" lon="17.68394"><time>2026-07-30T08:37:24Z</time></trkpt><trkpt lat="49.98212" lon="17.68379"><time>2026-07-30T08:37:25Z</time></trkpt><trkpt lat="49.98214" lon="17.68365"><time>2026-07-30T08:37:26Z</time></trkpt><trkpt lat="49.98216" lon="17.68351"><time>2026-07-30T08:37:27Z</time></trkpt><trkpt lat="49.98218" lon="17.68338"><time>2026-07-30T08:37:28Z</time></trkpt><trkpt lat="49.98221" lon="17.68322"><time>2026-07-30T08:37:29Z</time></trkpt><trkpt lat="49.98223" lon="17.68305"><time>2026-07-30T08:37:30Z</time></trkpt><trkpt lat="49.98225" lon="17.68289"><time>2026-07-30T08:37:31Z</time></trkpt><trkpt lat="49.98228" lon="17.68272"><time>2026-07-30T08:37:32Z</time></trkpt><trkpt lat="49.9823" lon="17.68255"><time>2026-07-30T08:37:33Z</time></trkpt><trkpt lat="49.98233" lon="17.68236"><time>2026-07-30T08:37:34Z</time></trkpt><trkpt lat="49.98235" lon="17.6822"><time>2026-07-30T08:37:35Z</time></trkpt><trkpt lat="49.98237" lon="17.68203"><time>2026-07-30T08:37:36Z</time></trkpt><trkpt lat="49.98239" lon="17.68187"><time>2026-07-30T08:37:37Z</time></trkpt><trkpt lat="49.98242" lon="17.6817"><time>2026-07-30T08:37:38Z</time></trkpt><trkpt lat="49.98243" lon="17.68152"><time>2026-07-30T08:37:39Z</time></trkpt><trkpt lat="49.98243" lon="17.68135"><time>2026-07-30T08:37:40Z</time></trkpt><trkpt lat="49.98243" lon="17.68118"><time>2026-07-30T08:37:41Z</time></trkpt><trkpt lat="49.9824" lon="17.68101"><time>2026-07-30T08:37:42Z</time></trkpt><trkpt lat="49.98237" lon="17.68082"><time>2026-07-30T08:37:43Z</time></trkpt><trkpt lat="49.98234" lon="17.68063"><time>2026-07-30T08:37:44Z</time></trkpt><trkpt lat="49.9823" lon="17.68042"><time>2026-07-30T08:37:45Z</time></trkpt><trkpt lat="49.98226" lon="17.6802"><time>2026-07-30T08:37:46Z</time></trkpt><trkpt lat="49.98221" lon="17.67995"><time>2026-07-30T08:37:47Z</time></trkpt><trkpt lat="49.98216" lon="17.67967"><time>2026-07-30T08:37:48Z</time></trkpt><trkpt lat="49.98211" lon="17.6794"><time>2026-07-30T08:37:49Z</time></trkpt><trkpt lat="49.98205" lon="17.6791"><time>2026-07-30T08:37:50Z</time></trkpt><trkpt lat="49.98199" lon="17.67878"><time>2026-07-30T08:37:51Z</time></trkpt><trkpt lat="49.98192" lon="17.67845"><time>2026-07-30T08:37:52Z</time></trkpt><trkpt lat="49.98185" lon="17.67812"><time>2026-07-30T08:37:53Z</time></trkpt><trkpt lat="49.98177" lon="17.67778"><time>2026-07-30T08:37:54Z</time></trkpt><trkpt lat="49.98169" lon="17.67743"><time>2026-07-30T08:37:55Z</time></trkpt><trkpt lat="49.9816" lon="17.67707"><time>2026-07-30T08:37:56Z</time></trkpt><trkpt lat="49.98152" lon="17.67673"><time>2026-07-30T08:37:57Z</time></trkpt><trkpt lat="49.98144" lon="17.6764"><time>2026-07-30T08:37:58Z</time></trkpt><trkpt lat="49.98135" lon="17.67606"><time>2026-07-30T08:37:59Z</time></trkpt><trkpt lat="49.98126" lon="17.67573"><time>2026-07-30T08:38:00Z</time></trkpt><trkpt lat="49.98118" lon="17.67541"><time>2026-07-30T08:38:01Z</time></trkpt><trkpt lat="49.98111" lon="17.67509"><time>2026-07-30T08:38:02Z</time></trkpt><trkpt lat="49.98103" lon="17.67476"><time>2026-07-30T08:38:03Z</time></trkpt><trkpt lat="49.98095" lon="17.67444"><time>2026-07-30T08:38:04Z</time></trkpt><trkpt lat="49.98087" lon="17.67413"><time>2026-07-30T08:38:05Z</time></trkpt><trkpt lat="49.9808" lon="17.67381"><time>2026-07-30T08:38:06Z</time></trkpt><trkpt lat="49.98071" lon="17.67348"><time>2026-07-30T08:38:07Z</time></trkpt><trkpt lat="49.98064" lon="17.67315"><time>2026-07-30T08:38:08Z</time></trkpt><trkpt lat="49.98056" lon="17.67281"><time>2026-07-30T08:38:09Z</time></trkpt><trkpt lat="49.98048" lon="17.67247"><time>2026-07-30T08:38:10Z</time></trkpt><trkpt lat="49.98039" lon="17.67214"><time>2026-07-30T08:38:11Z</time></trkpt><trkpt lat="49.98032" lon="17.6718"><time>2026-07-30T08:38:12Z</time></trkpt><trkpt lat="49.98024" lon="17.67146"><time>2026-07-30T08:38:13Z</time></trkpt><trkpt lat="49.98016" lon="17.67111"><time>2026-07-30T08:38:14Z</time></trkpt><trkpt lat="49.98007" lon="17.67075"><time>2026-07-30T08:38:15Z</time></trkpt><trkpt lat="49.97998" lon="17.67041"><time>2026-07-30T08:38:16Z</time></trkpt><trkpt lat="49.97989" lon="17.67007"><time>2026-07-30T08:38:17Z</time></trkpt><trkpt lat="49.97981" lon="17.66974"><time>2026-07-30T08:38:18Z</time></trkpt><trkpt lat="49.97972" lon="17.66939"><time>2026-07-30T08:38:19Z</time></trkpt><trkpt lat="49.97963" lon="17.66902"><time>2026-07-30T08:38:20Z</time></trkpt><trkpt lat="49.97955" lon="17.66866"><time>2026-07-30T08:38:21Z</time></trkpt><trkpt lat="49.97946" lon="17.66831"><time>2026-07-30T08:38:22Z</time></trkpt><trkpt lat="49.97938" lon="17.66795"><time>2026-07-30T08:38:23Z</time></trkpt><trkpt lat="49.97929" lon="17.6676"><time>2026-07-30T08:38:24Z</time></trkpt><trkpt lat="49.9792" lon="17.66724"><time>2026-07-30T08:38:25Z</time></trkpt><trkpt lat="49.97911" lon="17.66688"><time>2026-07-30T08:38:26Z</time></trkpt><trkpt lat="49.97903" lon="17.66651"><time>2026-07-30T08:38:27Z</time></trkpt><trkpt lat="49.97894" lon="17.66614"><time>2026-07-30T08:38:28Z</time></trkpt><trkpt lat="49.97884" lon="17.66579"><time>2026-07-30T08:38:29Z</time></trkpt><trkpt lat="49.97876" lon="17.66542"><time>2026-07-30T08:38:30Z</time></trkpt><trkpt lat="49.97867" lon="17.66506"><time>2026-07-30T08:38:31Z</time></trkpt><trkpt lat="49.97858" lon="17.66469"><time>2026-07-30T08:38:32Z</time></trkpt><trkpt lat="49.97849" lon="17.66433"><time>2026-07-30T08:38:33Z</time></trkpt><trkpt lat="49.9784" lon="17.66397"><time>2026-07-30T08:38:34Z</time></trkpt><trkpt lat="49.97831" lon="17.66361"><time>2026-07-30T08:38:35Z</time></trkpt><trkpt lat="49.97822" lon="17.66325"><time>2026-07-30T08:38:36Z</time></trkpt><trkpt lat="49.97814" lon="17.6629"><time>2026-07-30T08:38:37Z</time></trkpt><trkpt lat="49.97805" lon="17.66255"><time>2026-07-30T08:38:38Z</time></trkpt><trkpt lat="49.97796" lon="17.66221"><time>2026-07-30T08:38:39Z</time></trkpt><trkpt lat="49.97787" lon="17.66187"><time>2026-07-30T08:38:40Z</time></trkpt><trkpt lat="49.97779" lon="17.66153"><time>2026-07-30T08:38:41Z</time></trkpt><trkpt lat="49.9777" lon="17.66118"><time>2026-07-30T08:38:42Z</time></trkpt><trkpt lat="49.97761" lon="17.66081"><time>2026-07-30T08:38:43Z</time></trkpt><trkpt lat="49.97753" lon="17.66046"><time>2026-07-30T08:38:44Z</time></trkpt><trkpt lat="49.97744" lon="17.6601"><time>2026-07-30T08:38:45Z</time></trkpt><trkpt lat="49.97735" lon="17.65974"><time>2026-07-30T08:38:46Z</time></trkpt><trkpt lat="49.97726" lon="17.65937"><time>2026-07-30T08:38:47Z</time></trkpt><trkpt lat="49.97718" lon="17.65901"><time>2026-07-30T08:38:48Z</time></trkpt><trkpt lat="49.9771" lon="17.65862"><time>2026-07-30T08:38:49Z</time></trkpt><trkpt lat="49.97702" lon="17.65826"><time>2026-07-30T08:38:50Z</time></trkpt><trkpt lat="49.97693" lon="17.65789"><time>2026-07-30T08:38:51Z</time></trkpt><trkpt lat="49.97685" lon="17.65751"><time>2026-07-30T08:38:52Z</time></trkpt><trkpt lat="49.97675" lon="17.65715"><time>2026-07-30T08:38:53Z</time></trkpt><trkpt lat="49.97666" lon="17.6568"><time>2026-07-30T08:38:54Z</time></trkpt><trkpt lat="49.97657" lon="17.65644"><time>2026-07-30T08:38:55Z</time></trkpt><trkpt lat="49.97649" lon="17.65608"><time>2026-07-30T08:38:56Z</time></trkpt><trkpt lat="49.9764" lon="17.65572"><time>2026-07-30T08:38:57Z</time></trkpt><trkpt lat="49.97632" lon="17.65537"><time>2026-07-30T08:38:58Z</time></trkpt><trkpt lat="49.97624" lon="17.655"><time>2026-07-30T08:38:59Z</time></trkpt><trkpt lat="49.97615" lon="17.65464"><time>2026-07-30T08:39:00Z</time></trkpt><trkpt lat="49.97606" lon="17.65432"><time>2026-07-30T08:39:01Z</time></trkpt><trkpt lat="49.97598" lon="17.654"><time>2026-07-30T08:39:02Z</time></trkpt><trkpt lat="49.9759" lon="17.6537"><time>2026-07-30T08:39:03Z</time></trkpt><trkpt lat="49.97583" lon="17.65341"><time>2026-07-30T08:39:04Z</time></trkpt><trkpt lat="49.97576" lon="17.65313"><time>2026-07-30T08:39:05Z</time></trkpt><trkpt lat="49.9757" lon="17.65286"><time>2026-07-30T08:39:06Z</time></trkpt><trkpt lat="49.97564" lon="17.65258"><time>2026-07-30T08:39:07Z</time></trkpt><trkpt lat="49.97559" lon="17.65227"><time>2026-07-30T08:39:08Z</time></trkpt><trkpt lat="49.97555" lon="17.65196"><time>2026-07-30T08:39:09Z</time></trkpt><trkpt lat="49.97552" lon="17.6516"><time>2026-07-30T08:39:10Z</time></trkpt><trkpt lat="49.97549" lon="17.65126"><time>2026-07-30T08:39:11Z</time></trkpt><trkpt lat="49.97547" lon="17.65092"><time>2026-07-30T08:39:12Z</time></trkpt><trkpt lat="49.97544" lon="17.65059"><time>2026-07-30T08:39:13Z</time></trkpt><trkpt lat="49.97542" lon="17.65027"><time>2026-07-30T08:39:14Z</time></trkpt><trkpt lat="49.97539" lon="17.64994"><time>2026-07-30T08:39:15Z</time></trkpt><trkpt lat="49.97536" lon="17.64962"><time>2026-07-30T08:39:16Z</time></trkpt><trkpt lat="49.97534" lon="17.64931"><time>2026-07-30T08:39:17Z</time></trkpt><trkpt lat="49.97531" lon="17.64901"><time>2026-07-30T08:39:18Z</time></trkpt><trkpt lat="49.97528" lon="17.64873"><time>2026-07-30T08:39:19Z</time></trkpt><trkpt lat="49.97526" lon="17.64846"><time>2026-07-30T08:39:20Z</time></trkpt><trkpt lat="49.97523" lon="17.6482"><time>2026-07-30T08:39:21Z</time></trkpt><trkpt lat="49.97521" lon="17.64796"><time>2026-07-30T08:39:22Z</time></trkpt><trkpt lat="49.97514" lon="17.64774"><time>2026-07-30T08:39:23Z</time></trkpt><trkpt lat="49.97507" lon="17.64752"><time>2026-07-30T08:39:24Z</time></trkpt><trkpt lat="49.97495" lon="17.64732"><time>2026-07-30T08:39:25Z</time></trkpt><trkpt lat="49.97482" lon="17.6471"><time>2026-07-30T08:39:26Z</time></trkpt><trkpt lat="49.97469" lon="17.64688"><time>2026-07-30T08:39:27Z</time></trkpt><trkpt lat="49.97454" lon="17.64664"><time>2026-07-30T08:39:28Z</time></trkpt><trkpt lat="49.97439" lon="17.64639"><time>2026-07-30T08:39:29Z</time></trkpt><trkpt lat="49.97424" lon="17.64613"><time>2026-07-30T08:39:30Z</time></trkpt><trkpt lat="49.97411" lon="17.64587"><time>2026-07-30T08:39:31Z</time></trkpt><trkpt lat="49.97398" lon="17.6456"><time>2026-07-30T08:39:32Z</time></trkpt><trkpt lat="49.97386" lon="17.64531"><time>2026-07-30T08:39:33Z</time></trkpt><trkpt lat="49.97375" lon="17.64501"><time>2026-07-30T08:39:34Z</time></trkpt><trkpt lat="49.97363" lon="17.64469"><time>2026-07-30T08:39:35Z</time></trkpt><trkpt lat="49.97351" lon="17.64436"><time>2026-07-30T08:39:36Z</time></trkpt><trkpt lat="49.97339" lon="17.64402"><time>2026-07-30T08:39:37Z</time></trkpt><trkpt lat="49.97327" lon="17.64368"><time>2026-07-30T08:39:38Z</time></trkpt><trkpt lat="49.97315" lon="17.64334"><time>2026-07-30T08:39:39Z</time></trkpt><trkpt lat="49.97304" lon="17.643"><time>2026-07-30T08:39:40Z</time></trkpt><trkpt lat="49.97296" lon="17.64269"><time>2026-07-30T08:39:41Z</time></trkpt><trkpt lat="49.97287" lon="17.6424"><time>2026-07-30T08:39:42Z</time></trkpt><trkpt lat="49.9728" lon="17.64212"><time>2026-07-30T08:39:43Z</time></trkpt><trkpt lat="49.97272" lon="17.64187"><time>2026-07-30T08:39:44Z</time></trkpt><trkpt lat="49.97266" lon="17.64163"><time>2026-07-30T08:39:45Z</time></trkpt><trkpt lat="49.9726" lon="17.64142"><time>2026-07-30T08:39:46Z</time></trkpt><trkpt lat="49.97253" lon="17.64122"><time>2026-07-30T08:39:47Z</time></trkpt><trkpt lat="49.97248" lon="17.64103"><time>2026-07-30T08:39:48Z</time></trkpt><trkpt lat="49.97242" lon="17.64083"><time>2026-07-30T08:39:49Z</time></trkpt><trkpt lat="49.97238" lon="17.64064"><time>2026-07-30T08:39:50Z</time></trkpt><trkpt lat="49.97233" lon="17.64045"><time>2026-07-30T08:39:51Z</time></trkpt><trkpt lat="49.97228" lon="17.64025"><time>2026-07-30T08:39:52Z</time></trkpt><trkpt lat="49.97225" lon="17.64005"><time>2026-07-30T08:39:53Z</time></trkpt><trkpt lat="49.97222" lon="17.63983"><time>2026-07-30T08:39:54Z</time></trkpt><trkpt lat="49.97219" lon="17.63962"><time>2026-07-30T08:39:55Z</time></trkpt><trkpt lat="49.97217" lon="17.63938"><time>2026-07-30T08:39:56Z</time></trkpt><trkpt lat="49.97215" lon="17.63913"><time>2026-07-30T08:39:57Z</time></trkpt><trkpt lat="49.97213" lon="17.63887"><time>2026-07-30T08:39:58Z</time></trkpt><trkpt lat="49.97212" lon="17.63857"><time>2026-07-30T08:39:59Z</time></trkpt><trkpt lat="49.97211" lon="17.63827"><time>2026-07-30T08:40:00Z</time></trkpt><trkpt lat="49.97212" lon="17.63794"><time>2026-07-30T08:40:01Z</time></trkpt><trkpt lat="49.97214" lon="17.6376"><time>2026-07-30T08:40:02Z</time></trkpt><trkpt lat="49.97217" lon="17.63724"><time>2026-07-30T08:40:03Z</time></trkpt><trkpt lat="49.97221" lon="17.63689"><time>2026-07-30T08:40:04Z</time></trkpt><trkpt lat="49.97226" lon="17.63655"><time>2026-07-30T08:40:05Z</time></trkpt><trkpt lat="49.97232" lon="17.6362"><time>2026-07-30T08:40:06Z</time></trkpt><trkpt lat="49.9724" lon="17.63586"><time>2026-07-30T08:40:07Z</time></trkpt><trkpt lat="49.97248" lon="17.63552"><time>2026-07-30T08:40:08Z</time></trkpt><trkpt lat="49.97258" lon="17.63521"><time>2026-07-30T08:40:09Z</time></trkpt><trkpt lat="49.9727" lon="17.6349"><time>2026-07-30T08:40:10Z</time></trkpt><trkpt lat="49.97283" lon="17.63462"><time>2026-07-30T08:40:11Z</time></trkpt><trkpt lat="49.97297" lon="17.63436"><time>2026-07-30T08:40:12Z</time></trkpt><trkpt lat="49.97311" lon="17.63411"><time>2026-07-30T08:40:13Z</time></trkpt><trkpt lat="49.97328" lon="17.63388"><time>2026-07-30T08:40:14Z</time></trkpt><trkpt lat="49.97345" lon="17.63367"><time>2026-07-30T08:40:15Z</time></trkpt><trkpt lat="49.97363" lon="17.63347"><time>2026-07-30T08:40:16Z</time></trkpt><trkpt lat="49.97383" lon="17.63328"><time>2026-07-30T08:40:17Z</time></trkpt><trkpt lat="49.97403" lon="17.63312"><time>2026-07-30T08:40:18Z</time></trkpt><trkpt lat="49.97424" lon="17.63297"><time>2026-07-30T08:40:19Z</time></trkpt><trkpt lat="49.97443" lon="17.63283"><time>2026-07-30T08:40:20Z</time></trkpt><trkpt lat="49.97462" lon="17.63269"><time>2026-07-30T08:40:21Z</time></trkpt><trkpt lat="49.9748" lon="17.63256"><time>2026-07-30T08:40:22Z</time></trkpt><trkpt lat="49.97498" lon="17.63244"><time>2026-07-30T08:40:23Z</time></trkpt><trkpt lat="49.97514" lon="17.63232"><time>2026-07-30T08:40:24Z</time></trkpt><trkpt lat="49.9753" lon="17.6322"><time>2026-07-30T08:40:25Z</time></trkpt><trkpt lat="49.97545" lon="17.63208"><time>2026-07-30T08:40:26Z</time></trkpt><trkpt lat="49.97559" lon="17.63196"><time>2026-07-30T08:40:27Z</time></trkpt><trkpt lat="49.97573" lon="17.63182"><time>2026-07-30T08:40:28Z</time></trkpt><trkpt lat="49.97585" lon="17.63165"><time>2026-07-30T08:40:29Z</time></trkpt><trkpt lat="49.97596" lon="17.63147"><time>2026-07-30T08:40:30Z</time></trkpt><trkpt lat="49.97606" lon="17.63127"><time>2026-07-30T08:40:31Z</time></trkpt><trkpt lat="49.97614" lon="17.63105"><time>2026-07-30T08:40:32Z</time></trkpt><trkpt lat="49.97619" lon="17.63081"><time>2026-07-30T08:40:33Z</time></trkpt><trkpt lat="49.97622" lon="17.63055"><time>2026-07-30T08:40:34Z</time></trkpt><trkpt lat="49.97623" lon="17.63027"><time>2026-07-30T08:40:35Z</time></trkpt><trkpt lat="49.97623" lon="17.63001"><time>2026-07-30T08:40:36Z</time></trkpt><trkpt lat="49.97621" lon="17.62976"><time>2026-07-30T08:40:37Z</time></trkpt><trkpt lat="49.97618" lon="17.62952"><time>2026-07-30T08:40:38Z</time></trkpt><trkpt lat="49.97612" lon="17.62929"><time>2026-07-30T08:40:39Z</time></trkpt><trkpt lat="49.97604" lon="17.62907"><time>2026-07-30T08:40:40Z</time></trkpt><trkpt lat="49.97595" lon="17.62886"><time>2026-07-30T08:40:41Z</time></trkpt><trkpt lat="49.97584" lon="17.62866"><time>2026-07-30T08:40:42Z</time></trkpt><trkpt lat="49.97571" lon="17.62849"><time>2026-07-30T08:40:43Z</time></trkpt><trkpt lat="49.97556" lon="17.6283"><time>2026-07-30T08:40:44Z</time></trkpt><trkpt lat="49.97541" lon="17.62815"><time>2026-07-30T08:40:45Z</time></trkpt><trkpt lat="49.97525" lon="17.62802"><time>2026-07-30T08:40:46Z</time></trkpt><trkpt lat="49.97509" lon="17.62791"><time>2026-07-30T08:40:47Z</time></trkpt><trkpt lat="49.9749" lon="17.62783"><time>2026-07-30T08:40:48Z</time></trkpt><trkpt lat="49.97471" lon="17.62776"><time>2026-07-30T08:40:49Z</time></trkpt><trkpt lat="49.97452" lon="17.6277"><time>2026-07-30T08:40:50Z</time></trkpt><trkpt lat="49.97432" lon="17.62764"><time>2026-07-30T08:40:51Z</time></trkpt><trkpt lat="49.97411" lon="17.62758"><time>2026-07-30T08:40:52Z</time></trkpt><trkpt lat="49.9739" lon="17.62754"><time>2026-07-30T08:40:53Z</time></trkpt><trkpt lat="49.9737" lon="17.62749"><time>2026-07-30T08:40:54Z</time></trkpt><trkpt lat="49.9735" lon="17.62744"><time>2026-07-30T08:40:55Z</time></trkpt><trkpt lat="49.97329" lon="17.62739"><time>2026-07-30T08:40:56Z</time></trkpt><trkpt lat="49.97308" lon="17.62732"><time>2026-07-30T08:40:57Z</time></trkpt><trkpt lat="49.97289" lon="17.62726"><time>2026-07-30T08:40:58Z</time></trkpt><trkpt lat="49.97271" lon="17.6272"><time>2026-07-30T08:40:59Z</time></trkpt><trkpt lat="49.97252" lon="17.62715"><time>2026-07-30T08:41:00Z</time></trkpt><trkpt lat="49.97236" lon="17.62708"><time>2026-07-30T08:41:01Z</time></trkpt><trkpt lat="49.97219" lon="17.627"><time>2026-07-30T08:41:02Z</time></trkpt><trkpt lat="49.97203" lon="17.62689"><time>2026-07-30T08:41:03Z</time></trkpt><trkpt lat="49.97188" lon="17.62675"><time>2026-07-30T08:41:04Z</time></trkpt><trkpt lat="49.97171" lon="17.6266"><time>2026-07-30T08:41:05Z</time></trkpt><trkpt lat="49.97157" lon="17.62642"><time>2026-07-30T08:41:06Z</time></trkpt><trkpt lat="49.97143" lon="17.62623"><time>2026-07-30T08:41:07Z</time></trkpt><trkpt lat="49.97129" lon="17.62602"><time>2026-07-30T08:41:08Z</time></trkpt><trkpt lat="49.97117" lon="17.62579"><time>2026-07-30T08:41:09Z</time></trkpt><trkpt lat="49.97105" lon="17.62555"><time>2026-07-30T08:41:10Z</time></trkpt><trkpt lat="49.97094" lon="17.62529"><time>2026-07-30T08:41:11Z</time></trkpt><trkpt lat="49.97084" lon="17.62497"><time>2026-07-30T08:41:12Z</time></trkpt><trkpt lat="49.97075" lon="17.62466"><time>2026-07-30T08:41:13Z</time></trkpt><trkpt lat="49.97066" lon="17.62433"><time>2026-07-30T08:41:14Z</time></trkpt><trkpt lat="49.97057" lon="17.624"><time>2026-07-30T08:41:15Z</time></trkpt><trkpt lat="49.97049" lon="17.62367"><time>2026-07-30T08:41:16Z</time></trkpt><trkpt lat="49.97041" lon="17.62334"><time>2026-07-30T08:41:17Z</time></trkpt><trkpt lat="49.97034" lon="17.62301"><time>2026-07-30T08:41:18Z</time></trkpt><trkpt lat="49.97026" lon="17.62269"><time>2026-07-30T08:41:19Z</time></trkpt><trkpt lat="49.97018" lon="17.62237"><time>2026-07-30T08:41:20Z</time></trkpt><trkpt lat="49.97011" lon="17.62204"><time>2026-07-30T08:41:21Z</time></trkpt><trkpt lat="49.97004" lon="17.62171"><time>2026-07-30T08:41:22Z</time></trkpt><trkpt lat="49.96999" lon="17.62137"><time>2026-07-30T08:41:23Z</time></trkpt><trkpt lat="49.96994" lon="17.62103"><time>2026-07-30T08:41:24Z</time></trkpt><trkpt lat="49.9699" lon="17.62068"><time>2026-07-30T08:41:25Z</time></trkpt><trkpt lat="49.96986" lon="17.62034"><time>2026-07-30T08:41:26Z</time></trkpt><trkpt lat="49.96982" lon="17.62001"><time>2026-07-30T08:41:27Z</time></trkpt><trkpt lat="49.96978" lon="17.61967"><time>2026-07-30T08:41:28Z</time></trkpt><trkpt lat="49.96975" lon="17.61932"><time>2026-07-30T08:41:29Z</time></trkpt><trkpt lat="49.96971" lon="17.61899"><time>2026-07-30T08:41:30Z</time></trkpt><trkpt lat="49.96968" lon="17.61868"><time>2026-07-30T08:41:31Z</time></trkpt><trkpt lat="49.96966" lon="17.61838"><time>2026-07-30T08:41:32Z</time></trkpt><trkpt lat="49.96963" lon="17.61809"><time>2026-07-30T08:41:33Z</time></trkpt><trkpt lat="49.96961" lon="17.6178"><time>2026-07-30T08:41:34Z</time></trkpt><trkpt lat="49.96959" lon="17.6175"><time>2026-07-30T08:41:35Z</time></trkpt><trkpt lat="49.96959" lon="17.61721"><time>2026-07-30T08:41:36Z</time></trkpt><trkpt lat="49.96958" lon="17.61693"><time>2026-07-30T08:41:37Z</time></trkpt><trkpt lat="49.96958" lon="17.61666"><time>2026-07-30T08:41:38Z</time></trkpt><trkpt lat="49.9696" lon="17.61638"><time>2026-07-30T08:41:39Z</time></trkpt><trkpt lat="49.96962" lon="17.61612"><time>2026-07-30T08:41:40Z</time></trkpt><trkpt lat="49.96964" lon="17.61585"><time>2026-07-30T08:41:41Z</time></trkpt><trkpt lat="49.96967" lon="17.61559"><time>2026-07-30T08:41:42Z</time></trkpt><trkpt lat="49.96969" lon="17.61533"><time>2026-07-30T08:41:43Z</time></trkpt><trkpt lat="49.96973" lon="17.61508"><time>2026-07-30T08:41:44Z</time></trkpt><trkpt lat="49.96977" lon="17.61483"><time>2026-07-30T08:41:45Z</time></trkpt><trkpt lat="49.96982" lon="17.61456"><time>2026-07-30T08:41:46Z</time></trkpt><trkpt lat="49.96987" lon="17.61432"><time>2026-07-30T08:41:47Z</time></trkpt><trkpt lat="49.96994" lon="17.61408"><time>2026-07-30T08:41:48Z</time></trkpt><trkpt lat="49.97" lon="17.61382"><time>2026-07-30T08:41:49Z</time></trkpt><trkpt lat="49.97007" lon="17.61354"><time>2026-07-30T08:41:50Z</time></trkpt><trkpt lat="49.97014" lon="17.61326"><time>2026-07-30T08:41:51Z</time></trkpt><trkpt lat="49.97022" lon="17.61298"><time>2026-07-30T08:41:52Z</time></trkpt><trkpt lat="49.97029" lon="17.61271"><time>2026-07-30T08:41:53Z</time></trkpt><trkpt lat="49.97036" lon="17.61244"><time>2026-07-30T08:41:54Z</time></trkpt><trkpt lat="49.97043" lon="17.61218"><time>2026-07-30T08:41:55Z</time></trkpt><trkpt lat="49.97049" lon="17.61192"><time>2026-07-30T08:41:56Z</time></trkpt><trkpt lat="49.97057" lon="17.61166"><time>2026-07-30T08:41:57Z</time></trkpt><trkpt lat="49.97066" lon="17.61141"><time>2026-07-30T08:41:58Z</time></trkpt><trkpt lat="49.97077" lon="17.61114"><time>2026-07-30T08:41:59Z</time></trkpt><trkpt lat="49.97089" lon="17.61089"><time>2026-07-30T08:42:00Z</time></trkpt><trkpt lat="49.97104" lon="17.61064"><time>2026-07-30T08:42:01Z</time></trkpt><trkpt lat="49.97118" lon="17.6104"><time>2026-07-30T08:42:02Z</time></trkpt><trkpt lat="49.97133" lon="17.61018"><time>2026-07-30T08:42:03Z</time></trkpt><trkpt lat="49.97147" lon="17.60997"><time>2026-07-30T08:42:04Z</time></trkpt><trkpt lat="49.9716" lon="17.60977"><time>2026-07-30T08:42:05Z</time></trkpt><trkpt lat="49.97173" lon="17.60957"><time>2026-07-30T08:42:06Z</time></trkpt><trkpt lat="49.97185" lon="17.60939"><time>2026-07-30T08:42:07Z</time></trkpt><trkpt lat="49.97198" lon="17.60921"><time>2026-07-30T08:42:08Z</time></trkpt><trkpt lat="49.97211" lon="17.60903"><time>2026-07-30T08:42:09Z</time></trkpt><trkpt lat="49.97224" lon="17.60885"><time>2026-07-30T08:42:10Z</time></trkpt><trkpt lat="49.97236" lon="17.60868"><time>2026-07-30T08:42:11Z</time></trkpt><trkpt lat="49.97248" lon="17.6085"><time>2026-07-30T08:42:12Z</time></trkpt><trkpt lat="49.9726" lon="17.60832"><time>2026-07-30T08:42:13Z</time></trkpt><trkpt lat="49.9727" lon="17.60813"><time>2026-07-30T08:42:14Z</time></trkpt><trkpt lat="49.9728" lon="17.60793"><time>2026-07-30T08:42:15Z</time></trkpt><trkpt lat="49.97289" lon="17.60772"><time>2026-07-30T08:42:16Z</time></trkpt><trkpt lat="49.97297" lon="17.60749"><time>2026-07-30T08:42:17Z</time></trkpt><trkpt lat="49.97303" lon="17.60727"><time>2026-07-30T08:42:18Z</time></trkpt><trkpt lat="49.97309" lon="17.60703"><time>2026-07-30T08:42:19Z</time></trkpt><trkpt lat="49.97314" lon="17.60677"><time>2026-07-30T08:42:20Z</time></trkpt><trkpt lat="49.97318" lon="17.6065"><time>2026-07-30T08:42:21Z</time></trkpt><trkpt lat="49.97321" lon="17.60623"><time>2026-07-30T08:42:22Z</time></trkpt><trkpt lat="49.97322" lon="17.60596"><time>2026-07-30T08:42:23Z</time></trkpt><trkpt lat="49.97322" lon="17.6057"><time>2026-07-30T08:42:24Z</time></trkpt><trkpt lat="49.97321" lon="17.60542"><time>2026-07-30T08:42:25Z</time></trkpt><trkpt lat="49.97319" lon="17.60514"><time>2026-07-30T08:42:26Z</time></trkpt><trkpt lat="49.97315" lon="17.60486"><time>2026-07-30T08:42:27Z</time></trkpt><trkpt lat="49.9731" lon="17.60459"><time>2026-07-30T08:42:28Z</time></trkpt><trkpt lat="49.97304" lon="17.60433"><time>2026-07-30T08:42:29Z</time></trkpt><trkpt lat="49.97297" lon="17.60406"><time>2026-07-30T08:42:30Z</time></trkpt><trkpt lat="49.97288" lon="17.6038"><time>2026-07-30T08:42:31Z</time></trkpt><trkpt lat="49.97279" lon="17.60354"><time>2026-07-30T08:42:32Z</time></trkpt><trkpt lat="49.97269" lon="17.6033"><time>2026-07-30T08:42:33Z</time></trkpt><trkpt lat="49.97259" lon="17.60306"><time>2026-07-30T08:42:34Z</time></trkpt><trkpt lat="49.97249" lon="17.60284"><time>2026-07-30T08:42:35Z</time></trkpt><trkpt lat="49.97237" lon="17.60264"><time>2026-07-30T08:42:36Z</time></trkpt><trkpt lat="49.97226" lon="17.60244"><time>2026-07-30T08:42:37Z</time></trkpt><trkpt lat="49.97215" lon="17.60224"><time>2026-07-30T08:42:38Z</time></trkpt><trkpt lat="49.97202" lon="17.60204"><time>2026-07-30T08:42:39Z</time></trkpt><trkpt lat="49.97188" lon="17.60183"><time>2026-07-30T08:42:40Z</time></trkpt><trkpt lat="49.97173" lon="17.60163"><time>2026-07-30T08:42:41Z</time></trkpt><trkpt lat="49.97159" lon="17.60144"><time>2026-07-30T08:42:42Z</time></trkpt><trkpt lat="49.97143" lon="17.60126"><time>2026-07-30T08:42:43Z</time></trkpt><trkpt lat="49.97128" lon="17.60109"><time>2026-07-30T08:42:44Z</time></trkpt><trkpt lat="49.97113" lon="17.60094"><time>2026-07-30T08:42:45Z</time></trkpt><trkpt lat="49.97098" lon="17.60079"><time>2026-07-30T08:42:46Z</time></trkpt><trkpt lat="49.97083" lon="17.60066"><time>2026-07-30T08:42:47Z</time></trkpt><trkpt lat="49.97069" lon="17.60054"><time>2026-07-30T08:42:48Z</time></trkpt><trkpt lat="49.97056" lon="17.60041"><time>2026-07-30T08:42:49Z</time></trkpt><trkpt lat="49.97043" lon="17.6003"><time>2026-07-30T08:42:50Z</time></trkpt><trkpt lat="49.97029" lon="17.60018"><time>2026-07-30T08:42:51Z</time></trkpt><trkpt lat="49.97016" lon="17.60007"><time>2026-07-30T08:42:52Z</time></trkpt><trkpt lat="49.97003" lon="17.59996"><time>2026-07-30T08:42:53Z</time></trkpt><trkpt lat="49.96991" lon="17.59985"><time>2026-07-30T08:42:54Z</time></trkpt><trkpt lat="49.96979" lon="17.59975"><time>2026-07-30T08:42:55Z</time></trkpt><trkpt lat="49.96967" lon="17.59964"><time>2026-07-30T08:42:56Z</time></trkpt><trkpt lat="49.96956" lon="17.59954"><time>2026-07-30T08:42:57Z</time></trkpt><trkpt lat="49.96945" lon="17.59945"><time>2026-07-30T08:42:58Z</time></trkpt><trkpt lat="49.96933" lon="17.59935"><time>2026-07-30T08:42:59Z</time></trkpt><trkpt lat="49.96922" lon="17.59925"><time>2026-07-30T08:43:00Z</time></trkpt><trkpt lat="49.96913" lon="17.59916"><time>2026-07-30T08:43:01Z</time></trkpt><trkpt lat="49.96902" lon="17.59906"><time>2026-07-30T08:43:02Z</time></trkpt><trkpt lat="49.96891" lon="17.59897"><time>2026-07-30T08:43:03Z</time></trkpt><trkpt lat="49.9688" lon="17.59886"><time>2026-07-30T08:43:04Z</time></trkpt><trkpt lat="49.96868" lon="17.59876"><time>2026-07-30T08:43:05Z</time></trkpt><trkpt lat="49.96856" lon="17.59865"><time>2026-07-30T08:43:06Z</time></trkpt><trkpt lat="49.96844" lon="17.59854"><time>2026-07-30T08:43:07Z</time></trkpt><trkpt lat="49.96832" lon="17.59843"><time>2026-07-30T08:43:08Z</time></trkpt><trkpt lat="49.96821" lon="17.59832"><time>2026-07-30T08:43:09Z</time></trkpt><trkpt lat="49.96809" lon="17.59823"><time>2026-07-30T08:43:10Z</time></trkpt><trkpt lat="49.96798" lon="17.59815"><time>2026-07-30T08:43:11Z</time></trkpt><trkpt lat="49.96787" lon="17.59807"><time>2026-07-30T08:43:12Z</time></trkpt><trkpt lat="49.96775" lon="17.59797"><time>2026-07-30T08:43:13Z</time></trkpt><trkpt lat="49.96763" lon="17.59786"><time>2026-07-30T08:43:14Z</time></trkpt><trkpt lat="49.96751" lon="17.59774"><time>2026-07-30T08:43:15Z</time></trkpt><trkpt lat="49.9674" lon="17.59763"><time>2026-07-30T08:43:16Z</time></trkpt><trkpt lat="49.9673" lon="17.59751"><time>2026-07-30T08:43:17Z</time></trkpt><trkpt lat="49.9672" lon="17.59739"><time>2026-07-30T08:43:18Z</time></trkpt><trkpt lat="49.96711" lon="17.59727"><time>2026-07-30T08:43:19Z</time></trkpt><trkpt lat="49.96702" lon="17.59714"><time>2026-07-30T08:43:20Z</time></trkpt><trkpt lat="49.96694" lon="17.59699"><time>2026-07-30T08:43:21Z</time></trkpt><trkpt lat="49.96686" lon="17.59685"><time>2026-07-30T08:43:22Z</time></trkpt><trkpt lat="49.96679" lon="17.59671"><time>2026-07-30T08:43:23Z</time></trkpt><trkpt lat="49.96672" lon="17.59656"><time>2026-07-30T08:43:24Z</time></trkpt><trkpt lat="49.96665" lon="17.59639"><time>2026-07-30T08:43:25Z</time></trkpt><trkpt lat="49.96658" lon="17.5962"><time>2026-07-30T08:43:26Z</time></trkpt><trkpt lat="49.96652" lon="17.596"><time>2026-07-30T08:43:27Z</time></trkpt><trkpt lat="49.96647" lon="17.59581"><time>2026-07-30T08:43:28Z</time></trkpt><trkpt lat="49.96642" lon="17.59562"><time>2026-07-30T08:43:29Z</time></trkpt><trkpt lat="49.96638" lon="17.59543"><time>2026-07-30T08:43:30Z</time></trkpt><trkpt lat="49.96634" lon="17.59523"><time>2026-07-30T08:43:31Z</time></trkpt><trkpt lat="49.96631" lon="17.59501"><time>2026-07-30T08:43:32Z</time></trkpt><trkpt lat="49.96628" lon="17.59476"><time>2026-07-30T08:43:33Z</time></trkpt><trkpt lat="49.96627" lon="17.5945"><time>2026-07-30T08:43:34Z</time></trkpt><trkpt lat="49.96626" lon="17.59425"><time>2026-07-30T08:43:35Z</time></trkpt><trkpt lat="49.96627" lon="17.59401"><time>2026-07-30T08:43:36Z</time></trkpt><trkpt lat="49.96628" lon="17.59377"><time>2026-07-30T08:43:37Z</time></trkpt><trkpt lat="49.96629" lon="17.59354"><time>2026-07-30T08:43:38Z</time></trkpt><trkpt lat="49.96631" lon="17.5933"><time>2026-07-30T08:43:39Z</time></trkpt><trkpt lat="49.96633" lon="17.59307"><time>2026-07-30T08:43:40Z</time></trkpt><trkpt lat="49.96635" lon="17.59282"><time>2026-07-30T08:43:41Z</time></trkpt><trkpt lat="49.96636" lon="17.59258"><time>2026-07-30T08:43:42Z</time></trkpt><trkpt lat="49.96639" lon="17.59232"><time>2026-07-30T08:43:43Z</time></trkpt><trkpt lat="49.96641" lon="17.59204"><time>2026-07-30T08:43:44Z</time></trkpt><trkpt lat="49.96644" lon="17.59179"><time>2026-07-30T08:43:45Z</time></trkpt><trkpt lat="49.96646" lon="17.59153"><time>2026-07-30T08:43:46Z</time></trkpt><trkpt lat="49.96648" lon="17.59129"><time>2026-07-30T08:43:47Z</time></trkpt><trkpt lat="49.9665" lon="17.59104"><time>2026-07-30T08:43:48Z</time></trkpt><trkpt lat="49.96652" lon="17.5908"><time>2026-07-30T08:43:49Z</time></trkpt><trkpt lat="49.96654" lon="17.59053"><time>2026-07-30T08:43:50Z</time></trkpt><trkpt lat="49.96656" lon="17.59026"><time>2026-07-30T08:43:51Z</time></trkpt><trkpt lat="49.96658" lon="17.58998"><time>2026-07-30T08:43:52Z</time></trkpt><trkpt lat="49.96661" lon="17.5897"><time>2026-07-30T08:43:53Z</time></trkpt><trkpt lat="49.96663" lon="17.5894"><time>2026-07-30T08:43:54Z</time></trkpt><trkpt lat="49.96666" lon="17.5891"><time>2026-07-30T08:43:55Z</time></trkpt><trkpt lat="49.96668" lon="17.58879"><time>2026-07-30T08:43:56Z</time></trkpt><trkpt lat="49.96671" lon="17.58848"><time>2026-07-30T08:43:57Z</time></trkpt><trkpt lat="49.96674" lon="17.58815"><time>2026-07-30T08:43:58Z</time></trkpt><trkpt lat="49.96676" lon="17.58784"><time>2026-07-30T08:43:59Z</time></trkpt><trkpt lat="49.96679" lon="17.58754"><time>2026-07-30T08:44:00Z</time></trkpt><trkpt lat="49.96681" lon="17.58725"><time>2026-07-30T08:44:01Z</time></trkpt><trkpt lat="49.96684" lon="17.58696"><time>2026-07-30T08:44:02Z</time></trkpt><trkpt lat="49.96686" lon="17.58667"><time>2026-07-30T08:44:03Z</time></trkpt><trkpt lat="49.96689" lon="17.58638"><time>2026-07-30T08:44:04Z</time></trkpt><trkpt lat="49.9669" lon="17.58609"><time>2026-07-30T08:44:05Z</time></trkpt><trkpt lat="49.96693" lon="17.58578"><time>2026-07-30T08:44:06Z</time></trkpt><trkpt lat="49.96695" lon="17.58547"><time>2026-07-30T08:44:07Z</time></trkpt><trkpt lat="49.96698" lon="17.58517"><time>2026-07-30T08:44:08Z</time></trkpt><trkpt lat="49.967" lon="17.58486"><time>2026-07-30T08:44:09Z</time></trkpt><trkpt lat="49.96703" lon="17.58453"><time>2026-07-30T08:44:10Z</time></trkpt><trkpt lat="49.96706" lon="17.58421"><time>2026-07-30T08:44:11Z</time></trkpt><trkpt lat="49.96709" lon="17.58388"><time>2026-07-30T08:44:12Z</time></trkpt><trkpt lat="49.96713" lon="17.58355"><time>2026-07-30T08:44:13Z</time></trkpt><trkpt lat="49.96716" lon="17.58322"><time>2026-07-30T08:44:14Z</time></trkpt><trkpt lat="49.96721" lon="17.58289"><time>2026-07-30T08:44:15Z</time></trkpt><trkpt lat="49.96725" lon="17.58255"><time>2026-07-30T08:44:16Z</time></trkpt><trkpt lat="49.9673" lon="17.58222"><time>2026-07-30T08:44:17Z</time></trkpt><trkpt lat="49.96736" lon="17.58189"><time>2026-07-30T08:44:18Z</time></trkpt><trkpt lat="49.96742" lon="17.58156"><time>2026-07-30T08:44:19Z</time></trkpt><trkpt lat="49.96748" lon="17.58122"><time>2026-07-30T08:44:20Z</time></trkpt><trkpt lat="49.96755" lon="17.58089"><time>2026-07-30T08:44:21Z</time></trkpt><trkpt lat="49.96762" lon="17.58055"><time>2026-07-30T08:44:22Z</time></trkpt><trkpt lat="49.96769" lon="17.58021"><time>2026-07-30T08:44:23Z</time></trkpt><trkpt lat="49.96775" lon="17.57988"><time>2026-07-30T08:44:24Z</time></trkpt><trkpt lat="49.96782" lon="17.57955"><time>2026-07-30T08:44:25Z</time></trkpt><trkpt lat="49.96789" lon="17.5792"><time>2026-07-30T08:44:26Z</time></trkpt><trkpt lat="49.96796" lon="17.57888"><time>2026-07-30T08:44:27Z</time></trkpt><trkpt lat="49.96804" lon="17.57856"><time>2026-07-30T08:44:28Z</time></trkpt><trkpt lat="49.96811" lon="17.57826"><time>2026-07-30T08:44:29Z</time></trkpt><trkpt lat="49.96817" lon="17.57797"><time>2026-07-30T08:44:30Z</time></trkpt><trkpt lat="49.96823" lon="17.57769"><time>2026-07-30T08:44:31Z</time></trkpt><trkpt lat="49.96828" lon="17.5774"><time>2026-07-30T08:44:32Z</time></trkpt><trkpt lat="49.96832" lon="17.57712"><time>2026-07-30T08:44:33Z</time></trkpt><trkpt lat="49.96835" lon="17.57682"><time>2026-07-30T08:44:34Z</time></trkpt><trkpt lat="49.96837" lon="17.57652"><time>2026-07-30T08:44:35Z</time></trkpt><trkpt lat="49.96837" lon="17.5762"><time>2026-07-30T08:44:36Z</time></trkpt><trkpt lat="49.96837" lon="17.57589"><time>2026-07-30T08:44:37Z</time></trkpt><trkpt lat="49.96836" lon="17.57554"><time>2026-07-30T08:44:38Z</time></trkpt><trkpt lat="49.96834" lon="17.5752"><time>2026-07-30T08:44:39Z</time></trkpt><trkpt lat="49.96831" lon="17.57485"><time>2026-07-30T08:44:40Z</time></trkpt><trkpt lat="49.96828" lon="17.57449"><time>2026-07-30T08:44:41Z</time></trkpt><trkpt lat="49.96825" lon="17.57414"><time>2026-07-30T08:44:42Z</time></trkpt><trkpt lat="49.96822" lon="17.57378"><time>2026-07-30T08:44:43Z</time></trkpt><trkpt lat="49.96819" lon="17.57343"><time>2026-07-30T08:44:44Z</time></trkpt><trkpt lat="49.96816" lon="17.5731"><time>2026-07-30T08:44:45Z</time></trkpt><trkpt lat="49.96813" lon="17.57278"><time>2026-07-30T08:44:46Z</time></trkpt><trkpt lat="49.9681" lon="17.57248"><time>2026-07-30T08:44:47Z</time></trkpt><trkpt lat="49.96808" lon="17.57218"><time>2026-07-30T08:44:48Z</time></trkpt><trkpt lat="49.96807" lon="17.5719"><time>2026-07-30T08:44:49Z</time></trkpt><trkpt lat="49.96807" lon="17.57161"><time>2026-07-30T08:44:50Z</time></trkpt><trkpt lat="49.96807" lon="17.57132"><time>2026-07-30T08:44:51Z</time></trkpt><trkpt lat="49.9681" lon="17.57103"><time>2026-07-30T08:44:52Z</time></trkpt><trkpt lat="49.96815" lon="17.57073"><time>2026-07-30T08:44:53Z</time></trkpt><trkpt lat="49.96821" lon="17.57044"><time>2026-07-30T08:44:54Z</time></trkpt><trkpt lat="49.96829" lon="17.57014"><time>2026-07-30T08:44:55Z</time></trkpt><trkpt lat="49.96838" lon="17.56985"><time>2026-07-30T08:44:56Z</time></trkpt><trkpt lat="49.96849" lon="17.56956"><time>2026-07-30T08:44:57Z</time></trkpt><trkpt lat="49.96862" lon="17.56927"><time>2026-07-30T08:44:58Z</time></trkpt><trkpt lat="49.96875" lon="17.56899"><time>2026-07-30T08:44:59Z</time></trkpt><trkpt lat="49.96888" lon="17.5687"><time>2026-07-30T08:45:00Z</time></trkpt><trkpt lat="49.96902" lon="17.56841"><time>2026-07-30T08:45:01Z</time></trkpt><trkpt lat="49.96915" lon="17.56811"><time>2026-07-30T08:45:02Z</time></trkpt><trkpt lat="49.9693" lon="17.56781"><time>2026-07-30T08:45:03Z</time></trkpt><trkpt lat="49.96943" lon="17.56751"><time>2026-07-30T08:45:04Z</time></trkpt><trkpt lat="49.96956" lon="17.56723"><time>2026-07-30T08:45:05Z</time></trkpt><trkpt lat="49.9697" lon="17.56692"><time>2026-07-30T08:45:06Z</time></trkpt><trkpt lat="49.96983" lon="17.56663"><time>2026-07-30T08:45:07Z</time></trkpt><trkpt lat="49.96998" lon="17.56632"><time>2026-07-30T08:45:08Z</time></trkpt><trkpt lat="49.97012" lon="17.56601"><time>2026-07-30T08:45:09Z</time></trkpt><trkpt lat="49.97027" lon="17.56571"><time>2026-07-30T08:45:10Z</time></trkpt><trkpt lat="49.97041" lon="17.5654"><time>2026-07-30T08:45:11Z</time></trkpt><trkpt lat="49.97056" lon="17.56507"><time>2026-07-30T08:45:12Z</time></trkpt><trkpt lat="49.9707" lon="17.56476"><time>2026-07-30T08:45:13Z</time></trkpt><trkpt lat="49.97084" lon="17.56445"><time>2026-07-30T08:45:14Z</time></trkpt><trkpt lat="49.97098" lon="17.56414"><time>2026-07-30T08:45:15Z</time></trkpt><trkpt lat="49.97112" lon="17.56384"><time>2026-07-30T08:45:16Z</time></trkpt><trkpt lat="49.97124" lon="17.56353"><time>2026-07-30T08:45:17Z</time></trkpt><trkpt lat="49.97137" lon="17.56325"><time>2026-07-30T08:45:18Z</time></trkpt><trkpt lat="49.9715" lon="17.56299"><time>2026-07-30T08:45:19Z</time></trkpt><trkpt lat="49.97163" lon="17.56271"><time>2026-07-30T08:45:20Z</time></trkpt><trkpt lat="49.97176" lon="17.56242"><time>2026-07-30T08:45:21Z</time></trkpt><trkpt lat="49.97191" lon="17.56213"><time>2026-07-30T08:45:22Z</time></trkpt><trkpt lat="49.97206" lon="17.56185"><time>2026-07-30T08:45:23Z</time></trkpt><trkpt lat="49.97223" lon="17.56159"><time>2026-07-30T08:45:24Z</time></trkpt><trkpt lat="49.9724" lon="17.56136"><time>2026-07-30T08:45:25Z</time></trkpt><trkpt lat="49.97257" lon="17.56113"><time>2026-07-30T08:45:26Z</time></trkpt><trkpt lat="49.97273" lon="17.56091"><time>2026-07-30T08:45:27Z</time></trkpt><trkpt lat="49.97288" lon="17.5607"><time>2026-07-30T08:45:28Z</time></trkpt><trkpt lat="49.97303" lon="17.56048"><time>2026-07-30T08:45:29Z</time></trkpt><trkpt lat="49.97315" lon="17.56025"><time>2026-07-30T08:45:30Z</time></trkpt><trkpt lat="49.97329" lon="17.56002"><time>2026-07-30T08:45:31Z</time></trkpt><trkpt lat="49.97341" lon="17.55977"><time>2026-07-30T08:45:32Z</time></trkpt><trkpt lat="49.97352" lon="17.5595"><time>2026-07-30T08:45:33Z</time></trkpt><trkpt lat="49.97362" lon="17.55926"><time>2026-07-30T08:45:34Z</time></trkpt><trkpt lat="49.97372" lon="17.55899"><time>2026-07-30T08:45:35Z</time></trkpt><trkpt lat="49.97381" lon="17.55873"><time>2026-07-30T08:45:36Z</time></trkpt><trkpt lat="49.9739" lon="17.55848"><time>2026-07-30T08:45:37Z</time></trkpt><trkpt lat="49.97399" lon="17.55823"><time>2026-07-30T08:45:38Z</time></trkpt><trkpt lat="49.97407" lon="17.55798"><time>2026-07-30T08:45:39Z</time></trkpt><trkpt lat="49.97415" lon="17.55771"><time>2026-07-30T08:45:40Z</time></trkpt><trkpt lat="49.97422" lon="17.55744"><time>2026-07-30T08:45:41Z</time></trkpt><trkpt lat="49.97429" lon="17.55716"><time>2026-07-30T08:45:42Z</time></trkpt><trkpt lat="49.97435" lon="17.55688"><time>2026-07-30T08:45:43Z</time></trkpt><trkpt lat="49.9744" lon="17.55659"><time>2026-07-30T08:45:44Z</time></trkpt><trkpt lat="49.97443" lon="17.55627"><time>2026-07-30T08:45:45Z</time></trkpt><trkpt lat="49.97444" lon="17.55596"><time>2026-07-30T08:45:46Z</time></trkpt><trkpt lat="49.97445" lon="17.55561"><time>2026-07-30T08:45:47Z</time></trkpt><trkpt lat="49.97446" lon="17.5553"><time>2026-07-30T08:45:48Z</time></trkpt><trkpt lat="49.97447" lon="17.555"><time>2026-07-30T08:45:49Z</time></trkpt><trkpt lat="49.97448" lon="17.55471"><time>2026-07-30T08:45:50Z</time></trkpt><trkpt lat="49.97448" lon="17.55442"><time>2026-07-30T08:45:51Z</time></trkpt><trkpt lat="49.97449" lon="17.55412"><time>2026-07-30T08:45:52Z</time></trkpt><trkpt lat="49.97449" lon="17.55382"><time>2026-07-30T08:45:53Z</time></trkpt><trkpt lat="49.97449" lon="17.55351"><time>2026-07-30T08:45:54Z</time></trkpt><trkpt lat="49.97449" lon="17.55319"><time>2026-07-30T08:45:55Z</time></trkpt><trkpt lat="49.97449" lon="17.55287"><time>2026-07-30T08:45:56Z</time></trkpt><trkpt lat="49.97449" lon="17.55255"><time>2026-07-30T08:45:57Z</time></trkpt><trkpt lat="49.97449" lon="17.55222"><time>2026-07-30T08:45:58Z</time></trkpt><trkpt lat="49.9745" lon="17.55191"><time>2026-07-30T08:45:59Z</time></trkpt><trkpt lat="49.9745" lon="17.55161"><time>2026-07-30T08:46:00Z</time></trkpt><trkpt lat="49.9745" lon="17.55131"><time>2026-07-30T08:46:01Z</time></trkpt><trkpt lat="49.9745" lon="17.55102"><time>2026-07-30T08:46:02Z</time></trkpt><trkpt lat="49.9745" lon="17.55073"><time>2026-07-30T08:46:03Z</time></trkpt><trkpt lat="49.97451" lon="17.55044"><time>2026-07-30T08:46:04Z</time></trkpt><trkpt lat="49.97451" lon="17.55017"><time>2026-07-30T08:46:05Z</time></trkpt><trkpt lat="49.97451" lon="17.54989"><time>2026-07-30T08:46:06Z</time></trkpt><trkpt lat="49.97452" lon="17.54962"><time>2026-07-30T08:46:07Z</time></trkpt><trkpt lat="49.97452" lon="17.54934"><time>2026-07-30T08:46:08Z</time></trkpt><trkpt lat="49.97452" lon="17.54907"><time>2026-07-30T08:46:09Z</time></trkpt><trkpt lat="49.97452" lon="17.5488"><time>2026-07-30T08:46:10Z</time></trkpt><trkpt lat="49.97452" lon="17.54853"><time>2026-07-30T08:46:11Z</time></trkpt><trkpt lat="49.97452" lon="17.54826"><time>2026-07-30T08:46:12Z</time></trkpt><trkpt lat="49.97452" lon="17.54799"><time>2026-07-30T08:46:13Z</time></trkpt><trkpt lat="49.97452" lon="17.54772"><time>2026-07-30T08:46:14Z</time></trkpt><trkpt lat="49.97452" lon="17.54745"><time>2026-07-30T08:46:15Z</time></trkpt><trkpt lat="49.97452" lon="17.54719"><time>2026-07-30T08:46:16Z</time></trkpt><trkpt lat="49.97452" lon="17.54694"><time>2026-07-30T08:46:17Z</time></trkpt><trkpt lat="49.97452" lon="17.5467"><time>2026-07-30T08:46:18Z</time></trkpt><trkpt lat="49.97452" lon="17.54645"><time>2026-07-30T08:46:19Z</time></trkpt><trkpt lat="49.97453" lon="17.54621"><time>2026-07-30T08:46:20Z</time></trkpt><trkpt lat="49.97453" lon="17.54598"><time>2026-07-30T08:46:21Z</time></trkpt><trkpt lat="49.97452" lon="17.54574"><time>2026-07-30T08:46:22Z</time></trkpt><trkpt lat="49.97452" lon="17.5455"><time>2026-07-30T08:46:23Z</time></trkpt><trkpt lat="49.97452" lon="17.54526"><time>2026-07-30T08:46:24Z</time></trkpt><trkpt lat="49.97453" lon="17.54502"><time>2026-07-30T08:46:25Z</time></trkpt><trkpt lat="49.97453" lon="17.54475"><time>2026-07-30T08:46:26Z</time></trkpt><trkpt lat="49.97453" lon="17.54448"><time>2026-07-30T08:46:27Z</time></trkpt><trkpt lat="49.97453" lon="17.54423"><time>2026-07-30T08:46:28Z</time></trkpt><trkpt lat="49.97453" lon="17.54394"><time>2026-07-30T08:46:29Z</time></trkpt><trkpt lat="49.97453" lon="17.54366"><time>2026-07-30T08:46:30Z</time></trkpt><trkpt lat="49.97453" lon="17.54335"><time>2026-07-30T08:46:31Z</time></trkpt><trkpt lat="49.97454" lon="17.54304"><time>2026-07-30T08:46:32Z</time></trkpt><trkpt lat="49.97454" lon="17.54272"><time>2026-07-30T08:46:33Z</time></trkpt><trkpt lat="49.97454" lon="17.54242"><time>2026-07-30T08:46:34Z</time></trkpt><trkpt lat="49.97455" lon="17.54212"><time>2026-07-30T08:46:35Z</time></trkpt><trkpt lat="49.97456" lon="17.54184"><time>2026-07-30T08:46:36Z</time></trkpt><trkpt lat="49.97458" lon="17.54156"><time>2026-07-30T08:46:37Z</time></trkpt><trkpt lat="49.97462" lon="17.54129"><time>2026-07-30T08:46:38Z</time></trkpt><trkpt lat="49.97468" lon="17.54101"><time>2026-07-30T08:46:39Z</time></trkpt><trkpt lat="49.97476" lon="17.54075"><time>2026-07-30T08:46:40Z</time></trkpt><trkpt lat="49.97484" lon="17.54049"><time>2026-07-30T08:46:41Z</time></trkpt><trkpt lat="49.97494" lon="17.54024"><time>2026-07-30T08:46:42Z</time></trkpt><trkpt lat="49.97506" lon="17.54"><time>2026-07-30T08:46:43Z</time></trkpt><trkpt lat="49.97519" lon="17.53977"><time>2026-07-30T08:46:44Z</time></trkpt><trkpt lat="49.97532" lon="17.53953"><time>2026-07-30T08:46:45Z</time></trkpt><trkpt lat="49.97547" lon="17.53933"><time>2026-07-30T08:46:46Z</time></trkpt><trkpt lat="49.97562" lon="17.53913"><time>2026-07-30T08:46:47Z</time></trkpt><trkpt lat="49.97578" lon="17.53893"><time>2026-07-30T08:46:48Z</time></trkpt><trkpt lat="49.97594" lon="17.53873"><time>2026-07-30T08:46:49Z</time></trkpt><trkpt lat="49.97608" lon="17.53854"><time>2026-07-30T08:46:50Z</time></trkpt><trkpt lat="49.97623" lon="17.53836"><time>2026-07-30T08:46:51Z</time></trkpt><trkpt lat="49.97636" lon="17.53819"><time>2026-07-30T08:46:52Z</time></trkpt><trkpt lat="49.9765" lon="17.53801"><time>2026-07-30T08:46:53Z</time></trkpt><trkpt lat="49.97663" lon="17.53784"><time>2026-07-30T08:46:54Z</time></trkpt><trkpt lat="49.97675" lon="17.5377"><time>2026-07-30T08:46:55Z</time></trkpt><trkpt lat="49.97687" lon="17.53755"><time>2026-07-30T08:46:56Z</time></trkpt><trkpt lat="49.97699" lon="17.5374"><time>2026-07-30T08:46:57Z</time></trkpt><trkpt lat="49.97711" lon="17.53727"><time>2026-07-30T08:46:58Z</time></trkpt><trkpt lat="49.97724" lon="17.53716"><time>2026-07-30T08:46:59Z</time></trkpt><trkpt lat="49.97739" lon="17.53707"><time>2026-07-30T08:47:00Z</time></trkpt><trkpt lat="49.97754" lon="17.537"><time>2026-07-30T08:47:01Z</time></trkpt><trkpt lat="49.97769" lon="17.53695"><time>2026-07-30T08:47:02Z</time></trkpt><trkpt lat="49.97784" lon="17.53692"><time>2026-07-30T08:47:03Z</time></trkpt><trkpt lat="49.97798" lon="17.53691"><time>2026-07-30T08:47:04Z</time></trkpt><trkpt lat="49.97813" lon="17.53693"><time>2026-07-30T08:47:05Z</time></trkpt><trkpt lat="49.97829" lon="17.537"><time>2026-07-30T08:47:06Z</time></trkpt><trkpt lat="49.97843" lon="17.53708"><time>2026-07-30T08:47:07Z</time></trkpt><trkpt lat="49.97858" lon="17.53718"><time>2026-07-30T08:47:08Z</time></trkpt><trkpt lat="49.97871" lon="17.53729"><time>2026-07-30T08:47:09Z</time></trkpt><trkpt lat="49.97883" lon="17.53741"><time>2026-07-30T08:47:10Z</time></trkpt><trkpt lat="49.97895" lon="17.53754"><time>2026-07-30T08:47:11Z</time></trkpt><trkpt lat="49.97906" lon="17.53766"><time>2026-07-30T08:47:12Z</time></trkpt><trkpt lat="49.97915" lon="17.53779"><time>2026-07-30T08:47:13Z</time></trkpt><trkpt lat="49.97924" lon="17.53792"><time>2026-07-30T08:47:14Z</time></trkpt><trkpt lat="49.97933" lon="17.53803"><time>2026-07-30T08:47:15Z</time></trkpt><trkpt lat="49.97942" lon="17.53811"><time>2026-07-30T08:47:16Z</time></trkpt><trkpt lat="49.97952" lon="17.53815"><time>2026-07-30T08:47:17Z</time></trkpt><trkpt lat="49.97962" lon="17.53819"><time>2026-07-30T08:47:18Z</time></trkpt><trkpt lat="49.97971" lon="17.53819"><time>2026-07-30T08:47:19Z</time></trkpt><trkpt lat="49.97979" lon="17.53815"><time>2026-07-30T08:47:20Z</time></trkpt><trkpt lat="49.97985" lon="17.53808"><time>2026-07-30T08:47:21Z</time></trkpt><trkpt lat="49.97991" lon="17.53797"><time>2026-07-30T08:47:22Z</time></trkpt><trkpt lat="49.97994" lon="17.53784"><time>2026-07-30T08:47:23Z</time></trkpt><trkpt lat="49.97994" lon="17.5377"><time>2026-07-30T08:47:24Z</time></trkpt><trkpt lat="49.97989" lon="17.53754"><time>2026-07-30T08:47:25Z</time></trkpt><trkpt lat="49.97982" lon="17.53736"><time>2026-07-30T08:47:26Z</time></trkpt><trkpt lat="49.97972" lon="17.53718"><time>2026-07-30T08:47:27Z</time></trkpt><trkpt lat="49.97962" lon="17.53698"><time>2026-07-30T08:47:28Z</time></trkpt><trkpt lat="49.97952" lon="17.53679"><time>2026-07-30T08:47:29Z</time></trkpt><trkpt lat="49.97943" lon="17.53657"><time>2026-07-30T08:47:30Z</time></trkpt><trkpt lat="49.97935" lon="17.53633"><time>2026-07-30T08:47:31Z</time></trkpt><trkpt lat="49.97928" lon="17.53609"><time>2026-07-30T08:47:32Z</time></trkpt><trkpt lat="49.97921" lon="17.53584"><time>2026-07-30T08:47:33Z</time></trkpt><trkpt lat="49.97915" lon="17.53561"><time>2026-07-30T08:47:34Z</time></trkpt><trkpt lat="49.97909" lon="17.53537"><time>2026-07-30T08:47:35Z</time></trkpt><trkpt lat="49.97903" lon="17.53515"><time>2026-07-30T08:47:36Z</time></trkpt><trkpt lat="49.97897" lon="17.53492"><time>2026-07-30T08:47:37Z</time></trkpt><trkpt lat="49.9789" lon="17.53471"><time>2026-07-30T08:47:38Z</time></trkpt><trkpt lat="49.97881" lon="17.5345"><time>2026-07-30T08:47:39Z</time></trkpt><trkpt lat="49.97872" lon="17.53432"><time>2026-07-30T08:47:40Z</time></trkpt><trkpt lat="49.97861" lon="17.53415"><time>2026-07-30T08:47:41Z</time></trkpt><trkpt lat="49.9785" lon="17.53397"><time>2026-07-30T08:47:42Z</time></trkpt><trkpt lat="49.97838" lon="17.53382"><time>2026-07-30T08:47:43Z</time></trkpt><trkpt lat="49.97825" lon="17.53366"><time>2026-07-30T08:47:44Z</time></trkpt><trkpt lat="49.97811" lon="17.53352"><time>2026-07-30T08:47:45Z</time></trkpt><trkpt lat="49.97798" lon="17.53339"><time>2026-07-30T08:47:46Z</time></trkpt><trkpt lat="49.97786" lon="17.53326"><time>2026-07-30T08:47:47Z</time></trkpt><trkpt lat="49.97773" lon="17.53313"><time>2026-07-30T08:47:48Z</time></trkpt><trkpt lat="49.9776" lon="17.53302"><time>2026-07-30T08:47:49Z</time></trkpt><trkpt lat="49.97745" lon="17.53291"><time>2026-07-30T08:47:50Z</time></trkpt><trkpt lat="49.97731" lon="17.53282"><time>2026-07-30T08:47:51Z</time></trkpt><trkpt lat="49.97717" lon="17.53273"><time>2026-07-30T08:47:52Z</time></trkpt><trkpt lat="49.97703" lon="17.53267"><time>2026-07-30T08:47:53Z</time></trkpt><trkpt lat="49.9769" lon="17.53261"><time>2026-07-30T08:47:54Z</time></trkpt><trkpt lat="49.97676" lon="17.53257"><time>2026-07-30T08:47:55Z</time></trkpt><trkpt lat="49.97664" lon="17.53255"><time>2026-07-30T08:47:56Z</time></trkpt><trkpt lat="49.97652" lon="17.53252"><time>2026-07-30T08:47:57Z</time></trkpt><trkpt lat="49.97643" lon="17.53249"><time>2026-07-30T08:47:58Z</time></trkpt><trkpt lat="49.97634" lon="17.53246"><time>2026-07-30T08:47:59Z</time></trkpt><trkpt lat="49.97626" lon="17.53242"><time>2026-07-30T08:48:00Z</time></trkpt><trkpt lat="49.97618" lon="17.53235"><time>2026-07-30T08:48:01Z</time></trkpt><trkpt lat="49.97612" lon="17.53226"><time>2026-07-30T08:48:02Z</time></trkpt><trkpt lat="49.97607" lon="17.53215"><time>2026-07-30T08:48:03Z</time></trkpt><trkpt lat="49.97605" lon="17.53202"><time>2026-07-30T08:48:04Z</time></trkpt><trkpt lat="49.97605" lon="17.5319"><time>2026-07-30T08:48:05Z</time></trkpt><trkpt lat="49.9761" lon="17.53178"><time>2026-07-30T08:48:06Z</time></trkpt><trkpt lat="49.97617" lon="17.53168"><time>2026-07-30T08:48:07Z</time></trkpt><trkpt lat="49.97627" lon="17.53161"><time>2026-07-30T08:48:08Z</time></trkpt><trkpt lat="49.9764" lon="17.53155"><time>2026-07-30T08:48:09Z</time></trkpt><trkpt lat="49.97652" lon="17.5315"><time>2026-07-30T08:48:10Z</time></trkpt><trkpt lat="49.97664" lon="17.53147"><time>2026-07-30T08:48:11Z</time></trkpt><trkpt lat="49.97677" lon="17.53143"><time>2026-07-30T08:48:12Z</time></trkpt><trkpt lat="49.97689" lon="17.5314"><time>2026-07-30T08:48:13Z</time></trkpt><trkpt lat="49.97703" lon="17.53135"><time>2026-07-30T08:48:14Z</time></trkpt><trkpt lat="49.97715" lon="17.5313"><time>2026-07-30T08:48:15Z</time></trkpt><trkpt lat="49.97729" lon="17.53124"><time>2026-07-30T08:48:16Z</time></trkpt><trkpt lat="49.97743" lon="17.53118"><time>2026-07-30T08:48:17Z</time></trkpt><trkpt lat="49.97758" lon="17.5311"><time>2026-07-30T08:48:18Z</time></trkpt><trkpt lat="49.97772" lon="17.53103"><time>2026-07-30T08:48:19Z</time></trkpt><trkpt lat="49.97788" lon="17.53095"><time>2026-07-30T08:48:20Z</time></trkpt><trkpt lat="49.97803" lon="17.53087"><time>2026-07-30T08:48:21Z</time></trkpt><trkpt lat="49.97818" lon="17.5308"><time>2026-07-30T08:48:22Z</time></trkpt><trkpt lat="49.97834" lon="17.53072"><time>2026-07-30T08:48:23Z</time></trkpt><trkpt lat="49.97849" lon="17.53063"><time>2026-07-30T08:48:24Z</time></trkpt><trkpt lat="49.97864" lon="17.53055"><time>2026-07-30T08:48:25Z</time></trkpt><trkpt lat="49.97879" lon="17.53046"><time>2026-07-30T08:48:26Z</time></trkpt><trkpt lat="49.97892" lon="17.53038"><time>2026-07-30T08:48:27Z</time></trkpt><trkpt lat="49.97907" lon="17.5303"><time>2026-07-30T08:48:28Z</time></trkpt><trkpt lat="49.97921" lon="17.53021"><time>2026-07-30T08:48:29Z</time></trkpt><trkpt lat="49.97935" lon="17.5301"><time>2026-07-30T08:48:30Z</time></trkpt><trkpt lat="49.97946" lon="17.53"><time>2026-07-30T08:48:31Z</time></trkpt><trkpt lat="49.9796" lon="17.52987"><time>2026-07-30T08:48:32Z</time></trkpt><trkpt lat="49.97973" lon="17.52974"><time>2026-07-30T08:48:33Z</time></trkpt><trkpt lat="49.97986" lon="17.52961"><time>2026-07-30T08:48:34Z</time></trkpt><trkpt lat="49.97998" lon="17.52948"><time>2026-07-30T08:48:35Z</time></trkpt><trkpt lat="49.9801" lon="17.52934"><time>2026-07-30T08:48:36Z</time></trkpt><trkpt lat="49.98022" lon="17.52921"><time>2026-07-30T08:48:37Z</time></trkpt><trkpt lat="49.98033" lon="17.52909"><time>2026-07-30T08:48:38Z</time></trkpt><trkpt lat="49.98043" lon="17.52896"><time>2026-07-30T08:48:39Z</time></trkpt><trkpt lat="49.98052" lon="17.52884"><time>2026-07-30T08:48:40Z</time></trkpt><trkpt lat="49.98061" lon="17.52871"><time>2026-07-30T08:48:41Z</time></trkpt><trkpt lat="49.98069" lon="17.52857"><time>2026-07-30T08:48:42Z</time></trkpt><trkpt lat="49.98077" lon="17.52843"><time>2026-07-30T08:48:43Z</time></trkpt><trkpt lat="49.98085" lon="17.52829"><time>2026-07-30T08:48:44Z</time></trkpt><trkpt lat="49.98092" lon="17.52814"><time>2026-07-30T08:48:45Z</time></trkpt><trkpt lat="49.98098" lon="17.52797"><time>2026-07-30T08:48:46Z</time></trkpt><trkpt lat="49.98105" lon="17.52778"><time>2026-07-30T08:48:47Z</time></trkpt><trkpt lat="49.98111" lon="17.5276"><time>2026-07-30T08:48:48Z</time></trkpt><trkpt lat="49.98115" lon="17.52742"><time>2026-07-30T08:48:49Z</time></trkpt><trkpt lat="49.9812" lon="17.52722"><time>2026-07-30T08:48:50Z</time></trkpt><trkpt lat="49.98124" lon="17.527"><time>2026-07-30T08:48:51Z</time></trkpt><trkpt lat="49.98128" lon="17.52676"><time>2026-07-30T08:48:52Z</time></trkpt><trkpt lat="49.98131" lon="17.52648"><time>2026-07-30T08:48:53Z</time></trkpt><trkpt lat="49.98133" lon="17.52619"><time>2026-07-30T08:48:54Z</time></trkpt><trkpt lat="49.98135" lon="17.52592"><time>2026-07-30T08:48:55Z</time></trkpt><trkpt lat="49.98138" lon="17.52566"><time>2026-07-30T08:48:56Z</time></trkpt><trkpt lat="49.9814" lon="17.5254"><time>2026-07-30T08:48:57Z</time></trkpt><trkpt lat="49.98142" lon="17.52515"><time>2026-07-30T08:48:58Z</time></trkpt><trkpt lat="49.98144" lon="17.52489"><time>2026-07-30T08:48:59Z</time></trkpt><trkpt lat="49.98145" lon="17.52464"><time>2026-07-30T08:49:00Z</time></trkpt><trkpt lat="49.98147" lon="17.52438"><time>2026-07-30T08:49:01Z</time></trkpt><trkpt lat="49.9815" lon="17.52412"><time>2026-07-30T08:49:02Z</time></trkpt><trkpt lat="49.98152" lon="17.52386"><time>2026-07-30T08:49:03Z</time></trkpt><trkpt lat="49.98154" lon="17.5236"><time>2026-07-30T08:49:04Z</time></trkpt><trkpt lat="49.98156" lon="17.52334"><time>2026-07-30T08:49:05Z</time></trkpt><trkpt lat="49.98158" lon="17.52308"><time>2026-07-30T08:49:06Z</time></trkpt><trkpt lat="49.9816" lon="17.52282"><time>2026-07-30T08:49:07Z</time></trkpt><trkpt lat="49.98162" lon="17.52255"><time>2026-07-30T08:49:08Z</time></trkpt><trkpt lat="49.98164" lon="17.52229"><time>2026-07-30T08:49:09Z</time></trkpt><trkpt lat="49.98166" lon="17.52204"><time>2026-07-30T08:49:10Z</time></trkpt><trkpt lat="49.98168" lon="17.52177"><time>2026-07-30T08:49:11Z</time></trkpt><trkpt lat="49.98171" lon="17.52151"><time>2026-07-30T08:49:12Z</time></trkpt><trkpt lat="49.98173" lon="17.52124"><time>2026-07-30T08:49:13Z</time></trkpt><trkpt lat="49.98175" lon="17.52098"><time>2026-07-30T08:49:14Z</time></trkpt><trkpt lat="49.98177" lon="17.52071"><time>2026-07-30T08:49:15Z</time></trkpt><trkpt lat="49.98179" lon="17.52044"><time>2026-07-30T08:49:16Z</time></trkpt><trkpt lat="49.98182" lon="17.52016"><time>2026-07-30T08:49:17Z</time></trkpt><trkpt lat="49.98184" lon="17.51985"><time>2026-07-30T08:49:18Z</time></trkpt><trkpt lat="49.98187" lon="17.51954"><time>2026-07-30T08:49:19Z</time></trkpt><trkpt lat="49.98189" lon="17.51923"><time>2026-07-30T08:49:20Z</time></trkpt><trkpt lat="49.98192" lon="17.51891"><time>2026-07-30T08:49:21Z</time></trkpt><trkpt lat="49.98195" lon="17.51858"><time>2026-07-30T08:49:22Z</time></trkpt><trkpt lat="49.98197" lon="17.51826"><time>2026-07-30T08:49:23Z</time></trkpt><trkpt lat="49.982" lon="17.51793"><time>2026-07-30T08:49:24Z</time></trkpt><trkpt lat="49.98202" lon="17.51762"><time>2026-07-30T08:49:25Z</time></trkpt><trkpt lat="49.98205" lon="17.51731"><time>2026-07-30T08:49:26Z</time></trkpt><trkpt lat="49.98207" lon="17.51703"><time>2026-07-30T08:49:27Z</time></trkpt><trkpt lat="49.98209" lon="17.51674"><time>2026-07-30T08:49:28Z</time></trkpt><trkpt lat="49.98213" lon="17.51645"><time>2026-07-30T08:49:29Z</time></trkpt><trkpt lat="49.98216" lon="17.51618"><time>2026-07-30T08:49:30Z</time></trkpt><trkpt lat="49.9822" lon="17.51593"><time>2026-07-30T08:49:31Z</time></trkpt><trkpt lat="49.98224" lon="17.51566"><time>2026-07-30T08:49:32Z</time></trkpt><trkpt lat="49.98228" lon="17.51538"><time>2026-07-30T08:49:33Z</time></trkpt><trkpt lat="49.98232" lon="17.5151"><time>2026-07-30T08:49:34Z</time></trkpt><trkpt lat="49.98236" lon="17.51485"><time>2026-07-30T08:49:35Z</time></trkpt><trkpt lat="49.9824" lon="17.51459"><time>2026-07-30T08:49:36Z</time></trkpt><trkpt lat="49.98244" lon="17.51435"><time>2026-07-30T08:49:37Z</time></trkpt><trkpt lat="49.98247" lon="17.51412"><time>2026-07-30T08:49:38Z</time></trkpt><trkpt lat="49.98251" lon="17.51389"><time>2026-07-30T08:49:39Z</time></trkpt><trkpt lat="49.98255" lon="17.51366"><time>2026-07-30T08:49:40Z</time></trkpt><trkpt lat="49.9826" lon="17.51342"><time>2026-07-30T08:49:41Z</time></trkpt><trkpt lat="49.98265" lon="17.51318"><time>2026-07-30T08:49:42Z</time></trkpt><trkpt lat="49.98271" lon="17.51293"><time>2026-07-30T08:49:43Z</time></trkpt><trkpt lat="49.98277" lon="17.5127"><time>2026-07-30T08:49:44Z</time></trkpt><trkpt lat="49.98283" lon="17.51246"><time>2026-07-30T08:49:45Z</time></trkpt><trkpt lat="49.9829" lon="17.51223"><time>2026-07-30T08:49:46Z</time></trkpt><trkpt lat="49.98297" lon="17.51201"><time>2026-07-30T08:49:47Z</time></trkpt><trkpt lat="49.98304" lon="17.51178"><time>2026-07-30T08:49:48Z</time></trkpt><trkpt lat="49.98313" lon="17.51157"><time>2026-07-30T08:49:49Z</time></trkpt><trkpt lat="49.98322" lon="17.51136"><time>2026-07-30T08:49:50Z</time></trkpt><trkpt lat="49.98332" lon="17.51116"><time>2026-07-30T08:49:51Z</time></trkpt><trkpt lat="49.98343" lon="17.51097"><time>2026-07-30T08:49:52Z</time></trkpt><trkpt lat="49.98353" lon="17.51079"><time>2026-07-30T08:49:53Z</time></trkpt><trkpt lat="49.98364" lon="17.51061"><time>2026-07-30T08:49:54Z</time></trkpt><trkpt lat="49.98375" lon="17.51043"><time>2026-07-30T08:49:55Z</time></trkpt><trkpt lat="49.98384" lon="17.51023"><time>2026-07-30T08:49:56Z</time></trkpt><trkpt lat="49.98393" lon="17.51002"><time>2026-07-30T08:49:57Z</time></trkpt><trkpt lat="49.984" lon="17.50979"><time>2026-07-30T08:49:58Z</time></trkpt><trkpt lat="49.98406" lon="17.50954"><time>2026-07-30T08:49:59Z</time></trkpt><trkpt lat="49.98411" lon="17.50926"><time>2026-07-30T08:50:00Z</time></trkpt><trkpt lat="49.98414" lon="17.50895"><time>2026-07-30T08:50:01Z</time></trkpt><trkpt lat="49.98418" lon="17.50863"><time>2026-07-30T08:50:02Z</time></trkpt><trkpt lat="49.98419" lon="17.50829"><time>2026-07-30T08:50:03Z</time></trkpt><trkpt lat="49.98421" lon="17.50796"><time>2026-07-30T08:50:04Z</time></trkpt><trkpt lat="49.98422" lon="17.50762"><time>2026-07-30T08:50:05Z</time></trkpt><trkpt lat="49.98424" lon="17.50731"><time>2026-07-30T08:50:06Z</time></trkpt><trkpt lat="49.98426" lon="17.50699"><time>2026-07-30T08:50:07Z</time></trkpt><trkpt lat="49.98428" lon="17.50667"><time>2026-07-30T08:50:08Z</time></trkpt><trkpt lat="49.98429" lon="17.50641"><time>2026-07-30T08:50:09Z</time></trkpt><trkpt lat="49.9843" lon="17.50616"><time>2026-07-30T08:50:10Z</time></trkpt><trkpt lat="49.98431" lon="17.50591"><time>2026-07-30T08:50:11Z</time></trkpt><trkpt lat="49.98433" lon="17.50565"><time>2026-07-30T08:50:12Z</time></trkpt><trkpt lat="49.98434" lon="17.50538"><time>2026-07-30T08:50:13Z</time></trkpt><trkpt lat="49.98435" lon="17.50512"><time>2026-07-30T08:50:14Z</time></trkpt><trkpt lat="49.98435" lon="17.50486"><time>2026-07-30T08:50:15Z</time></trkpt><trkpt lat="49.98435" lon="17.50461"><time>2026-07-30T08:50:16Z</time></trkpt><trkpt lat="49.9843" lon="17.50433"><time>2026-07-30T08:50:17Z</time></trkpt><trkpt lat="49.98424" lon="17.50407"><time>2026-07-30T08:50:18Z</time></trkpt><trkpt lat="49.98415" lon="17.50379"><time>2026-07-30T08:50:19Z</time></trkpt><trkpt lat="49.98405" lon="17.50353"><time>2026-07-30T08:50:20Z</time></trkpt><trkpt lat="49.98393" lon="17.50326"><time>2026-07-30T08:50:21Z</time></trkpt><trkpt lat="49.98382" lon="17.50298"><time>2026-07-30T08:50:22Z</time></trkpt><trkpt lat="49.9837" lon="17.5027"><time>2026-07-30T08:50:23Z</time></trkpt><trkpt lat="49.98358" lon="17.50244"><time>2026-07-30T08:50:24Z</time></trkpt><trkpt lat="49.98347" lon="17.50219"><time>2026-07-30T08:50:25Z</time></trkpt><trkpt lat="49.98336" lon="17.50195"><time>2026-07-30T08:50:26Z</time></trkpt><trkpt lat="49.98324" lon="17.5017"><time>2026-07-30T08:50:27Z</time></trkpt><trkpt lat="49.98313" lon="17.50146"><time>2026-07-30T08:50:28Z</time></trkpt><trkpt lat="49.98301" lon="17.50121"><time>2026-07-30T08:50:29Z</time></trkpt><trkpt lat="49.98288" lon="17.50095"><time>2026-07-30T08:50:30Z</time></trkpt><trkpt lat="49.98277" lon="17.50067"><time>2026-07-30T08:50:31Z</time></trkpt><trkpt lat="49.98265" lon="17.50041"><time>2026-07-30T08:50:32Z</time></trkpt><trkpt lat="49.98253" lon="17.50016"><time>2026-07-30T08:50:33Z</time></trkpt><trkpt lat="49.98242" lon="17.4999"><time>2026-07-30T08:50:34Z</time></trkpt><trkpt lat="49.98231" lon="17.49964"><time>2026-07-30T08:50:35Z</time></trkpt><trkpt lat="49.98221" lon="17.4994"><time>2026-07-30T08:50:36Z</time></trkpt><trkpt lat="49.98211" lon="17.49917"><time>2026-07-30T08:50:37Z</time></trkpt><trkpt lat="49.98202" lon="17.49893"><time>2026-07-30T08:50:38Z</time></trkpt><trkpt lat="49.98195" lon="17.49868"><time>2026-07-30T08:50:39Z</time></trkpt><trkpt lat="49.98188" lon="17.49842"><time>2026-07-30T08:50:40Z</time></trkpt><trkpt lat="49.98182" lon="17.49816"><time>2026-07-30T08:50:41Z</time></trkpt><trkpt lat="49.98178" lon="17.49791"><time>2026-07-30T08:50:42Z</time></trkpt><trkpt lat="49.98175" lon="17.49765"><time>2026-07-30T08:50:43Z</time></trkpt><trkpt lat="49.98174" lon="17.49738"><time>2026-07-30T08:50:44Z</time></trkpt><trkpt lat="49.98174" lon="17.49712"><time>2026-07-30T08:50:45Z</time></trkpt><trkpt lat="49.98176" lon="17.49684"><time>2026-07-30T08:50:46Z</time></trkpt><trkpt lat="49.98179" lon="17.49657"><time>2026-07-30T08:50:47Z</time></trkpt><trkpt lat="49.98184" lon="17.49632"><time>2026-07-30T08:50:48Z</time></trkpt><trkpt lat="49.9819" lon="17.49606"><time>2026-07-30T08:50:49Z</time></trkpt><trkpt lat="49.98198" lon="17.49581"><time>2026-07-30T08:50:50Z</time></trkpt><trkpt lat="49.98208" lon="17.49558"><time>2026-07-30T08:50:51Z</time></trkpt><trkpt lat="49.98219" lon="17.49534"><time>2026-07-30T08:50:52Z</time></trkpt><trkpt lat="49.98229" lon="17.49513"><time>2026-07-30T08:50:53Z</time></trkpt><trkpt lat="49.98241" lon="17.4949"><time>2026-07-30T08:50:54Z</time></trkpt><trkpt lat="49.98253" lon="17.49468"><time>2026-07-30T08:50:55Z</time></trkpt><trkpt lat="49.98265" lon="17.49447"><time>2026-07-30T08:50:56Z</time></trkpt><trkpt lat="49.98276" lon="17.49426"><time>2026-07-30T08:50:57Z</time></trkpt><trkpt lat="49.98288" lon="17.49405"><time>2026-07-30T08:50:58Z</time></trkpt><trkpt lat="49.98299" lon="17.49384"><time>2026-07-30T08:50:59Z</time></trkpt><trkpt lat="49.98311" lon="17.49364"><time>2026-07-30T08:51:00Z</time></trkpt><trkpt lat="49.98322" lon="17.49344"><time>2026-07-30T08:51:01Z</time></trkpt><trkpt lat="49.98333" lon="17.49324"><time>2026-07-30T08:51:02Z</time></trkpt><trkpt lat="49.98344" lon="17.49306"><time>2026-07-30T08:51:03Z</time></trkpt><trkpt lat="49.98354" lon="17.49288"><time>2026-07-30T08:51:04Z</time></trkpt><trkpt lat="49.98364" lon="17.4927"><time>2026-07-30T08:51:05Z</time></trkpt><trkpt lat="49.98373" lon="17.49254"><time>2026-07-30T08:51:06Z</time></trkpt><trkpt lat="49.98382" lon="17.49237"><time>2026-07-30T08:51:07Z</time></trkpt><trkpt lat="49.98391" lon="17.49221"><time>2026-07-30T08:51:08Z</time></trkpt><trkpt lat="49.98399" lon="17.49204"><time>2026-07-30T08:51:09Z</time></trkpt><trkpt lat="49.98405" lon="17.49187"><time>2026-07-30T08:51:10Z</time></trkpt><trkpt lat="49.9841" lon="17.49171"><time>2026-07-30T08:51:11Z</time></trkpt><trkpt lat="49.98414" lon="17.49155"><time>2026-07-30T08:51:12Z</time></trkpt><trkpt lat="49.98417" lon="17.49138"><time>2026-07-30T08:51:13Z</time></trkpt><trkpt lat="49.98418" lon="17.49121"><time>2026-07-30T08:51:14Z</time></trkpt><trkpt lat="49.98419" lon="17.49105"><time>2026-07-30T08:51:15Z</time></trkpt><trkpt lat="49.9842" lon="17.49091"><time>2026-07-30T08:51:16Z</time></trkpt><trkpt lat="49.9842" lon="17.49077"><time>2026-07-30T08:51:17Z</time></trkpt><trkpt lat="49.9842" lon="17.49065"><time>2026-07-30T08:51:18Z</time></trkpt><trkpt lat="49.98419" lon="17.49054"><time>2026-07-30T08:51:19Z</time></trkpt><trkpt lat="49.98419" lon="17.49044"><time>2026-07-30T08:51:20Z</time></trkpt><trkpt lat="49.9842" lon="17.49035"><time>2026-07-30T08:51:21Z</time></trkpt><trkpt lat="49.98419" lon="17.49028"><time>2026-07-30T08:51:22Z</time></trkpt><trkpt lat="49.98419" lon="17.49023"><time>2026-07-30T08:51:23Z</time></trkpt><trkpt lat="49.98418" lon="17.49017"><time>2026-07-30T08:51:24Z</time></trkpt><trkpt lat="49.98418" lon="17.49014"><time>2026-07-30T08:51:25Z</time></trkpt><trkpt lat="49.98419" lon="17.4901"><time>2026-07-30T08:51:26Z</time></trkpt><trkpt lat="49.98419" lon="17.49007"><time>2026-07-30T08:51:27Z</time></trkpt><trkpt lat="49.9842" lon="17.49005"><time>2026-07-30T08:51:28Z</time></trkpt><trkpt lat="49.9842" lon="17.49002"><time>2026-07-30T08:51:29Z</time></trkpt><trkpt lat="49.9842" lon="17.49"><time>2026-07-30T08:51:30Z</time></trkpt><trkpt lat="49.98418" lon="17.48999"><time>2026-07-30T08:52:43Z</time></trkpt><trkpt lat="49.98418" lon="17.48995"><time>2026-07-30T08:52:44Z</time></trkpt><trkpt lat="49.98418" lon="17.48989"><time>2026-07-30T08:52:45Z</time></trkpt><trkpt lat="49.98419" lon="17.48982"><time>2026-07-30T08:52:46Z</time></trkpt><trkpt lat="49.9842" lon="17.48974"><time>2026-07-30T08:52:47Z</time></trkpt><trkpt lat="49.98421" lon="17.48965"><time>2026-07-30T08:52:48Z</time></trkpt><trkpt lat="49.98423" lon="17.48956"><time>2026-07-30T08:52:49Z</time></trkpt><trkpt lat="49.98425" lon="17.48945"><time>2026-07-30T08:52:50Z</time></trkpt><trkpt lat="49.98429" lon="17.48932"><time>2026-07-30T08:52:51Z</time></trkpt><trkpt lat="49.98433" lon="17.48918"><time>2026-07-30T08:52:52Z</time></trkpt><trkpt lat="49.98439" lon="17.48904"><time>2026-07-30T08:52:53Z</time></trkpt><trkpt lat="49.98445" lon="17.48892"><time>2026-07-30T08:52:54Z</time></trkpt><trkpt lat="49.9845" lon="17.4888"><time>2026-07-30T08:52:55Z</time></trkpt><trkpt lat="49.98456" lon="17.4887"><time>2026-07-30T08:52:56Z</time></trkpt><trkpt lat="49.98463" lon="17.48861"><time>2026-07-30T08:52:57Z</time></trkpt><trkpt lat="49.9847" lon="17.48852"><time>2026-07-30T08:52:58Z</time></trkpt><trkpt lat="49.98478" lon="17.48844"><time>2026-07-30T08:52:59Z</time></trkpt><trkpt lat="49.98485" lon="17.48837"><time>2026-07-30T08:53:00Z</time></trkpt><trkpt lat="49.98492" lon="17.48831"><time>2026-07-30T08:53:01Z</time></trkpt><trkpt lat="49.98499" lon="17.48825"><time>2026-07-30T08:53:02Z</time></trkpt><trkpt lat="49.98506" lon="17.48819"><time>2026-07-30T08:53:03Z</time></trkpt><trkpt lat="49.98513" lon="17.48814"><time>2026-07-30T08:53:04Z</time></trkpt><trkpt lat="49.9852" lon="17.48808"><time>2026-07-30T08:53:05Z</time></trkpt><trkpt lat="49.98529" lon="17.48802"><time>2026-07-30T08:53:06Z</time></trkpt><trkpt lat="49.98538" lon="17.48796"><time>2026-07-30T08:53:07Z</time></trkpt><trkpt lat="49.98547" lon="17.4879"><time>2026-07-30T08:53:08Z</time></trkpt><trkpt lat="49.98556" lon="17.48783"><time>2026-07-30T08:53:09Z</time></trkpt><trkpt lat="49.98564" lon="17.48777"><time>2026-07-30T08:53:10Z</time></trkpt><trkpt lat="49.98573" lon="17.48771"><time>2026-07-30T08:53:11Z</time></trkpt><trkpt lat="49.98582" lon="17.48765"><time>2026-07-30T08:53:12Z</time></trkpt><trkpt lat="49.98593" lon="17.48758"><time>2026-07-30T08:53:13Z</time></trkpt><trkpt lat="49.98602" lon="17.48752"><time>2026-07-30T08:53:14Z</time></trkpt><trkpt lat="49.98613" lon="17.48744"><time>2026-07-30T08:53:15Z</time></trkpt><trkpt lat="49.98624" lon="17.48736"><time>2026-07-30T08:53:16Z</time></trkpt><trkpt lat="49.98635" lon="17.48726"><time>2026-07-30T08:53:17Z</time></trkpt><trkpt lat="49.98645" lon="17.48718"><time>2026-07-30T08:53:18Z</time></trkpt><trkpt lat="49.98654" lon="17.4871"><time>2026-07-30T08:53:19Z</time></trkpt><trkpt lat="49.98665" lon="17.48699"><time>2026-07-30T08:53:20Z</time></trkpt><trkpt lat="49.98677" lon="17.48688"><time>2026-07-30T08:53:21Z</time></trkpt><trkpt lat="49.98688" lon="17.48676"><time>2026-07-30T08:53:22Z</time></trkpt><trkpt lat="49.98697" lon="17.48665"><time>2026-07-30T08:53:23Z</time></trkpt><trkpt lat="49.98706" lon="17.48652"><time>2026-07-30T08:53:24Z</time></trkpt><trkpt lat="49.98715" lon="17.48639"><time>2026-07-30T08:53:25Z</time></trkpt><trkpt lat="49.98723" lon="17.48626"><time>2026-07-30T08:53:26Z</time></trkpt><trkpt lat="49.9873" lon="17.48612"><time>2026-07-30T08:53:27Z</time></trkpt><trkpt lat="49.98737" lon="17.48597"><time>2026-07-30T08:53:28Z</time></trkpt><trkpt lat="49.98744" lon="17.48585"><time>2026-07-30T08:53:29Z</time></trkpt><trkpt lat="49.9875" lon="17.48571"><time>2026-07-30T08:53:30Z</time></trkpt><trkpt lat="49.98756" lon="17.48557"><time>2026-07-30T08:53:31Z</time></trkpt><trkpt lat="49.98762" lon="17.48542"><time>2026-07-30T08:53:32Z</time></trkpt><trkpt lat="49.98768" lon="17.48525"><time>2026-07-30T08:53:33Z</time></trkpt><trkpt lat="49.98773" lon="17.48508"><time>2026-07-30T08:53:34Z</time></trkpt><trkpt lat="49.98778" lon="17.48489"><time>2026-07-30T08:53:35Z</time></trkpt><trkpt lat="49.98783" lon="17.48473"><time>2026-07-30T08:53:36Z</time></trkpt><trkpt lat="49.98786" lon="17.48458"><time>2026-07-30T08:53:37Z</time></trkpt><trkpt lat="49.98789" lon="17.48445"><time>2026-07-30T08:53:38Z</time></trkpt><trkpt lat="49.98791" lon="17.48434"><time>2026-07-30T08:53:39Z</time></trkpt><trkpt lat="49.98792" lon="17.48423"><time>2026-07-30T08:53:40Z</time></trkpt><trkpt lat="49.98794" lon="17.48412"><time>2026-07-30T08:53:41Z</time></trkpt><trkpt lat="49.98795" lon="17.48402"><time>2026-07-30T08:53:42Z</time></trkpt><trkpt lat="49.98796" lon="17.48393"><time>2026-07-30T08:53:43Z</time></trkpt><trkpt lat="49.98796" lon="17.48386"><time>2026-07-30T08:53:44Z</time></trkpt><trkpt lat="49.98796" lon="17.48379"><time>2026-07-30T08:53:45Z</time></trkpt><trkpt lat="49.98797" lon="17.48371"><time>2026-07-30T08:53:46Z</time></trkpt><trkpt lat="49.98799" lon="17.48365"><time>2026-07-30T08:53:47Z</time></trkpt><trkpt lat="49.988" lon="17.48357"><time>2026-07-30T08:53:48Z</time></trkpt><trkpt lat="49.98801" lon="17.48349"><time>2026-07-30T08:53:49Z</time></trkpt><trkpt lat="49.98802" lon="17.48341"><time>2026-07-30T08:53:50Z</time></trkpt><trkpt lat="49.98803" lon="17.48332"><time>2026-07-30T08:53:51Z</time></trkpt><trkpt lat="49.98804" lon="17.48322"><time>2026-07-30T08:53:52Z</time></trkpt><trkpt lat="49.98806" lon="17.48313"><time>2026-07-30T08:53:53Z</time></trkpt><trkpt lat="49.98808" lon="17.48305"><time>2026-07-30T08:53:54Z</time></trkpt><trkpt lat="49.9881" lon="17.48297"><time>2026-07-30T08:53:55Z</time></trkpt><trkpt lat="49.98815" lon="17.48291"><time>2026-07-30T08:53:56Z</time></trkpt><trkpt lat="49.98821" lon="17.48286"><time>2026-07-30T08:53:57Z</time></trkpt><trkpt lat="49.98829" lon="17.48284"><time>2026-07-30T08:53:58Z</time></trkpt><trkpt lat="49.98837" lon="17.48285"><time>2026-07-30T08:53:59Z</time></trkpt><trkpt lat="49.98845" lon="17.48288"><time>2026-07-30T08:54:00Z</time></trkpt><trkpt lat="49.98855" lon="17.48293"><time>2026-07-30T08:54:01Z</time></trkpt><trkpt lat="49.98863" lon="17.48297"><time>2026-07-30T08:54:02Z</time></trkpt><trkpt lat="49.98872" lon="17.48302"><time>2026-07-30T08:54:03Z</time></trkpt><trkpt lat="49.98879" lon="17.48306"><time>2026-07-30T08:54:04Z</time></trkpt><trkpt lat="49.98886" lon="17.48311"><time>2026-07-30T08:54:05Z</time></trkpt><trkpt lat="49.98894" lon="17.48315"><time>2026-07-30T08:54:06Z</time></trkpt><trkpt lat="49.98901" lon="17.48318"><time>2026-07-30T08:54:07Z</time></trkpt><trkpt lat="49.98908" lon="17.48323"><time>2026-07-30T08:54:08Z</time></trkpt><trkpt lat="49.98915" lon="17.48327"><time>2026-07-30T08:54:09Z</time></trkpt><trkpt lat="49.98922" lon="17.4833"><time>2026-07-30T08:54:10Z</time></trkpt><trkpt lat="49.98929" lon="17.48334"><time>2026-07-30T08:54:11Z</time></trkpt><trkpt lat="49.98938" lon="17.48338"><time>2026-07-30T08:54:12Z</time></trkpt><trkpt lat="49.98946" lon="17.48341"><time>2026-07-30T08:54:13Z</time></trkpt><trkpt lat="49.98955" lon="17.48344"><time>2026-07-30T08:54:14Z</time></trkpt><trkpt lat="49.98966" lon="17.48345"><time>2026-07-30T08:54:15Z</time></trkpt><trkpt lat="49.98977" lon="17.48344"><time>2026-07-30T08:54:16Z</time></trkpt><trkpt lat="49.98988" lon="17.48342"><time>2026-07-30T08:54:17Z</time></trkpt><trkpt lat="49.98996" lon="17.48339"><time>2026-07-30T08:54:18Z</time></trkpt><trkpt lat="49.99003" lon="17.48334"><time>2026-07-30T08:54:19Z</time></trkpt><trkpt lat="49.9901" lon="17.48328"><time>2026-07-30T08:54:20Z</time></trkpt><trkpt lat="49.99017" lon="17.48323"><time>2026-07-30T08:54:21Z</time></trkpt><trkpt lat="49.99023" lon="17.48319"><time>2026-07-30T08:54:22Z</time></trkpt><trkpt lat="49.99029" lon="17.48313"><time>2026-07-30T08:54:23Z</time></trkpt><trkpt lat="49.99035" lon="17.48306"><time>2026-07-30T08:54:24Z</time></trkpt><trkpt lat="49.99041" lon="17.48299"><time>2026-07-30T08:54:25Z</time></trkpt><trkpt lat="49.99047" lon="17.4829"><time>2026-07-30T08:54:26Z</time></trkpt><trkpt lat="49.99053" lon="17.48281"><time>2026-07-30T08:54:27Z</time></trkpt><trkpt lat="49.99059" lon="17.48271"><time>2026-07-30T08:54:28Z</time></trkpt><trkpt lat="49.99064" lon="17.48262"><time>2026-07-30T08:54:29Z</time></trkpt><trkpt lat="49.99068" lon="17.48253"><time>2026-07-30T08:54:30Z</time></trkpt><trkpt lat="49.99072" lon="17.48246"><time>2026-07-30T08:54:31Z</time></trkpt><trkpt lat="49.99076" lon="17.48238"><time>2026-07-30T08:54:32Z</time></trkpt><trkpt lat="49.99081" lon="17.48231"><time>2026-07-30T08:54:33Z</time></trkpt><trkpt lat="49.99086" lon="17.48223"><time>2026-07-30T08:54:34Z</time></trkpt><trkpt lat="49.99092" lon="17.48213"><time>2026-07-30T08:54:35Z</time></trkpt><trkpt lat="49.99099" lon="17.48202"><time>2026-07-30T08:54:36Z</time></trkpt><trkpt lat="49.99106" lon="17.48191"><time>2026-07-30T08:54:37Z</time></trkpt><trkpt lat="49.99113" lon="17.48179"><time>2026-07-30T08:54:38Z</time></trkpt><trkpt lat="49.9912" lon="17.48165"><time>2026-07-30T08:54:39Z</time></trkpt><trkpt lat="49.99128" lon="17.4815"><time>2026-07-30T08:54:40Z</time></trkpt><trkpt lat="49.99135" lon="17.48135"><time>2026-07-30T08:54:41Z</time></trkpt><trkpt lat="49.99143" lon="17.48119"><time>2026-07-30T08:54:42Z</time></trkpt><trkpt lat="49.99151" lon="17.48104"><time>2026-07-30T08:54:43Z</time></trkpt><trkpt lat="49.9916" lon="17.48089"><time>2026-07-30T08:54:44Z</time></trkpt><trkpt lat="49.99168" lon="17.48074"><time>2026-07-30T08:54:45Z</time></trkpt><trkpt lat="49.99176" lon="17.48059"><time>2026-07-30T08:54:46Z</time></trkpt><trkpt lat="49.99183" lon="17.48044"><time>2026-07-30T08:54:47Z</time></trkpt><trkpt lat="49.99191" lon="17.4803"><time>2026-07-30T08:54:48Z</time></trkpt><trkpt lat="49.99198" lon="17.48015"><time>2026-07-30T08:54:49Z</time></trkpt><trkpt lat="49.99207" lon="17.48001"><time>2026-07-30T08:54:50Z</time></trkpt><trkpt lat="49.99214" lon="17.47987"><time>2026-07-30T08:54:51Z</time></trkpt><trkpt lat="49.99222" lon="17.47974"><time>2026-07-30T08:54:52Z</time></trkpt><trkpt lat="49.9923" lon="17.47962"><time>2026-07-30T08:54:53Z</time></trkpt><trkpt lat="49.99237" lon="17.47948"><time>2026-07-30T08:54:54Z</time></trkpt><trkpt lat="49.99244" lon="17.47935"><time>2026-07-30T08:54:55Z</time></trkpt><trkpt lat="49.99251" lon="17.47922"><time>2026-07-30T08:54:56Z</time></trkpt><trkpt lat="49.99258" lon="17.47909"><time>2026-07-30T08:54:57Z</time></trkpt><trkpt lat="49.99265" lon="17.47895"><time>2026-07-30T08:54:58Z</time></trkpt><trkpt lat="49.99272" lon="17.47881"><time>2026-07-30T08:54:59Z</time></trkpt><trkpt lat="49.99277" lon="17.47868"><time>2026-07-30T08:55:00Z</time></trkpt><trkpt lat="49.99284" lon="17.47855"><time>2026-07-30T08:55:01Z</time></trkpt><trkpt lat="49.99289" lon="17.47843"><time>2026-07-30T08:55:02Z</time></trkpt><trkpt lat="49.99295" lon="17.47831"><time>2026-07-30T08:55:03Z</time></trkpt><trkpt lat="49.99301" lon="17.47819"><time>2026-07-30T08:55:04Z</time></trkpt><trkpt lat="49.99308" lon="17.47807"><time>2026-07-30T08:55:05Z</time></trkpt><trkpt lat="49.99315" lon="17.47794"><time>2026-07-30T08:55:06Z</time></trkpt><trkpt lat="49.99323" lon="17.4778"><time>2026-07-30T08:55:07Z</time></trkpt><trkpt lat="49.9933" lon="17.47765"><time>2026-07-30T08:55:08Z</time></trkpt><trkpt lat="49.99338" lon="17.4775"><time>2026-07-30T08:55:09Z</time></trkpt><trkpt lat="49.99345" lon="17.47736"><time>2026-07-30T08:55:10Z</time></trkpt><trkpt lat="49.99353" lon="17.47721"><time>2026-07-30T08:55:11Z</time></trkpt><trkpt lat="49.9936" lon="17.47708"><time>2026-07-30T08:55:12Z</time></trkpt><trkpt lat="49.99367" lon="17.47694"><time>2026-07-30T08:55:13Z</time></trkpt><trkpt lat="49.99374" lon="17.4768"><time>2026-07-30T08:55:14Z</time></trkpt><trkpt lat="49.99381" lon="17.47667"><time>2026-07-30T08:55:15Z</time></trkpt><trkpt lat="49.99388" lon="17.47653"><time>2026-07-30T08:55:16Z</time></trkpt><trkpt lat="49.99395" lon="17.4764"><time>2026-07-30T08:55:17Z</time></trkpt><trkpt lat="49.99401" lon="17.47627"><time>2026-07-30T08:55:18Z</time></trkpt><trkpt lat="49.99407" lon="17.47615"><time>2026-07-30T08:55:19Z</time></trkpt><trkpt lat="49.99413" lon="17.47604"><time>2026-07-30T08:55:20Z</time></trkpt><trkpt lat="49.9942" lon="17.47591"><time>2026-07-30T08:55:21Z</time></trkpt><trkpt lat="49.99426" lon="17.4758"><time>2026-07-30T08:55:22Z</time></trkpt><trkpt lat="49.99433" lon="17.47569"><time>2026-07-30T08:55:23Z</time></trkpt><trkpt lat="49.9944" lon="17.47558"><time>2026-07-30T08:55:24Z</time></trkpt><trkpt lat="49.99447" lon="17.4755"><time>2026-07-30T08:55:25Z</time></trkpt><trkpt lat="49.99454" lon="17.47543"><time>2026-07-30T08:55:26Z</time></trkpt><trkpt lat="49.99461" lon="17.47538"><time>2026-07-30T08:55:27Z</time></trkpt><trkpt lat="49.99467" lon="17.47536"><time>2026-07-30T08:55:28Z</time></trkpt><trkpt lat="49.99471" lon="17.47534"><time>2026-07-30T08:55:29Z</time></trkpt><trkpt lat="49.99476" lon="17.47533"><time>2026-07-30T08:55:30Z</time></trkpt><trkpt lat="49.9948" lon="17.47532"><time>2026-07-30T08:55:31Z</time></trkpt><trkpt lat="49.99484" lon="17.47531"><time>2026-07-30T08:55:32Z</time></trkpt><trkpt lat="49.99488" lon="17.47531"><time>2026-07-30T08:55:33Z</time></trkpt><trkpt lat="49.99491" lon="17.4753"><time>2026-07-30T08:55:34Z</time></trkpt><trkpt lat="49.99494" lon="17.47529"><time>2026-07-30T08:55:35Z</time></trkpt><trkpt lat="49.99498" lon="17.47529"><time>2026-07-30T08:55:36Z</time></trkpt><trkpt lat="49.99501" lon="17.47529"><time>2026-07-30T08:55:37Z</time></trkpt><trkpt lat="49.99504" lon="17.47528"><time>2026-07-30T08:55:38Z</time></trkpt><trkpt lat="49.99507" lon="17.47528"><time>2026-07-30T08:55:39Z</time></trkpt><trkpt lat="49.9951" lon="17.47526"><time>2026-07-30T08:55:40Z</time></trkpt><trkpt lat="49.99514" lon="17.47525"><time>2026-07-30T08:55:41Z</time></trkpt><trkpt lat="49.99517" lon="17.47522"><time>2026-07-30T08:55:42Z</time></trkpt><trkpt lat="49.9952" lon="17.47517"><time>2026-07-30T08:55:43Z</time></trkpt><trkpt lat="49.99523" lon="17.4751"><time>2026-07-30T08:55:44Z</time></trkpt><trkpt lat="49.99525" lon="17.47503"><time>2026-07-30T08:55:45Z</time></trkpt><trkpt lat="49.99527" lon="17.47496"><time>2026-07-30T08:55:46Z</time></trkpt><trkpt lat="49.99528" lon="17.47488"><time>2026-07-30T08:55:47Z</time></trkpt><trkpt lat="49.99529" lon="17.47481"><time>2026-07-30T08:55:48Z</time></trkpt><trkpt lat="49.9953" lon="17.47472"><time>2026-07-30T08:55:49Z</time></trkpt><trkpt lat="49.99531" lon="17.47462"><time>2026-07-30T08:55:50Z</time></trkpt><trkpt lat="49.99532" lon="17.47453"><time>2026-07-30T08:55:51Z</time></trkpt><trkpt lat="49.99532" lon="17.47442"><time>2026-07-30T08:55:52Z</time></trkpt><trkpt lat="49.99532" lon="17.47432"><time>2026-07-30T08:55:53Z</time></trkpt><trkpt lat="49.99532" lon="17.47421"><time>2026-07-30T08:55:54Z</time></trkpt><trkpt lat="49.99529" lon="17.47411"><time>2026-07-30T08:55:55Z</time></trkpt><trkpt lat="49.99528" lon="17.474"><time>2026-07-30T08:55:56Z</time></trkpt><trkpt lat="49.99528" lon="17.47391"><time>2026-07-30T08:55:57Z</time></trkpt><trkpt lat="49.99531" lon="17.47387"><time>2026-07-30T08:55:58Z</time></trkpt><trkpt lat="49.99534" lon="17.47381"><time>2026-07-30T08:55:59Z</time></trkpt><trkpt lat="49.99538" lon="17.47376"><time>2026-07-30T08:56:00Z</time></trkpt><trkpt lat="49.99543" lon="17.47373"><time>2026-07-30T08:56:01Z</time></trkpt><trkpt lat="49.99547" lon="17.47371"><time>2026-07-30T08:56:02Z</time></trkpt><trkpt lat="49.99552" lon="17.4737"><time>2026-07-30T08:56:03Z</time></trkpt><trkpt lat="49.99556" lon="17.4737"><time>2026-07-30T08:56:04Z</time></trkpt><trkpt lat="49.99561" lon="17.4737"><time>2026-07-30T08:56:05Z</time></trkpt><trkpt lat="49.99566" lon="17.47369"><time>2026-07-30T08:56:06Z</time></trkpt><trkpt lat="49.9957" lon="17.47367"><time>2026-07-30T08:56:07Z</time></trkpt><trkpt lat="49.99573" lon="17.47362"><time>2026-07-30T08:56:08Z</time></trkpt><trkpt lat="49.99576" lon="17.47358"><time>2026-07-30T08:56:09Z</time></trkpt><trkpt lat="49.99576" lon="17.4735"><time>2026-07-30T08:56:10Z</time></trkpt><trkpt lat="49.99574" lon="17.47341"><time>2026-07-30T08:56:11Z</time></trkpt><trkpt lat="49.9957" lon="17.47335"><time>2026-07-30T08:56:12Z</time></trkpt><trkpt lat="49.99566" lon="17.47329"><time>2026-07-30T08:56:13Z</time></trkpt><trkpt lat="49.99562" lon="17.47324"><time>2026-07-30T08:56:14Z</time></trkpt><trkpt lat="49.99558" lon="17.47318"><time>2026-07-30T08:56:15Z</time></trkpt><trkpt lat="49.99555" lon="17.47313"><time>2026-07-30T08:56:16Z</time></trkpt><trkpt lat="49.99553" lon="17.47307"><time>2026-07-30T08:56:17Z</time></trkpt><trkpt lat="49.99551" lon="17.47302"><time>2026-07-30T08:56:18Z</time></trkpt><trkpt lat="49.99551" lon="17.47295"><time>2026-07-30T08:56:19Z</time></trkpt><trkpt lat="49.9955" lon="17.4729"><time>2026-07-30T08:56:20Z</time></trkpt><trkpt lat="49.99548" lon="17.47284"><time>2026-07-30T08:56:21Z</time></trkpt><trkpt lat="49.99547" lon="17.4728"><time>2026-07-30T08:56:22Z</time></trkpt><trkpt lat="49.99545" lon="17.47277"><time>2026-07-30T08:56:23Z</time></trkpt><trkpt lat="49.99542" lon="17.47274"><time>2026-07-30T08:56:24Z</time></trkpt><trkpt lat="49.9954" lon="17.47271"><time>2026-07-30T08:56:25Z</time></trkpt><trkpt lat="49.99538" lon="17.47267"><time>2026-07-30T08:56:26Z</time></trkpt><trkpt lat="49.99536" lon="17.47264"><time>2026-07-30T08:56:27Z</time></trkpt><trkpt lat="49.99534" lon="17.47261"><time>2026-07-30T08:56:28Z</time></trkpt><trkpt lat="49.99532" lon="17.47258"><time>2026-07-30T08:56:29Z</time></trkpt><trkpt lat="49.99529" lon="17.47255"><time>2026-07-30T08:56:30Z</time></trkpt><trkpt lat="49.99526" lon="17.4725"><time>2026-07-30T08:56:31Z</time></trkpt><trkpt lat="49.99523" lon="17.47246"><time>2026-07-30T08:56:32Z</time></trkpt><trkpt lat="49.99518" lon="17.47245"><time>2026-07-30T08:56:33Z</time></trkpt><trkpt lat="49.99514" lon="17.47247"><time>2026-07-30T08:56:34Z</time></trkpt><trkpt lat="49.99512" lon="17.47252"><time>2026-07-30T08:56:35Z</time></trkpt><trkpt lat="49.99512" lon="17.47258"><time>2026-07-30T08:56:36Z</time></trkpt><trkpt lat="49.99513" lon="17.47262"><time>2026-07-30T08:56:37Z</time></trkpt><trkpt lat="49.99516" lon="17.47268"><time>2026-07-30T08:56:38Z</time></trkpt><trkpt lat="49.99519" lon="17.47272"><time>2026-07-30T08:56:39Z</time></trkpt><trkpt lat="49.99523" lon="17.47275"><time>2026-07-30T08:56:40Z</time></trkpt><trkpt lat="49.99525" lon="17.47279"><time>2026-07-30T08:56:41Z</time></trkpt><trkpt lat="49.99526" lon="17.47283"><time>2026-07-30T08:56:42Z</time></trkpt><trkpt lat="49.99525" lon="17.47288"><time>2026-07-30T08:56:43Z</time></trkpt><trkpt lat="49.99524" lon="17.47291"><time>2026-07-30T08:56:44Z</time></trkpt><trkpt lat="49.99523" lon="17.47292"><time>2026-07-30T08:56:45Z</time></trkpt><trkpt lat="49.99522" lon="17.47291"><time>2026-07-30T08:57:53Z</time></trkpt><trkpt lat="49.99521" lon="17.4729"><time>2026-07-30T08:57:54Z</time></trkpt><trkpt lat="49.99521" lon="17.47292"><time>2026-07-30T08:57:59Z</time></trkpt><trkpt lat="49.9952" lon="17.47293"><time>2026-07-30T08:58:00Z</time></trkpt><trkpt lat="49.99523" lon="17.47293"><time>2026-07-30T08:58:26Z</time></trkpt><trkpt lat="49.99524" lon="17.47292"><time>2026-07-30T08:58:27Z</time></trkpt><trkpt lat="49.99525" lon="17.4729"><time>2026-07-30T08:58:28Z</time></trkpt><trkpt lat="49.99531" lon="17.47279"><time>2026-07-30T08:58:38Z</time></trkpt><trkpt lat="49.99536" lon="17.47275"><time>2026-07-30T08:58:44Z</time></trkpt><trkpt lat="49.99538" lon="17.47275"><time>2026-07-30T08:58:45Z</time></trkpt><trkpt lat="49.9954" lon="17.47275"><time>2026-07-30T08:58:46Z</time></trkpt><trkpt lat="49.99538" lon="17.47274"><time>2026-07-30T08:58:47Z</time></trkpt><trkpt lat="49.99538" lon="17.47273"><time>2026-07-30T08:58:48Z</time></trkpt><trkpt lat="49.9954" lon="17.47272"><time>2026-07-30T08:58:49Z</time></trkpt><trkpt lat="49.99541" lon="17.47272"><time>2026-07-30T08:58:50Z</time></trkpt><trkpt lat="49.99542" lon="17.47272"><time>2026-07-30T08:58:51Z</time></trkpt><trkpt lat="49.99544" lon="17.47276"><time>2026-07-30T08:58:52Z</time></trkpt><trkpt lat="49.99544" lon="17.47277"><time>2026-07-30T08:58:53Z</time></trkpt><trkpt lat="49.99545" lon="17.47277"><time>2026-07-30T08:58:54Z</time></trkpt><trkpt lat="49.99545" lon="17.47277"><time>2026-07-30T08:58:55Z</time></trkpt><trkpt lat="49.99546" lon="17.47277"><time>2026-07-30T08:58:56Z</time></trkpt><trkpt lat="49.99548" lon="17.47278"><time>2026-07-30T08:58:57Z</time></trkpt><trkpt lat="49.99549" lon="17.4728"><time>2026-07-30T08:58:58Z</time></trkpt><trkpt lat="49.9955" lon="17.47281"><time>2026-07-30T08:58:59Z</time></trkpt><trkpt lat="49.99552" lon="17.47282"><time>2026-07-30T08:59:00Z</time></trkpt><trkpt lat="49.99555" lon="17.47285"><time>2026-07-30T08:59:05Z</time></trkpt><trkpt lat="49.99564" lon="17.47268"><time>2026-07-30T08:59:57Z</time></trkpt><trkpt lat="49.99562" lon="17.47261"><time>2026-07-30T09:00:10Z</time></trkpt><trkpt lat="49.99562" lon="17.47259"><time>2026-07-30T09:00:11Z</time></trkpt><trkpt lat="49.99561" lon="17.47259"><time>2026-07-30T09:00:12Z</time></trkpt><trkpt lat="49.99559" lon="17.47258"><time>2026-07-30T09:00:13Z</time></trkpt><trkpt lat="49.99553" lon="17.47284"><time>2026-07-30T09:00:14Z</time></trkpt><trkpt lat="49.99552" lon="17.47284"><time>2026-07-30T09:00:15Z</time></trkpt><trkpt lat="49.99552" lon="17.47286"><time>2026-07-30T09:00:16Z</time></trkpt><trkpt lat="49.99551" lon="17.47288"><time>2026-07-30T09:00:17Z</time></trkpt><trkpt lat="49.99551" lon="17.4729"><time>2026-07-30T09:00:18Z</time></trkpt><trkpt lat="49.9955" lon="17.47292"><time>2026-07-30T09:00:19Z</time></trkpt><trkpt lat="49.9955" lon="17.47294"><time>2026-07-30T09:00:20Z</time></trkpt><trkpt lat="49.99549" lon="17.47295"><time>2026-07-30T09:00:21Z</time></trkpt><trkpt lat="49.99549" lon="17.47298"><time>2026-07-30T09:00:22Z</time></trkpt><trkpt lat="49.99548" lon="17.47299"><time>2026-07-30T09:00:23Z</time></trkpt><trkpt lat="49.99547" lon="17.473"><time>2026-07-30T09:00:24Z</time></trkpt><trkpt lat="49.99546" lon="17.47301"><time>2026-07-30T09:00:25Z</time></trkpt><trkpt lat="49.99545" lon="17.47302"><time>2026-07-30T09:00:26Z</time></trkpt><trkpt lat="49.99544" lon="17.47303"><time>2026-07-30T09:00:27Z</time></trkpt><trkpt lat="49.99542" lon="17.47303"><time>2026-07-30T09:00:28Z</time></trkpt><trkpt lat="49.99541" lon="17.47303"><time>2026-07-30T09:00:29Z</time></trkpt><trkpt lat="49.9954" lon="17.47303"><time>2026-07-30T09:00:30Z</time></trkpt><trkpt lat="49.99539" lon="17.47304"><time>2026-07-30T09:00:31Z</time></trkpt><trkpt lat="49.99538" lon="17.47305"><time>2026-07-30T09:00:32Z</time></trkpt><trkpt lat="49.99537" lon="17.47305"><time>2026-07-30T09:00:33Z</time></trkpt><trkpt lat="49.99535" lon="17.47305"><time>2026-07-30T09:00:34Z</time></trkpt><trkpt lat="49.99534" lon="17.47305"><time>2026-07-30T09:00:35Z</time></trkpt><trkpt lat="49.99533" lon="17.47304"><time>2026-07-30T09:00:36Z</time></trkpt><trkpt lat="49.99532" lon="17.47303"><time>2026-07-30T09:00:37Z</time></trkpt><trkpt lat="49.99531" lon="17.47301"><time>2026-07-30T09:00:38Z</time></trkpt><trkpt lat="49.9953" lon="17.473"><time>2026-07-30T09:00:39Z</time></trkpt><trkpt lat="49.99529" lon="17.47299"><time>2026-07-30T09:00:40Z</time></trkpt><trkpt lat="49.99528" lon="17.47298"><time>2026-07-30T09:00:41Z</time></trkpt><trkpt lat="49.99527" lon="17.47297"><time>2026-07-30T09:00:42Z</time></trkpt><trkpt lat="49.99526" lon="17.47297"><time>2026-07-30T09:00:43Z</time></trkpt><trkpt lat="49.99524" lon="17.47296"><time>2026-07-30T09:00:44Z</time></trkpt><trkpt lat="49.99523" lon="17.47296"><time>2026-07-30T09:00:45Z</time></trkpt><trkpt lat="49.99522" lon="17.47296"><time>2026-07-30T09:00:46Z</time></trkpt><trkpt lat="49.99522" lon="17.47293"><time>2026-07-30T09:01:34Z</time></trkpt><trkpt lat="49.99521" lon="17.47291"><time>2026-07-30T09:01:35Z</time></trkpt><trkpt lat="49.9952" lon="17.4729"><time>2026-07-30T09:01:37Z</time></trkpt><trkpt lat="49.99522" lon="17.47291"><time>2026-07-30T09:06:04Z</time></trkpt><trkpt lat="49.99525" lon="17.47294"><time>2026-07-30T09:06:05Z</time></trkpt><trkpt lat="49.99526" lon="17.47298"><time>2026-07-30T09:06:06Z</time></trkpt><trkpt lat="49.99526" lon="17.473"><time>2026-07-30T09:06:07Z</time></trkpt><trkpt lat="49.99527" lon="17.47299"><time>2026-07-30T09:06:08Z</time></trkpt><trkpt lat="49.99529" lon="17.47297"><time>2026-07-30T09:06:09Z</time></trkpt><trkpt lat="49.99529" lon="17.47297"><time>2026-07-30T09:06:10Z</time></trkpt><trkpt lat="49.9953" lon="17.47296"><time>2026-07-30T09:06:11Z</time></trkpt><trkpt lat="49.99531" lon="17.47296"><time>2026-07-30T09:06:12Z</time></trkpt><trkpt lat="49.99532" lon="17.47294"><time>2026-07-30T09:06:14Z</time></trkpt><trkpt lat="49.99533" lon="17.47294"><time>2026-07-30T09:06:15Z</time></trkpt><trkpt lat="49.99534" lon="17.47292"><time>2026-07-30T09:06:16Z</time></trkpt><trkpt lat="49.99535" lon="17.4729"><time>2026-07-30T09:06:17Z</time></trkpt><trkpt lat="49.99535" lon="17.47289"><time>2026-07-30T09:06:18Z</time></trkpt><trkpt lat="49.99536" lon="17.47286"><time>2026-07-30T09:06:19Z</time></trkpt><trkpt lat="49.99537" lon="17.47285"><time>2026-07-30T09:06:20Z</time></trkpt><trkpt lat="49.99538" lon="17.47284"><time>2026-07-30T09:06:21Z</time></trkpt><trkpt lat="49.99539" lon="17.47283"><time>2026-07-30T09:06:22Z</time></trkpt><trkpt lat="49.9954" lon="17.47282"><time>2026-07-30T09:06:23Z</time></trkpt><trkpt lat="49.99541" lon="17.47282"><time>2026-07-30T09:06:24Z</time></trkpt><trkpt lat="49.99541" lon="17.47282"><time>2026-07-30T09:06:25Z</time></trkpt><trkpt lat="49.99542" lon="17.47281"><time>2026-07-30T09:06:26Z</time></trkpt><trkpt lat="49.99543" lon="17.47281"><time>2026-07-30T09:06:27Z</time></trkpt><trkpt lat="49.99544" lon="17.47281"><time>2026-07-30T09:06:28Z</time></trkpt><trkpt lat="49.99545" lon="17.4728"><time>2026-07-30T09:06:29Z</time></trkpt><trkpt lat="49.99545" lon="17.4728"><time>2026-07-30T09:06:30Z</time></trkpt><trkpt lat="49.99546" lon="17.47279"><time>2026-07-30T09:06:31Z</time></trkpt><trkpt lat="49.99547" lon="17.47279"><time>2026-07-30T09:06:32Z</time></trkpt><trkpt lat="49.99547" lon="17.47278"><time>2026-07-30T09:06:33Z</time></trkpt><trkpt lat="49.99547" lon="17.47277"><time>2026-07-30T09:06:34Z</time></trkpt><trkpt lat="49.99548" lon="17.47276"><time>2026-07-30T09:06:35Z</time></trkpt><trkpt lat="49.99548" lon="17.47274"><time>2026-07-30T09:06:36Z</time></trkpt><trkpt lat="49.99548" lon="17.47273"><time>2026-07-30T09:06:37Z</time></trkpt><trkpt lat="49.99549" lon="17.47272"><time>2026-07-30T09:06:38Z</time></trkpt><trkpt lat="49.99549" lon="17.47271"><time>2026-07-30T09:06:39Z</time></trkpt><trkpt lat="49.99549" lon="17.4727"><time>2026-07-30T09:06:40Z</time></trkpt><trkpt lat="49.99548" lon="17.47271"><time>2026-07-30T09:06:41Z</time></trkpt><trkpt lat="49.99547" lon="17.47272"><time>2026-07-30T09:06:42Z</time></trkpt><trkpt lat="49.99547" lon="17.47273"><time>2026-07-30T09:06:43Z</time></trkpt><trkpt lat="49.99546" lon="17.47274"><time>2026-07-30T09:06:44Z</time></trkpt><trkpt lat="49.99546" lon="17.47275"><time>2026-07-30T09:06:45Z</time></trkpt><trkpt lat="49.99545" lon="17.47276"><time>2026-07-30T09:06:46Z</time></trkpt><trkpt lat="49.99544" lon="17.47276"><time>2026-07-30T09:06:47Z</time></trkpt><trkpt lat="49.99544" lon="17.47276"><time>2026-07-30T09:06:48Z</time></trkpt><trkpt lat="49.99544" lon="17.47277"><time>2026-07-30T09:06:49Z</time></trkpt><trkpt lat="49.99544" lon="17.47277"><time>2026-07-30T09:06:50Z</time></trkpt><trkpt lat="49.99545" lon="17.47276"><time>2026-07-30T09:06:51Z</time></trkpt><trkpt lat="49.99545" lon="17.47273"><time>2026-07-30T09:06:52Z</time></trkpt><trkpt lat="49.99544" lon="17.47272"><time>2026-07-30T09:06:53Z</time></trkpt><trkpt lat="49.99542" lon="17.47271"><time>2026-07-30T09:06:54Z</time></trkpt><trkpt lat="49.99541" lon="17.4727"><time>2026-07-30T09:06:55Z</time></trkpt><trkpt lat="49.99539" lon="17.47269"><time>2026-07-30T09:06:56Z</time></trkpt><trkpt lat="49.99538" lon="17.47269"><time>2026-07-30T09:06:57Z</time></trkpt><trkpt lat="49.99537" lon="17.47269"><time>2026-07-30T09:06:58Z</time></trkpt><trkpt lat="49.99535" lon="17.4727"><time>2026-07-30T09:06:59Z</time></trkpt><trkpt lat="49.99534" lon="17.47271"><time>2026-07-30T09:07:00Z</time></trkpt><trkpt lat="49.99533" lon="17.47271"><time>2026-07-30T09:07:01Z</time></trkpt><trkpt lat="49.99532" lon="17.47272"><time>2026-07-30T09:07:02Z</time></trkpt><trkpt lat="49.99531" lon="17.47272"><time>2026-07-30T09:07:03Z</time></trkpt><trkpt lat="49.99525" lon="17.47283"><time>2026-07-30T09:07:13Z</time></trkpt><trkpt lat="49.99525" lon="17.47284"><time>2026-07-30T09:07:14Z</time></trkpt><trkpt lat="49.99525" lon="17.47286"><time>2026-07-30T09:07:15Z</time></trkpt><trkpt lat="49.99524" lon="17.47288"><time>2026-07-30T09:07:16Z</time></trkpt><trkpt lat="49.99522" lon="17.47299"><time>2026-07-30T09:07:32Z</time></trkpt><trkpt lat="49.99522" lon="17.47289"><time>2026-07-30T09:09:58Z</time></trkpt><trkpt lat="49.99526" lon="17.47292"><time>2026-07-30T09:09:59Z</time></trkpt><trkpt lat="49.9953" lon="17.47295"><time>2026-07-30T09:10:00Z</time></trkpt><trkpt lat="49.99535" lon="17.473"><time>2026-07-30T09:10:01Z</time></trkpt><trkpt lat="49.9954" lon="17.47305"><time>2026-07-30T09:10:02Z</time></trkpt><trkpt lat="49.99546" lon="17.4731"><time>2026-07-30T09:10:03Z</time></trkpt><trkpt lat="49.99553" lon="17.47315"><time>2026-07-30T09:10:04Z</time></trkpt><trkpt lat="49.99558" lon="17.47321"><time>2026-07-30T09:10:05Z</time></trkpt><trkpt lat="49.99562" lon="17.47325"><time>2026-07-30T09:10:06Z</time></trkpt><trkpt lat="49.99566" lon="17.4733"><time>2026-07-30T09:10:07Z</time></trkpt><trkpt lat="49.99569" lon="17.47334"><time>2026-07-30T09:10:08Z</time></trkpt><trkpt lat="49.99572" lon="17.47339"><time>2026-07-30T09:10:09Z</time></trkpt><trkpt lat="49.99574" lon="17.47344"><time>2026-07-30T09:10:10Z</time></trkpt><trkpt lat="49.99574" lon="17.4735"><time>2026-07-30T09:10:11Z</time></trkpt><trkpt lat="49.99574" lon="17.47355"><time>2026-07-30T09:10:12Z</time></trkpt><trkpt lat="49.99572" lon="17.47359"><time>2026-07-30T09:10:13Z</time></trkpt><trkpt lat="49.99571" lon="17.47363"><time>2026-07-30T09:10:14Z</time></trkpt><trkpt lat="49.99569" lon="17.47365"><time>2026-07-30T09:10:15Z</time></trkpt><trkpt lat="49.99568" lon="17.47366"><time>2026-07-30T09:10:16Z</time></trkpt><trkpt lat="49.99567" lon="17.47367"><time>2026-07-30T09:10:17Z</time></trkpt><trkpt lat="49.99565" lon="17.47369"><time>2026-07-30T09:10:22Z</time></trkpt><trkpt lat="49.99563" lon="17.47367"><time>2026-07-30T09:10:23Z</time></trkpt><trkpt lat="49.99558" lon="17.47364"><time>2026-07-30T09:10:24Z</time></trkpt><trkpt lat="49.99553" lon="17.47358"><time>2026-07-30T09:10:25Z</time></trkpt><trkpt lat="49.99547" lon="17.47351"><time>2026-07-30T09:10:26Z</time></trkpt><trkpt lat="49.99541" lon="17.47342"><time>2026-07-30T09:10:27Z</time></trkpt><trkpt lat="49.99536" lon="17.47335"><time>2026-07-30T09:10:28Z</time></trkpt><trkpt lat="49.9953" lon="17.47326"><time>2026-07-30T09:10:29Z</time></trkpt><trkpt lat="49.99523" lon="17.47317"><time>2026-07-30T09:10:30Z</time></trkpt><trkpt lat="49.99516" lon="17.47307"><time>2026-07-30T09:10:31Z</time></trkpt><trkpt lat="49.99508" lon="17.47298"><time>2026-07-30T09:10:32Z</time></trkpt><trkpt lat="49.995" lon="17.47287"><time>2026-07-30T09:10:33Z</time></trkpt><trkpt lat="49.99493" lon="17.47277"><time>2026-07-30T09:10:34Z</time></trkpt><trkpt lat="49.99485" lon="17.47266"><time>2026-07-30T09:10:35Z</time></trkpt><trkpt lat="49.99476" lon="17.47255"><time>2026-07-30T09:10:36Z</time></trkpt><trkpt lat="49.99468" lon="17.47244"><time>2026-07-30T09:10:37Z</time></trkpt><trkpt lat="49.99459" lon="17.47233"><time>2026-07-30T09:10:38Z</time></trkpt><trkpt lat="49.9945" lon="17.47222"><time>2026-07-30T09:10:39Z</time></trkpt><trkpt lat="49.99441" lon="17.47211"><time>2026-07-30T09:10:40Z</time></trkpt><trkpt lat="49.99432" lon="17.472"><time>2026-07-30T09:10:41Z</time></trkpt><trkpt lat="49.99422" lon="17.47189"><time>2026-07-30T09:10:42Z</time></trkpt><trkpt lat="49.99412" lon="17.47178"><time>2026-07-30T09:10:43Z</time></trkpt><trkpt lat="49.99402" lon="17.47167"><time>2026-07-30T09:10:44Z</time></trkpt><trkpt lat="49.99392" lon="17.47156"><time>2026-07-30T09:10:45Z</time></trkpt><trkpt lat="49.99382" lon="17.47146"><time>2026-07-30T09:10:46Z</time></trkpt><trkpt lat="49.99372" lon="17.47137"><time>2026-07-30T09:10:47Z</time></trkpt><trkpt lat="49.99363" lon="17.47129"><time>2026-07-30T09:10:48Z</time></trkpt><trkpt lat="49.99353" lon="17.4712"><time>2026-07-30T09:10:49Z</time></trkpt><trkpt lat="49.99343" lon="17.47112"><time>2026-07-30T09:10:50Z</time></trkpt><trkpt lat="49.99334" lon="17.47104"><time>2026-07-30T09:10:51Z</time></trkpt><trkpt lat="49.99324" lon="17.47095"><time>2026-07-30T09:10:52Z</time></trkpt><trkpt lat="49.99313" lon="17.47087"><time>2026-07-30T09:10:53Z</time></trkpt><trkpt lat="49.99302" lon="17.47079"><time>2026-07-30T09:10:54Z</time></trkpt><trkpt lat="49.99291" lon="17.47071"><time>2026-07-30T09:10:55Z</time></trkpt><trkpt lat="49.9928" lon="17.47063"><time>2026-07-30T09:10:56Z</time></trkpt><trkpt lat="49.99269" lon="17.47055"><time>2026-07-30T09:10:57Z</time></trkpt><trkpt lat="49.99259" lon="17.47047"><time>2026-07-30T09:10:58Z</time></trkpt><trkpt lat="49.99249" lon="17.47039"><time>2026-07-30T09:10:59Z</time></trkpt><trkpt lat="49.99239" lon="17.47031"><time>2026-07-30T09:11:00Z</time></trkpt><trkpt lat="49.99229" lon="17.47024"><time>2026-07-30T09:11:01Z</time></trkpt><trkpt lat="49.99219" lon="17.47017"><time>2026-07-30T09:11:02Z</time></trkpt><trkpt lat="49.99209" lon="17.47009"><time>2026-07-30T09:11:03Z</time></trkpt><trkpt lat="49.99198" lon="17.47002"><time>2026-07-30T09:11:04Z</time></trkpt><trkpt lat="49.99187" lon="17.46994"><time>2026-07-30T09:11:05Z</time></trkpt><trkpt lat="49.99175" lon="17.46986"><time>2026-07-30T09:11:06Z</time></trkpt><trkpt lat="49.99163" lon="17.46978"><time>2026-07-30T09:11:07Z</time></trkpt><trkpt lat="49.99152" lon="17.46971"><time>2026-07-30T09:11:08Z</time></trkpt><trkpt lat="49.99141" lon="17.46964"><time>2026-07-30T09:11:09Z</time></trkpt><trkpt lat="49.99131" lon="17.46956"><time>2026-07-30T09:11:10Z</time></trkpt><trkpt lat="49.99121" lon="17.46949"><time>2026-07-30T09:11:11Z</time></trkpt><trkpt lat="49.99112" lon="17.46942"><time>2026-07-30T09:11:12Z</time></trkpt><trkpt lat="49.99103" lon="17.46936"><time>2026-07-30T09:11:13Z</time></trkpt><trkpt lat="49.99094" lon="17.46928"><time>2026-07-30T09:11:14Z</time></trkpt><trkpt lat="49.99087" lon="17.46919"><time>2026-07-30T09:11:15Z</time></trkpt><trkpt lat="49.99082" lon="17.46907"><time>2026-07-30T09:11:16Z</time></trkpt><trkpt lat="49.9908" lon="17.46893"><time>2026-07-30T09:11:17Z</time></trkpt><trkpt lat="49.99079" lon="17.46878"><time>2026-07-30T09:11:18Z</time></trkpt><trkpt lat="49.99081" lon="17.46863"><time>2026-07-30T09:11:19Z</time></trkpt><trkpt lat="49.99086" lon="17.46848"><time>2026-07-30T09:11:20Z</time></trkpt><trkpt lat="49.99092" lon="17.46834"><time>2026-07-30T09:11:21Z</time></trkpt><trkpt lat="49.99099" lon="17.46822"><time>2026-07-30T09:11:22Z</time></trkpt><trkpt lat="49.99107" lon="17.46809"><time>2026-07-30T09:11:23Z</time></trkpt><trkpt lat="49.99115" lon="17.46797"><time>2026-07-30T09:11:24Z</time></trkpt><trkpt lat="49.99124" lon="17.46784"><time>2026-07-30T09:11:25Z</time></trkpt><trkpt lat="49.99132" lon="17.4677"><time>2026-07-30T09:11:26Z</time></trkpt><trkpt lat="49.99141" lon="17.46757"><time>2026-07-30T09:11:27Z</time></trkpt><trkpt lat="49.9915" lon="17.46744"><time>2026-07-30T09:11:28Z</time></trkpt><trkpt lat="49.99158" lon="17.46732"><time>2026-07-30T09:11:29Z</time></trkpt><trkpt lat="49.99166" lon="17.46719"><time>2026-07-30T09:11:30Z</time></trkpt><trkpt lat="49.99174" lon="17.46706"><time>2026-07-30T09:11:31Z</time></trkpt><trkpt lat="49.99181" lon="17.46693"><time>2026-07-30T09:11:32Z</time></trkpt><trkpt lat="49.99187" lon="17.4668"><time>2026-07-30T09:11:33Z</time></trkpt><trkpt lat="49.99193" lon="17.46666"><time>2026-07-30T09:11:34Z</time></trkpt><trkpt lat="49.99198" lon="17.4665"><time>2026-07-30T09:11:35Z</time></trkpt><trkpt lat="49.99203" lon="17.46633"><time>2026-07-30T09:11:36Z</time></trkpt><trkpt lat="49.99208" lon="17.46615"><time>2026-07-30T09:11:37Z</time></trkpt><trkpt lat="49.9921" lon="17.46596"><time>2026-07-30T09:11:38Z</time></trkpt><trkpt lat="49.99212" lon="17.46577"><time>2026-07-30T09:11:39Z</time></trkpt><trkpt lat="49.99212" lon="17.46558"><time>2026-07-30T09:11:40Z</time></trkpt><trkpt lat="49.99211" lon="17.46538"><time>2026-07-30T09:11:41Z</time></trkpt><trkpt lat="49.99208" lon="17.46517"><time>2026-07-30T09:11:42Z</time></trkpt><trkpt lat="49.99204" lon="17.46498"><time>2026-07-30T09:11:43Z</time></trkpt><trkpt lat="49.99199" lon="17.46479"><time>2026-07-30T09:11:44Z</time></trkpt><trkpt lat="49.99191" lon="17.46462"><time>2026-07-30T09:11:45Z</time></trkpt><trkpt lat="49.99183" lon="17.46444"><time>2026-07-30T09:11:46Z</time></trkpt><trkpt lat="49.99174" lon="17.46429"><time>2026-07-30T09:11:47Z</time></trkpt><trkpt lat="49.99167" lon="17.46417"><time>2026-07-30T09:11:48Z</time></trkpt><trkpt lat="49.9916" lon="17.46408"><time>2026-07-30T09:11:49Z</time></trkpt><trkpt lat="49.99155" lon="17.46404"><time>2026-07-30T09:11:50Z</time></trkpt><trkpt lat="49.9915" lon="17.464"><time>2026-07-30T09:11:51Z</time></trkpt><trkpt lat="49.99145" lon="17.46396"><time>2026-07-30T09:11:52Z</time></trkpt><trkpt lat="49.99142" lon="17.46393"><time>2026-07-30T09:11:53Z</time></trkpt><trkpt lat="49.9914" lon="17.46391"><time>2026-07-30T09:11:54Z</time></trkpt><trkpt lat="49.99137" lon="17.46388"><time>2026-07-30T09:11:55Z</time></trkpt><trkpt lat="49.99135" lon="17.46386"><time>2026-07-30T09:11:56Z</time></trkpt><trkpt lat="49.99132" lon="17.46383"><time>2026-07-30T09:11:57Z</time></trkpt><trkpt lat="49.99129" lon="17.46379"><time>2026-07-30T09:11:58Z</time></trkpt><trkpt lat="49.99123" lon="17.46374"><time>2026-07-30T09:11:59Z</time></trkpt><trkpt lat="49.99115" lon="17.46369"><time>2026-07-30T09:12:00Z</time></trkpt><trkpt lat="49.99108" lon="17.46364"><time>2026-07-30T09:12:01Z</time></trkpt><trkpt lat="49.991" lon="17.46357"><time>2026-07-30T09:12:02Z</time></trkpt><trkpt lat="49.99091" lon="17.46351"><time>2026-07-30T09:12:03Z</time></trkpt><trkpt lat="49.99083" lon="17.46346"><time>2026-07-30T09:12:04Z</time></trkpt><trkpt lat="49.99075" lon="17.4634"><time>2026-07-30T09:12:05Z</time></trkpt><trkpt lat="49.99067" lon="17.46335"><time>2026-07-30T09:12:06Z</time></trkpt><trkpt lat="49.99059" lon="17.46329"><time>2026-07-30T09:12:07Z</time></trkpt><trkpt lat="49.99049" lon="17.46323"><time>2026-07-30T09:12:08Z</time></trkpt><trkpt lat="49.99039" lon="17.46318"><time>2026-07-30T09:12:09Z</time></trkpt><trkpt lat="49.99029" lon="17.46312"><time>2026-07-30T09:12:10Z</time></trkpt><trkpt lat="49.99018" lon="17.46306"><time>2026-07-30T09:12:11Z</time></trkpt><trkpt lat="49.99008" lon="17.46301"><time>2026-07-30T09:12:12Z</time></trkpt><trkpt lat="49.98999" lon="17.46295"><time>2026-07-30T09:12:13Z</time></trkpt><trkpt lat="49.98989" lon="17.4629"><time>2026-07-30T09:12:14Z</time></trkpt><trkpt lat="49.9898" lon="17.46286"><time>2026-07-30T09:12:15Z</time></trkpt><trkpt lat="49.98972" lon="17.46281"><time>2026-07-30T09:12:16Z</time></trkpt><trkpt lat="49.98966" lon="17.46275"><time>2026-07-30T09:12:17Z</time></trkpt><trkpt lat="49.98962" lon="17.46266"><time>2026-07-30T09:12:18Z</time></trkpt><trkpt lat="49.98961" lon="17.46256"><time>2026-07-30T09:12:19Z</time></trkpt><trkpt lat="49.98962" lon="17.46246"><time>2026-07-30T09:12:20Z</time></trkpt><trkpt lat="49.98966" lon="17.46235"><time>2026-07-30T09:12:21Z</time></trkpt><trkpt lat="49.98969" lon="17.46224"><time>2026-07-30T09:12:22Z</time></trkpt><trkpt lat="49.98973" lon="17.4621"><time>2026-07-30T09:12:23Z</time></trkpt><trkpt lat="49.98977" lon="17.46196"><time>2026-07-30T09:12:24Z</time></trkpt><trkpt lat="49.98982" lon="17.4618"><time>2026-07-30T09:12:25Z</time></trkpt><trkpt lat="49.98989" lon="17.46146"><time>2026-07-30T09:12:27Z</time></trkpt><trkpt lat="49.98994" lon="17.46129"><time>2026-07-30T09:12:28Z</time></trkpt><trkpt lat="49.99" lon="17.46113"><time>2026-07-30T09:12:29Z</time></trkpt><trkpt lat="49.99005" lon="17.46097"><time>2026-07-30T09:12:30Z</time></trkpt><trkpt lat="49.9901" lon="17.46082"><time>2026-07-30T09:12:31Z</time></trkpt><trkpt lat="49.99014" lon="17.46067"><time>2026-07-30T09:12:32Z</time></trkpt><trkpt lat="49.99019" lon="17.46052"><time>2026-07-30T09:12:33Z</time></trkpt><trkpt lat="49.99024" lon="17.46039"><time>2026-07-30T09:12:34Z</time></trkpt><trkpt lat="49.99028" lon="17.46025"><time>2026-07-30T09:12:35Z</time></trkpt><trkpt lat="49.99032" lon="17.4601"><time>2026-07-30T09:12:36Z</time></trkpt><trkpt lat="49.99036" lon="17.45996"><time>2026-07-30T09:12:37Z</time></trkpt><trkpt lat="49.9904" lon="17.45981"><time>2026-07-30T09:12:38Z</time></trkpt><trkpt lat="49.99044" lon="17.45965"><time>2026-07-30T09:12:39Z</time></trkpt><trkpt lat="49.99048" lon="17.45949"><time>2026-07-30T09:12:40Z</time></trkpt><trkpt lat="49.99051" lon="17.45935"><time>2026-07-30T09:12:41Z</time></trkpt><trkpt lat="49.99055" lon="17.4592"><time>2026-07-30T09:12:42Z</time></trkpt><trkpt lat="49.99059" lon="17.45906"><time>2026-07-30T09:12:43Z</time></trkpt><trkpt lat="49.99063" lon="17.45891"><time>2026-07-30T09:12:44Z</time></trkpt><trkpt lat="49.99067" lon="17.45876"><time>2026-07-30T09:12:45Z</time></trkpt><trkpt lat="49.99071" lon="17.45861"><time>2026-07-30T09:12:46Z</time></trkpt><trkpt lat="49.99075" lon="17.45846"><time>2026-07-30T09:12:47Z</time></trkpt><trkpt lat="49.99079" lon="17.45831"><time>2026-07-30T09:12:48Z</time></trkpt><trkpt lat="49.99084" lon="17.45815"><time>2026-07-30T09:12:49Z</time></trkpt><trkpt lat="49.99088" lon="17.458"><time>2026-07-30T09:12:50Z</time></trkpt><trkpt lat="49.99092" lon="17.45784"><time>2026-07-30T09:12:51Z</time></trkpt><trkpt lat="49.99096" lon="17.45768"><time>2026-07-30T09:12:52Z</time></trkpt><trkpt lat="49.991" lon="17.45752"><time>2026-07-30T09:12:53Z</time></trkpt><trkpt lat="49.99104" lon="17.45737"><time>2026-07-30T09:12:54Z</time></trkpt><trkpt lat="49.99109" lon="17.45722"><time>2026-07-30T09:12:55Z</time></trkpt><trkpt lat="49.99113" lon="17.45708"><time>2026-07-30T09:12:56Z</time></trkpt><trkpt lat="49.99118" lon="17.45694"><time>2026-07-30T09:12:57Z</time></trkpt><trkpt lat="49.99123" lon="17.4568"><time>2026-07-30T09:12:58Z</time></trkpt><trkpt lat="49.99127" lon="17.45666"><time>2026-07-30T09:12:59Z</time></trkpt><trkpt lat="49.9913" lon="17.45652"><time>2026-07-30T09:13:00Z</time></trkpt><trkpt lat="49.99134" lon="17.45636"><time>2026-07-30T09:13:01Z</time></trkpt><trkpt lat="49.99139" lon="17.4562"><time>2026-07-30T09:13:02Z</time></trkpt><trkpt lat="49.99145" lon="17.45605"><time>2026-07-30T09:13:03Z</time></trkpt><trkpt lat="49.99152" lon="17.45592"><time>2026-07-30T09:13:04Z</time></trkpt><trkpt lat="49.9916" lon="17.4558"><time>2026-07-30T09:13:05Z</time></trkpt><trkpt lat="49.99169" lon="17.45567"><time>2026-07-30T09:13:06Z</time></trkpt><trkpt lat="49.99179" lon="17.45554"><time>2026-07-30T09:13:07Z</time></trkpt><trkpt lat="49.99188" lon="17.4554"><time>2026-07-30T09:13:08Z</time></trkpt><trkpt lat="49.99199" lon="17.45525"><time>2026-07-30T09:13:09Z</time></trkpt><trkpt lat="49.99211" lon="17.45509"><time>2026-07-30T09:13:10Z</time></trkpt><trkpt lat="49.99222" lon="17.45493"><time>2026-07-30T09:13:11Z</time></trkpt><trkpt lat="49.99234" lon="17.45478"><time>2026-07-30T09:13:12Z</time></trkpt><trkpt lat="49.99244" lon="17.45464"><time>2026-07-30T09:13:13Z</time></trkpt><trkpt lat="49.99255" lon="17.4545"><time>2026-07-30T09:13:14Z</time></trkpt><trkpt lat="49.99265" lon="17.45435"><time>2026-07-30T09:13:15Z</time></trkpt><trkpt lat="49.99274" lon="17.45422"><time>2026-07-30T09:13:16Z</time></trkpt><trkpt lat="49.99284" lon="17.45409"><time>2026-07-30T09:13:17Z</time></trkpt><trkpt lat="49.99293" lon="17.45396"><time>2026-07-30T09:13:18Z</time></trkpt><trkpt lat="49.99302" lon="17.45383"><time>2026-07-30T09:13:19Z</time></trkpt><trkpt lat="49.9931" lon="17.45371"><time>2026-07-30T09:13:20Z</time></trkpt><trkpt lat="49.99319" lon="17.45358"><time>2026-07-30T09:13:21Z</time></trkpt><trkpt lat="49.99327" lon="17.45346"><time>2026-07-30T09:13:22Z</time></trkpt><trkpt lat="49.99336" lon="17.45333"><time>2026-07-30T09:13:23Z</time></trkpt><trkpt lat="49.99345" lon="17.45321"><time>2026-07-30T09:13:24Z</time></trkpt><trkpt lat="49.99354" lon="17.45308"><time>2026-07-30T09:13:25Z</time></trkpt><trkpt lat="49.99363" lon="17.45296"><time>2026-07-30T09:13:26Z</time></trkpt><trkpt lat="49.99371" lon="17.45284"><time>2026-07-30T09:13:27Z</time></trkpt><trkpt lat="49.9938" lon="17.45272"><time>2026-07-30T09:13:28Z</time></trkpt><trkpt lat="49.99389" lon="17.45259"><time>2026-07-30T09:13:29Z</time></trkpt><trkpt lat="49.99398" lon="17.45247"><time>2026-07-30T09:13:30Z</time></trkpt><trkpt lat="49.99407" lon="17.45234"><time>2026-07-30T09:13:31Z</time></trkpt><trkpt lat="49.99416" lon="17.45221"><time>2026-07-30T09:13:32Z</time></trkpt><trkpt lat="49.99426" lon="17.45207"><time>2026-07-30T09:13:33Z</time></trkpt><trkpt lat="49.99433" lon="17.45193"><time>2026-07-30T09:13:34Z</time></trkpt><trkpt lat="49.99443" lon="17.45181"><time>2026-07-30T09:13:35Z</time></trkpt><trkpt lat="49.99452" lon="17.45168"><time>2026-07-30T09:13:36Z</time></trkpt><trkpt lat="49.99461" lon="17.45154"><time>2026-07-30T09:13:37Z</time></trkpt><trkpt lat="49.99471" lon="17.45141"><time>2026-07-30T09:13:38Z</time></trkpt><trkpt lat="49.99481" lon="17.45127"><time>2026-07-30T09:13:39Z</time></trkpt><trkpt lat="49.99491" lon="17.45113"><time>2026-07-30T09:13:40Z</time></trkpt><trkpt lat="49.995" lon="17.451"><time>2026-07-30T09:13:41Z</time></trkpt><trkpt lat="49.9951" lon="17.45087"><time>2026-07-30T09:13:42Z</time></trkpt><trkpt lat="49.99519" lon="17.45074"><time>2026-07-30T09:13:43Z</time></trkpt><trkpt lat="49.99528" lon="17.45061"><time>2026-07-30T09:13:44Z</time></trkpt><trkpt lat="49.99537" lon="17.45048"><time>2026-07-30T09:13:45Z</time></trkpt><trkpt lat="49.99547" lon="17.45035"><time>2026-07-30T09:13:46Z</time></trkpt><trkpt lat="49.99556" lon="17.45022"><time>2026-07-30T09:13:47Z</time></trkpt><trkpt lat="49.99566" lon="17.45009"><time>2026-07-30T09:13:48Z</time></trkpt><trkpt lat="49.99577" lon="17.44995"><time>2026-07-30T09:13:49Z</time></trkpt><trkpt lat="49.99586" lon="17.4498"><time>2026-07-30T09:13:50Z</time></trkpt><trkpt lat="49.99596" lon="17.44968"><time>2026-07-30T09:13:51Z</time></trkpt><trkpt lat="49.99606" lon="17.44953"><time>2026-07-30T09:13:52Z</time></trkpt><trkpt lat="49.99616" lon="17.44939"><time>2026-07-30T09:13:53Z</time></trkpt><trkpt lat="49.99627" lon="17.44926"><time>2026-07-30T09:13:54Z</time></trkpt><trkpt lat="49.99638" lon="17.44913"><time>2026-07-30T09:13:55Z</time></trkpt><trkpt lat="49.99649" lon="17.449"><time>2026-07-30T09:13:56Z</time></trkpt><trkpt lat="49.9966" lon="17.44888"><time>2026-07-30T09:13:57Z</time></trkpt><trkpt lat="49.99672" lon="17.44877"><time>2026-07-30T09:13:58Z</time></trkpt><trkpt lat="49.99684" lon="17.44866"><time>2026-07-30T09:13:59Z</time></trkpt><trkpt lat="49.99698" lon="17.44856"><time>2026-07-30T09:14:00Z</time></trkpt><trkpt lat="49.99712" lon="17.44846"><time>2026-07-30T09:14:01Z</time></trkpt><trkpt lat="49.99727" lon="17.44837"><time>2026-07-30T09:14:02Z</time></trkpt><trkpt lat="49.99742" lon="17.44828"><time>2026-07-30T09:14:03Z</time></trkpt><trkpt lat="49.99758" lon="17.44819"><time>2026-07-30T09:14:04Z</time></trkpt><trkpt lat="49.99774" lon="17.44808"><time>2026-07-30T09:14:05Z</time></trkpt><trkpt lat="49.99791" lon="17.44798"><time>2026-07-30T09:14:06Z</time></trkpt><trkpt lat="49.99807" lon="17.44789"><time>2026-07-30T09:14:07Z</time></trkpt><trkpt lat="49.99823" lon="17.44779"><time>2026-07-30T09:14:08Z</time></trkpt><trkpt lat="49.99838" lon="17.44769"><time>2026-07-30T09:14:09Z</time></trkpt><trkpt lat="49.99854" lon="17.44758"><time>2026-07-30T09:14:10Z</time></trkpt><trkpt lat="49.9987" lon="17.44746"><time>2026-07-30T09:14:11Z</time></trkpt><trkpt lat="49.99885" lon="17.44733"><time>2026-07-30T09:14:12Z</time></trkpt><trkpt lat="49.99899" lon="17.4472"><time>2026-07-30T09:14:13Z</time></trkpt><trkpt lat="49.99913" lon="17.44707"><time>2026-07-30T09:14:14Z</time></trkpt><trkpt lat="49.99927" lon="17.44693"><time>2026-07-30T09:14:15Z</time></trkpt><trkpt lat="49.99939" lon="17.44678"><time>2026-07-30T09:14:16Z</time></trkpt><trkpt lat="49.99951" lon="17.4466"><time>2026-07-30T09:14:17Z</time></trkpt><trkpt lat="49.99963" lon="17.44642"><time>2026-07-30T09:14:18Z</time></trkpt><trkpt lat="49.99974" lon="17.44622"><time>2026-07-30T09:14:19Z</time></trkpt><trkpt lat="49.99985" lon="17.44603"><time>2026-07-30T09:14:20Z</time></trkpt><trkpt lat="49.99995" lon="17.44581"><time>2026-07-30T09:14:21Z</time></trkpt><trkpt lat="50.00004" lon="17.44561"><time>2026-07-30T09:14:22Z</time></trkpt><trkpt lat="50.00012" lon="17.44541"><time>2026-07-30T09:14:23Z</time></trkpt><trkpt lat="50.0002" lon="17.44522"><time>2026-07-30T09:14:24Z</time></trkpt><trkpt lat="50.00028" lon="17.44504"><time>2026-07-30T09:14:25Z</time></trkpt><trkpt lat="50.00037" lon="17.44487"><time>2026-07-30T09:14:26Z</time></trkpt><trkpt lat="50.00045" lon="17.44469"><time>2026-07-30T09:14:27Z</time></trkpt><trkpt lat="50.00052" lon="17.4445"><time>2026-07-30T09:14:28Z</time></trkpt><trkpt lat="50.0006" lon="17.44432"><time>2026-07-30T09:14:29Z</time></trkpt><trkpt lat="50.00069" lon="17.44413"><time>2026-07-30T09:14:30Z</time></trkpt><trkpt lat="50.00077" lon="17.44395"><time>2026-07-30T09:14:31Z</time></trkpt><trkpt lat="50.00084" lon="17.44379"><time>2026-07-30T09:14:32Z</time></trkpt><trkpt lat="50.00091" lon="17.44362"><time>2026-07-30T09:14:33Z</time></trkpt><trkpt lat="50.00098" lon="17.44347"><time>2026-07-30T09:14:34Z</time></trkpt><trkpt lat="50.00104" lon="17.44331"><time>2026-07-30T09:14:35Z</time></trkpt><trkpt lat="50.00111" lon="17.44315"><time>2026-07-30T09:14:36Z</time></trkpt><trkpt lat="50.00118" lon="17.443"><time>2026-07-30T09:14:37Z</time></trkpt><trkpt lat="50.00124" lon="17.44284"><time>2026-07-30T09:14:38Z</time></trkpt><trkpt lat="50.00131" lon="17.44268"><time>2026-07-30T09:14:39Z</time></trkpt><trkpt lat="50.00138" lon="17.44252"><time>2026-07-30T09:14:40Z</time></trkpt><trkpt lat="50.00145" lon="17.44235"><time>2026-07-30T09:14:41Z</time></trkpt><trkpt lat="50.00153" lon="17.44218"><time>2026-07-30T09:14:42Z</time></trkpt><trkpt lat="50.00161" lon="17.442"><time>2026-07-30T09:14:43Z</time></trkpt><trkpt lat="50.00169" lon="17.44182"><time>2026-07-30T09:14:44Z</time></trkpt><trkpt lat="50.00176" lon="17.44164"><time>2026-07-30T09:14:45Z</time></trkpt><trkpt lat="50.00183" lon="17.44148"><time>2026-07-30T09:14:46Z</time></trkpt><trkpt lat="50.0019" lon="17.44131"><time>2026-07-30T09:14:47Z</time></trkpt><trkpt lat="50.00197" lon="17.44114"><time>2026-07-30T09:14:48Z</time></trkpt><trkpt lat="50.00204" lon="17.44097"><time>2026-07-30T09:14:49Z</time></trkpt><trkpt lat="50.00211" lon="17.4408"><time>2026-07-30T09:14:50Z</time></trkpt><trkpt lat="50.00218" lon="17.44063"><time>2026-07-30T09:14:51Z</time></trkpt><trkpt lat="50.00226" lon="17.44046"><time>2026-07-30T09:14:52Z</time></trkpt><trkpt lat="50.00233" lon="17.44029"><time>2026-07-30T09:14:53Z</time></trkpt><trkpt lat="50.0024" lon="17.44011"><time>2026-07-30T09:14:54Z</time></trkpt><trkpt lat="50.00247" lon="17.43994"><time>2026-07-30T09:14:55Z</time></trkpt><trkpt lat="50.00252" lon="17.43975"><time>2026-07-30T09:14:56Z</time></trkpt><trkpt lat="50.00256" lon="17.43955"><time>2026-07-30T09:14:57Z</time></trkpt><trkpt lat="50.0026" lon="17.43933"><time>2026-07-30T09:14:58Z</time></trkpt><trkpt lat="50.00264" lon="17.43913"><time>2026-07-30T09:14:59Z</time></trkpt><trkpt lat="50.00267" lon="17.43893"><time>2026-07-30T09:15:00Z</time></trkpt><trkpt lat="50.0027" lon="17.43872"><time>2026-07-30T09:15:01Z</time></trkpt><trkpt lat="50.00274" lon="17.43852"><time>2026-07-30T09:15:02Z</time></trkpt><trkpt lat="50.00277" lon="17.43832"><time>2026-07-30T09:15:03Z</time></trkpt><trkpt lat="50.0028" lon="17.4381"><time>2026-07-30T09:15:04Z</time></trkpt><trkpt lat="50.00284" lon="17.4379"><time>2026-07-30T09:15:05Z</time></trkpt><trkpt lat="50.00288" lon="17.43769"><time>2026-07-30T09:15:06Z</time></trkpt><trkpt lat="50.00291" lon="17.43749"><time>2026-07-30T09:15:07Z</time></trkpt><trkpt lat="50.00293" lon="17.43729"><time>2026-07-30T09:15:08Z</time></trkpt><trkpt lat="50.00296" lon="17.4371"><time>2026-07-30T09:15:09Z</time></trkpt><trkpt lat="50.003" lon="17.43692"><time>2026-07-30T09:15:10Z</time></trkpt><trkpt lat="50.00303" lon="17.43674"><time>2026-07-30T09:15:11Z</time></trkpt><trkpt lat="50.00305" lon="17.43656"><time>2026-07-30T09:15:12Z</time></trkpt><trkpt lat="50.00308" lon="17.43638"><time>2026-07-30T09:15:13Z</time></trkpt><trkpt lat="50.00311" lon="17.4362"><time>2026-07-30T09:15:14Z</time></trkpt><trkpt lat="50.00313" lon="17.43602"><time>2026-07-30T09:15:15Z</time></trkpt><trkpt lat="50.00316" lon="17.43584"><time>2026-07-30T09:15:16Z</time></trkpt><trkpt lat="50.00318" lon="17.43566"><time>2026-07-30T09:15:17Z</time></trkpt><trkpt lat="50.00321" lon="17.43547"><time>2026-07-30T09:15:18Z</time></trkpt><trkpt lat="50.00324" lon="17.43528"><time>2026-07-30T09:15:19Z</time></trkpt><trkpt lat="50.00326" lon="17.43511"><time>2026-07-30T09:15:20Z</time></trkpt><trkpt lat="50.00328" lon="17.43493"><time>2026-07-30T09:15:21Z</time></trkpt><trkpt lat="50.00331" lon="17.43476"><time>2026-07-30T09:15:22Z</time></trkpt><trkpt lat="50.00334" lon="17.43458"><time>2026-07-30T09:15:23Z</time></trkpt><trkpt lat="50.00336" lon="17.4344"><time>2026-07-30T09:15:24Z</time></trkpt><trkpt lat="50.00339" lon="17.43421"><time>2026-07-30T09:15:25Z</time></trkpt><trkpt lat="50.00342" lon="17.43403"><time>2026-07-30T09:15:26Z</time></trkpt><trkpt lat="50.00344" lon="17.43386"><time>2026-07-30T09:15:27Z</time></trkpt><trkpt lat="50.00347" lon="17.43367"><time>2026-07-30T09:15:28Z</time></trkpt><trkpt lat="50.0035" lon="17.43348"><time>2026-07-30T09:15:29Z</time></trkpt><trkpt lat="50.00352" lon="17.43331"><time>2026-07-30T09:15:30Z</time></trkpt><trkpt lat="50.00355" lon="17.43313"><time>2026-07-30T09:15:31Z</time></trkpt><trkpt lat="50.00357" lon="17.43296"><time>2026-07-30T09:15:32Z</time></trkpt><trkpt lat="50.0036" lon="17.43279"><time>2026-07-30T09:15:33Z</time></trkpt><trkpt lat="50.00363" lon="17.43262"><time>2026-07-30T09:15:34Z</time></trkpt><trkpt lat="50.00366" lon="17.43245"><time>2026-07-30T09:15:35Z</time></trkpt><trkpt lat="50.00368" lon="17.43229"><time>2026-07-30T09:15:36Z</time></trkpt><trkpt lat="50.00371" lon="17.43212"><time>2026-07-30T09:15:37Z</time></trkpt><trkpt lat="50.00374" lon="17.43195"><time>2026-07-30T09:15:38Z</time></trkpt><trkpt lat="50.00377" lon="17.43178"><time>2026-07-30T09:15:39Z</time></trkpt><trkpt lat="50.00381" lon="17.43162"><time>2026-07-30T09:15:40Z</time></trkpt><trkpt lat="50.00384" lon="17.43146"><time>2026-07-30T09:15:41Z</time></trkpt><trkpt lat="50.00387" lon="17.43132"><time>2026-07-30T09:15:42Z</time></trkpt><trkpt lat="50.00391" lon="17.43118"><time>2026-07-30T09:15:43Z</time></trkpt><trkpt lat="50.00395" lon="17.43105"><time>2026-07-30T09:15:44Z</time></trkpt><trkpt lat="50.00401" lon="17.43092"><time>2026-07-30T09:15:45Z</time></trkpt><trkpt lat="50.00409" lon="17.43083"><time>2026-07-30T09:15:46Z</time></trkpt><trkpt lat="50.00417" lon="17.43075"><time>2026-07-30T09:15:47Z</time></trkpt><trkpt lat="50.00427" lon="17.43071"><time>2026-07-30T09:15:48Z</time></trkpt><trkpt lat="50.00438" lon="17.43067"><time>2026-07-30T09:15:49Z</time></trkpt><trkpt lat="50.00449" lon="17.43062"><time>2026-07-30T09:15:50Z</time></trkpt><trkpt lat="50.00459" lon="17.43057"><time>2026-07-30T09:15:51Z</time></trkpt><trkpt lat="50.0047" lon="17.43051"><time>2026-07-30T09:15:52Z</time></trkpt><trkpt lat="50.00481" lon="17.43046"><time>2026-07-30T09:15:53Z</time></trkpt><trkpt lat="50.00492" lon="17.4304"><time>2026-07-30T09:15:54Z</time></trkpt><trkpt lat="50.00503" lon="17.43033"><time>2026-07-30T09:15:55Z</time></trkpt><trkpt lat="50.00514" lon="17.43026"><time>2026-07-30T09:15:56Z</time></trkpt><trkpt lat="50.00526" lon="17.43018"><time>2026-07-30T09:15:57Z</time></trkpt><trkpt lat="50.00537" lon="17.43008"><time>2026-07-30T09:15:58Z</time></trkpt><trkpt lat="50.00548" lon="17.42999"><time>2026-07-30T09:15:59Z</time></trkpt><trkpt lat="50.00559" lon="17.42987"><time>2026-07-30T09:16:00Z</time></trkpt><trkpt lat="50.00571" lon="17.42974"><time>2026-07-30T09:16:01Z</time></trkpt><trkpt lat="50.00581" lon="17.42959"><time>2026-07-30T09:16:02Z</time></trkpt><trkpt lat="50.00591" lon="17.42943"><time>2026-07-30T09:16:03Z</time></trkpt><trkpt lat="50.00601" lon="17.42925"><time>2026-07-30T09:16:04Z</time></trkpt><trkpt lat="50.0061" lon="17.42907"><time>2026-07-30T09:16:05Z</time></trkpt><trkpt lat="50.00619" lon="17.42888"><time>2026-07-30T09:16:06Z</time></trkpt><trkpt lat="50.00627" lon="17.42868"><time>2026-07-30T09:16:07Z</time></trkpt><trkpt lat="50.00635" lon="17.42849"><time>2026-07-30T09:16:08Z</time></trkpt><trkpt lat="50.00642" lon="17.42831"><time>2026-07-30T09:16:09Z</time></trkpt><trkpt lat="50.00649" lon="17.42814"><time>2026-07-30T09:16:10Z</time></trkpt><trkpt lat="50.00657" lon="17.428"><time>2026-07-30T09:16:11Z</time></trkpt><trkpt lat="50.00666" lon="17.42788"><time>2026-07-30T09:16:12Z</time></trkpt><trkpt lat="50.00677" lon="17.42779"><time>2026-07-30T09:16:13Z</time></trkpt><trkpt lat="50.00689" lon="17.42774"><time>2026-07-30T09:16:14Z</time></trkpt><trkpt lat="50.00703" lon="17.4277"><time>2026-07-30T09:16:15Z</time></trkpt><trkpt lat="50.00718" lon="17.42768"><time>2026-07-30T09:16:16Z</time></trkpt><trkpt lat="50.00733" lon="17.4277"><time>2026-07-30T09:16:17Z</time></trkpt><trkpt lat="50.00749" lon="17.42772"><time>2026-07-30T09:16:18Z</time></trkpt><trkpt lat="50.00765" lon="17.42774"><time>2026-07-30T09:16:19Z</time></trkpt><trkpt lat="50.00779" lon="17.42775"><time>2026-07-30T09:16:20Z</time></trkpt><trkpt lat="50.00794" lon="17.42777"><time>2026-07-30T09:16:21Z</time></trkpt><trkpt lat="50.00807" lon="17.42779"><time>2026-07-30T09:16:22Z</time></trkpt><trkpt lat="50.00821" lon="17.4278"><time>2026-07-30T09:16:23Z</time></trkpt><trkpt lat="50.00835" lon="17.4278"><time>2026-07-30T09:16:24Z</time></trkpt><trkpt lat="50.00851" lon="17.42781"><time>2026-07-30T09:16:25Z</time></trkpt><trkpt lat="50.00865" lon="17.42782"><time>2026-07-30T09:16:26Z</time></trkpt><trkpt lat="50.00879" lon="17.42784"><time>2026-07-30T09:16:27Z</time></trkpt><trkpt lat="50.00894" lon="17.42785"><time>2026-07-30T09:16:28Z</time></trkpt><trkpt lat="50.00908" lon="17.42787"><time>2026-07-30T09:16:29Z</time></trkpt><trkpt lat="50.00921" lon="17.42788"><time>2026-07-30T09:16:30Z</time></trkpt><trkpt lat="50.00933" lon="17.42789"><time>2026-07-30T09:16:31Z</time></trkpt><trkpt lat="50.00945" lon="17.4279"><time>2026-07-30T09:16:32Z</time></trkpt><trkpt lat="50.00958" lon="17.4279"><time>2026-07-30T09:16:33Z</time></trkpt><trkpt lat="50.00971" lon="17.42791"><time>2026-07-30T09:16:34Z</time></trkpt><trkpt lat="50.00984" lon="17.42791"><time>2026-07-30T09:16:35Z</time></trkpt><trkpt lat="50.00998" lon="17.4279"><time>2026-07-30T09:16:36Z</time></trkpt><trkpt lat="50.01012" lon="17.42788"><time>2026-07-30T09:16:37Z</time></trkpt><trkpt lat="50.01025" lon="17.42785"><time>2026-07-30T09:16:38Z</time></trkpt><trkpt lat="50.01038" lon="17.42782"><time>2026-07-30T09:16:39Z</time></trkpt><trkpt lat="50.01049" lon="17.42779"><time>2026-07-30T09:16:40Z</time></trkpt><trkpt lat="50.01059" lon="17.42777"><time>2026-07-30T09:16:41Z</time></trkpt><trkpt lat="50.01069" lon="17.42774"><time>2026-07-30T09:16:42Z</time></trkpt><trkpt lat="50.0108" lon="17.4277"><time>2026-07-30T09:16:43Z</time></trkpt><trkpt lat="50.0109" lon="17.42765"><time>2026-07-30T09:16:44Z</time></trkpt><trkpt lat="50.011" lon="17.4276"><time>2026-07-30T09:16:45Z</time></trkpt><trkpt lat="50.01109" lon="17.42754"><time>2026-07-30T09:16:46Z</time></trkpt><trkpt lat="50.01118" lon="17.42749"><time>2026-07-30T09:16:47Z</time></trkpt><trkpt lat="50.01127" lon="17.42742"><time>2026-07-30T09:16:48Z</time></trkpt><trkpt lat="50.01136" lon="17.42736"><time>2026-07-30T09:16:49Z</time></trkpt><trkpt lat="50.01145" lon="17.42729"><time>2026-07-30T09:16:50Z</time></trkpt><trkpt lat="50.01153" lon="17.42722"><time>2026-07-30T09:16:51Z</time></trkpt><trkpt lat="50.01161" lon="17.42714"><time>2026-07-30T09:16:52Z</time></trkpt><trkpt lat="50.01169" lon="17.42705"><time>2026-07-30T09:16:53Z</time></trkpt><trkpt lat="50.01177" lon="17.42696"><time>2026-07-30T09:16:54Z</time></trkpt><trkpt lat="50.01186" lon="17.42687"><time>2026-07-30T09:16:55Z</time></trkpt><trkpt lat="50.01196" lon="17.42679"><time>2026-07-30T09:16:56Z</time></trkpt><trkpt lat="50.01206" lon="17.42668"><time>2026-07-30T09:16:57Z</time></trkpt><trkpt lat="50.01215" lon="17.42656"><time>2026-07-30T09:16:58Z</time></trkpt><trkpt lat="50.01225" lon="17.42641"><time>2026-07-30T09:16:59Z</time></trkpt><trkpt lat="50.01234" lon="17.42626"><time>2026-07-30T09:17:00Z</time></trkpt><trkpt lat="50.01241" lon="17.42611"><time>2026-07-30T09:17:01Z</time></trkpt><trkpt lat="50.01249" lon="17.42594"><time>2026-07-30T09:17:02Z</time></trkpt><trkpt lat="50.01256" lon="17.42576"><time>2026-07-30T09:17:03Z</time></trkpt><trkpt lat="50.01264" lon="17.42559"><time>2026-07-30T09:17:04Z</time></trkpt><trkpt lat="50.01273" lon="17.42541"><time>2026-07-30T09:17:05Z</time></trkpt><trkpt lat="50.01284" lon="17.42523"><time>2026-07-30T09:17:06Z</time></trkpt><trkpt lat="50.01295" lon="17.42506"><time>2026-07-30T09:17:07Z</time></trkpt><trkpt lat="50.01306" lon="17.4249"><time>2026-07-30T09:17:08Z</time></trkpt><trkpt lat="50.01319" lon="17.42476"><time>2026-07-30T09:17:09Z</time></trkpt><trkpt lat="50.01332" lon="17.42462"><time>2026-07-30T09:17:10Z</time></trkpt><trkpt lat="50.01344" lon="17.42449"><time>2026-07-30T09:17:11Z</time></trkpt><trkpt lat="50.01356" lon="17.42436"><time>2026-07-30T09:17:12Z</time></trkpt><trkpt lat="50.01369" lon="17.42424"><time>2026-07-30T09:17:13Z</time></trkpt><trkpt lat="50.01381" lon="17.42412"><time>2026-07-30T09:17:14Z</time></trkpt><trkpt lat="50.01395" lon="17.42401"><time>2026-07-30T09:17:15Z</time></trkpt><trkpt lat="50.01409" lon="17.42392"><time>2026-07-30T09:17:16Z</time></trkpt><trkpt lat="50.01425" lon="17.42381"><time>2026-07-30T09:17:17Z</time></trkpt><trkpt lat="50.01441" lon="17.42371"><time>2026-07-30T09:17:18Z</time></trkpt><trkpt lat="50.01457" lon="17.42361"><time>2026-07-30T09:17:19Z</time></trkpt><trkpt lat="50.01473" lon="17.4235"><time>2026-07-30T09:17:20Z</time></trkpt><trkpt lat="50.0149" lon="17.42339"><time>2026-07-30T09:17:21Z</time></trkpt><trkpt lat="50.01507" lon="17.42328"><time>2026-07-30T09:17:22Z</time></trkpt><trkpt lat="50.01524" lon="17.42317"><time>2026-07-30T09:17:23Z</time></trkpt><trkpt lat="50.01541" lon="17.42306"><time>2026-07-30T09:17:24Z</time></trkpt><trkpt lat="50.01558" lon="17.42295"><time>2026-07-30T09:17:25Z</time></trkpt><trkpt lat="50.01575" lon="17.42284"><time>2026-07-30T09:17:26Z</time></trkpt><trkpt lat="50.01593" lon="17.42271"><time>2026-07-30T09:17:27Z</time></trkpt><trkpt lat="50.01611" lon="17.42257"><time>2026-07-30T09:17:28Z</time></trkpt><trkpt lat="50.01629" lon="17.42241"><time>2026-07-30T09:17:29Z</time></trkpt><trkpt lat="50.01647" lon="17.42226"><time>2026-07-30T09:17:30Z</time></trkpt><trkpt lat="50.01665" lon="17.42211"><time>2026-07-30T09:17:31Z</time></trkpt><trkpt lat="50.01681" lon="17.42196"><time>2026-07-30T09:17:32Z</time></trkpt><trkpt lat="50.01698" lon="17.42181"><time>2026-07-30T09:17:33Z</time></trkpt><trkpt lat="50.01714" lon="17.42167"><time>2026-07-30T09:17:34Z</time></trkpt><trkpt lat="50.01729" lon="17.42154"><time>2026-07-30T09:17:35Z</time></trkpt><trkpt lat="50.01744" lon="17.4214"><time>2026-07-30T09:17:36Z</time></trkpt><trkpt lat="50.01758" lon="17.42127"><time>2026-07-30T09:17:37Z</time></trkpt><trkpt lat="50.01772" lon="17.42112"><time>2026-07-30T09:17:38Z</time></trkpt><trkpt lat="50.01785" lon="17.42093"><time>2026-07-30T09:17:39Z</time></trkpt><trkpt lat="50.01796" lon="17.42072"><time>2026-07-30T09:17:40Z</time></trkpt><trkpt lat="50.01807" lon="17.42049"><time>2026-07-30T09:17:41Z</time></trkpt><trkpt lat="50.01819" lon="17.42026"><time>2026-07-30T09:17:42Z</time></trkpt><trkpt lat="50.0183" lon="17.42003"><time>2026-07-30T09:17:43Z</time></trkpt><trkpt lat="50.01842" lon="17.41978"><time>2026-07-30T09:17:44Z</time></trkpt><trkpt lat="50.01855" lon="17.41953"><time>2026-07-30T09:17:45Z</time></trkpt><trkpt lat="50.01867" lon="17.41927"><time>2026-07-30T09:17:46Z</time></trkpt><trkpt lat="50.0188" lon="17.41901"><time>2026-07-30T09:17:47Z</time></trkpt><trkpt lat="50.01893" lon="17.41875"><time>2026-07-30T09:17:48Z</time></trkpt><trkpt lat="50.01905" lon="17.41849"><time>2026-07-30T09:17:49Z</time></trkpt><trkpt lat="50.01917" lon="17.41824"><time>2026-07-30T09:17:50Z</time></trkpt><trkpt lat="50.01929" lon="17.41799"><time>2026-07-30T09:17:51Z</time></trkpt><trkpt lat="50.0194" lon="17.41775"><time>2026-07-30T09:17:52Z</time></trkpt><trkpt lat="50.01952" lon="17.41751"><time>2026-07-30T09:17:53Z</time></trkpt><trkpt lat="50.01964" lon="17.41726"><time>2026-07-30T09:17:54Z</time></trkpt><trkpt lat="50.01976" lon="17.41701"><time>2026-07-30T09:17:55Z</time></trkpt><trkpt lat="50.01988" lon="17.41676"><time>2026-07-30T09:17:56Z</time></trkpt><trkpt lat="50.02" lon="17.4165"><time>2026-07-30T09:17:57Z</time></trkpt><trkpt lat="50.02013" lon="17.41624"><time>2026-07-30T09:17:58Z</time></trkpt><trkpt lat="50.02026" lon="17.41598"><time>2026-07-30T09:17:59Z</time></trkpt><trkpt lat="50.02038" lon="17.41572"><time>2026-07-30T09:18:00Z</time></trkpt><trkpt lat="50.0205" lon="17.41547"><time>2026-07-30T09:18:01Z</time></trkpt><trkpt lat="50.02063" lon="17.41522"><time>2026-07-30T09:18:02Z</time></trkpt><trkpt lat="50.02075" lon="17.41498"><time>2026-07-30T09:18:03Z</time></trkpt><trkpt lat="50.02088" lon="17.41474"><time>2026-07-30T09:18:04Z</time></trkpt><trkpt lat="50.02102" lon="17.4145"><time>2026-07-30T09:18:05Z</time></trkpt><trkpt lat="50.02116" lon="17.41427"><time>2026-07-30T09:18:06Z</time></trkpt><trkpt lat="50.02131" lon="17.41404"><time>2026-07-30T09:18:07Z</time></trkpt><trkpt lat="50.02145" lon="17.41381"><time>2026-07-30T09:18:08Z</time></trkpt><trkpt lat="50.02161" lon="17.41358"><time>2026-07-30T09:18:09Z</time></trkpt><trkpt lat="50.02176" lon="17.41335"><time>2026-07-30T09:18:10Z</time></trkpt><trkpt lat="50.02191" lon="17.41312"><time>2026-07-30T09:18:11Z</time></trkpt><trkpt lat="50.02207" lon="17.41288"><time>2026-07-30T09:18:12Z</time></trkpt><trkpt lat="50.02223" lon="17.41264"><time>2026-07-30T09:18:13Z</time></trkpt><trkpt lat="50.02238" lon="17.4124"><time>2026-07-30T09:18:14Z</time></trkpt><trkpt lat="50.02254" lon="17.41216"><time>2026-07-30T09:18:15Z</time></trkpt><trkpt lat="50.02269" lon="17.41192"><time>2026-07-30T09:18:16Z</time></trkpt><trkpt lat="50.02284" lon="17.41168"><time>2026-07-30T09:18:17Z</time></trkpt><trkpt lat="50.023" lon="17.41145"><time>2026-07-30T09:18:18Z</time></trkpt><trkpt lat="50.02315" lon="17.41122"><time>2026-07-30T09:18:19Z</time></trkpt><trkpt lat="50.02328" lon="17.41101"><time>2026-07-30T09:18:20Z</time></trkpt><trkpt lat="50.02342" lon="17.4108"><time>2026-07-30T09:18:21Z</time></trkpt><trkpt lat="50.02356" lon="17.41059"><time>2026-07-30T09:18:22Z</time></trkpt><trkpt lat="50.02371" lon="17.41039"><time>2026-07-30T09:18:23Z</time></trkpt><trkpt lat="50.02387" lon="17.41019"><time>2026-07-30T09:18:24Z</time></trkpt><trkpt lat="50.02403" lon="17.41"><time>2026-07-30T09:18:25Z</time></trkpt><trkpt lat="50.0242" lon="17.4098"><time>2026-07-30T09:18:26Z</time></trkpt><trkpt lat="50.02437" lon="17.4096"><time>2026-07-30T09:18:27Z</time></trkpt><trkpt lat="50.02454" lon="17.40942"><time>2026-07-30T09:18:28Z</time></trkpt><trkpt lat="50.0247" lon="17.40924"><time>2026-07-30T09:18:29Z</time></trkpt><trkpt lat="50.02487" lon="17.40906"><time>2026-07-30T09:18:30Z</time></trkpt><trkpt lat="50.02505" lon="17.40888"><time>2026-07-30T09:18:31Z</time></trkpt><trkpt lat="50.02523" lon="17.40871"><time>2026-07-30T09:18:32Z</time></trkpt><trkpt lat="50.02541" lon="17.40856"><time>2026-07-30T09:18:33Z</time></trkpt><trkpt lat="50.02558" lon="17.4084"><time>2026-07-30T09:18:34Z</time></trkpt><trkpt lat="50.02575" lon="17.40825"><time>2026-07-30T09:18:35Z</time></trkpt><trkpt lat="50.02592" lon="17.4081"><time>2026-07-30T09:18:36Z</time></trkpt><trkpt lat="50.02609" lon="17.40795"><time>2026-07-30T09:18:37Z</time></trkpt><trkpt lat="50.02625" lon="17.40781"><time>2026-07-30T09:18:38Z</time></trkpt><trkpt lat="50.0264" lon="17.40768"><time>2026-07-30T09:18:39Z</time></trkpt><trkpt lat="50.02657" lon="17.40753"><time>2026-07-30T09:18:40Z</time></trkpt><trkpt lat="50.02673" lon="17.40739"><time>2026-07-30T09:18:41Z</time></trkpt><trkpt lat="50.02689" lon="17.40725"><time>2026-07-30T09:18:42Z</time></trkpt><trkpt lat="50.02706" lon="17.40712"><time>2026-07-30T09:18:43Z</time></trkpt><trkpt lat="50.02723" lon="17.40698"><time>2026-07-30T09:18:44Z</time></trkpt><trkpt lat="50.02742" lon="17.40687"><time>2026-07-30T09:18:45Z</time></trkpt><trkpt lat="50.02763" lon="17.40679"><time>2026-07-30T09:18:46Z</time></trkpt><trkpt lat="50.02782" lon="17.40672"><time>2026-07-30T09:18:47Z</time></trkpt><trkpt lat="50.02801" lon="17.40666"><time>2026-07-30T09:18:48Z</time></trkpt><trkpt lat="50.0282" lon="17.4066"><time>2026-07-30T09:18:49Z</time></trkpt><trkpt lat="50.02839" lon="17.40654"><time>2026-07-30T09:18:50Z</time></trkpt><trkpt lat="50.02857" lon="17.40647"><time>2026-07-30T09:18:51Z</time></trkpt><trkpt lat="50.02876" lon="17.40641"><time>2026-07-30T09:18:52Z</time></trkpt><trkpt lat="50.02894" lon="17.40635"><time>2026-07-30T09:18:53Z</time></trkpt><trkpt lat="50.02913" lon="17.40629"><time>2026-07-30T09:18:54Z</time></trkpt><trkpt lat="50.02932" lon="17.40625"><time>2026-07-30T09:18:55Z</time></trkpt><trkpt lat="50.02953" lon="17.40622"><time>2026-07-30T09:18:56Z</time></trkpt><trkpt lat="50.02973" lon="17.40621"><time>2026-07-30T09:18:57Z</time></trkpt><trkpt lat="50.02995" lon="17.4062"><time>2026-07-30T09:18:58Z</time></trkpt><trkpt lat="50.03015" lon="17.40619"><time>2026-07-30T09:18:59Z</time></trkpt><trkpt lat="50.03036" lon="17.40618"><time>2026-07-30T09:19:00Z</time></trkpt><trkpt lat="50.03057" lon="17.40617"><time>2026-07-30T09:19:01Z</time></trkpt><trkpt lat="50.03077" lon="17.40616"><time>2026-07-30T09:19:02Z</time></trkpt><trkpt lat="50.03097" lon="17.40615"><time>2026-07-30T09:19:03Z</time></trkpt><trkpt lat="50.03117" lon="17.40614"><time>2026-07-30T09:19:04Z</time></trkpt><trkpt lat="50.03136" lon="17.40611"><time>2026-07-30T09:19:05Z</time></trkpt><trkpt lat="50.03153" lon="17.40609"><time>2026-07-30T09:19:06Z</time></trkpt><trkpt lat="50.0317" lon="17.40604"><time>2026-07-30T09:19:07Z</time></trkpt><trkpt lat="50.03186" lon="17.40595"><time>2026-07-30T09:19:08Z</time></trkpt><trkpt lat="50.032" lon="17.40583"><time>2026-07-30T09:19:09Z</time></trkpt><trkpt lat="50.03213" lon="17.40568"><time>2026-07-30T09:19:10Z</time></trkpt><trkpt lat="50.03225" lon="17.40551"><time>2026-07-30T09:19:11Z</time></trkpt><trkpt lat="50.03238" lon="17.40535"><time>2026-07-30T09:19:12Z</time></trkpt><trkpt lat="50.03251" lon="17.4052"><time>2026-07-30T09:19:13Z</time></trkpt><trkpt lat="50.03265" lon="17.40508"><time>2026-07-30T09:19:14Z</time></trkpt><trkpt lat="50.0328" lon="17.40497"><time>2026-07-30T09:19:15Z</time></trkpt><trkpt lat="50.03295" lon="17.4049"><time>2026-07-30T09:19:16Z</time></trkpt><trkpt lat="50.03313" lon="17.40485"><time>2026-07-30T09:19:17Z</time></trkpt><trkpt lat="50.03331" lon="17.40484"><time>2026-07-30T09:19:18Z</time></trkpt><trkpt lat="50.03348" lon="17.40484"><time>2026-07-30T09:19:19Z</time></trkpt><trkpt lat="50.03365" lon="17.40483"><time>2026-07-30T09:19:20Z</time></trkpt><trkpt lat="50.03382" lon="17.40482"><time>2026-07-30T09:19:21Z</time></trkpt><trkpt lat="50.03399" lon="17.40481"><time>2026-07-30T09:19:22Z</time></trkpt><trkpt lat="50.03417" lon="17.40479"><time>2026-07-30T09:19:23Z</time></trkpt><trkpt lat="50.03434" lon="17.40478"><time>2026-07-30T09:19:24Z</time></trkpt><trkpt lat="50.03451" lon="17.40476"><time>2026-07-30T09:19:25Z</time></trkpt><trkpt lat="50.03468" lon="17.40474"><time>2026-07-30T09:19:26Z</time></trkpt><trkpt lat="50.03486" lon="17.40474"><time>2026-07-30T09:19:27Z</time></trkpt><trkpt lat="50.03502" lon="17.40474"><time>2026-07-30T09:19:28Z</time></trkpt><trkpt lat="50.03519" lon="17.40473"><time>2026-07-30T09:19:29Z</time></trkpt><trkpt lat="50.03535" lon="17.40472"><time>2026-07-30T09:19:30Z</time></trkpt><trkpt lat="50.03552" lon="17.40472"><time>2026-07-30T09:19:31Z</time></trkpt><trkpt lat="50.03568" lon="17.40469"><time>2026-07-30T09:19:32Z</time></trkpt><trkpt lat="50.03584" lon="17.40469"><time>2026-07-30T09:19:33Z</time></trkpt><trkpt lat="50.036" lon="17.40468"><time>2026-07-30T09:19:34Z</time></trkpt><trkpt lat="50.03615" lon="17.40468"><time>2026-07-30T09:19:35Z</time></trkpt><trkpt lat="50.03629" lon="17.40467"><time>2026-07-30T09:19:36Z</time></trkpt><trkpt lat="50.03643" lon="17.40466"><time>2026-07-30T09:19:37Z</time></trkpt><trkpt lat="50.03659" lon="17.40465"><time>2026-07-30T09:19:38Z</time></trkpt><trkpt lat="50.03673" lon="17.40463"><time>2026-07-30T09:19:39Z</time></trkpt><trkpt lat="50.03687" lon="17.4046"><time>2026-07-30T09:19:40Z</time></trkpt><trkpt lat="50.03701" lon="17.40456"><time>2026-07-30T09:19:41Z</time></trkpt><trkpt lat="50.03715" lon="17.40452"><time>2026-07-30T09:19:42Z</time></trkpt><trkpt lat="50.03729" lon="17.40447"><time>2026-07-30T09:19:43Z</time></trkpt><trkpt lat="50.03742" lon="17.40442"><time>2026-07-30T09:19:44Z</time></trkpt><trkpt lat="50.03755" lon="17.40436"><time>2026-07-30T09:19:45Z</time></trkpt><trkpt lat="50.03768" lon="17.40429"><time>2026-07-30T09:19:46Z</time></trkpt><trkpt lat="50.03781" lon="17.40421"><time>2026-07-30T09:19:47Z</time></trkpt><trkpt lat="50.03794" lon="17.40413"><time>2026-07-30T09:19:48Z</time></trkpt><trkpt lat="50.03806" lon="17.40406"><time>2026-07-30T09:19:49Z</time></trkpt><trkpt lat="50.03819" lon="17.40398"><time>2026-07-30T09:19:50Z</time></trkpt><trkpt lat="50.03831" lon="17.4039"><time>2026-07-30T09:19:51Z</time></trkpt><trkpt lat="50.03844" lon="17.40383"><time>2026-07-30T09:19:52Z</time></trkpt><trkpt lat="50.03856" lon="17.40376"><time>2026-07-30T09:19:53Z</time></trkpt><trkpt lat="50.03869" lon="17.4037"><time>2026-07-30T09:19:54Z</time></trkpt><trkpt lat="50.03881" lon="17.40362"><time>2026-07-30T09:19:55Z</time></trkpt><trkpt lat="50.03893" lon="17.40355"><time>2026-07-30T09:19:56Z</time></trkpt><trkpt lat="50.03906" lon="17.40347"><time>2026-07-30T09:19:57Z</time></trkpt><trkpt lat="50.03918" lon="17.40339"><time>2026-07-30T09:19:58Z</time></trkpt><trkpt lat="50.0393" lon="17.40332"><time>2026-07-30T09:19:59Z</time></trkpt><trkpt lat="50.03942" lon="17.40325"><time>2026-07-30T09:20:00Z</time></trkpt><trkpt lat="50.03953" lon="17.40318"><time>2026-07-30T09:20:01Z</time></trkpt><trkpt lat="50.03965" lon="17.40312"><time>2026-07-30T09:20:02Z</time></trkpt><trkpt lat="50.03976" lon="17.40306"><time>2026-07-30T09:20:03Z</time></trkpt><trkpt lat="50.03987" lon="17.40299"><time>2026-07-30T09:20:04Z</time></trkpt><trkpt lat="50.03999" lon="17.40291"><time>2026-07-30T09:20:05Z</time></trkpt><trkpt lat="50.04012" lon="17.40285"><time>2026-07-30T09:20:06Z</time></trkpt><trkpt lat="50.04024" lon="17.40278"><time>2026-07-30T09:20:07Z</time></trkpt><trkpt lat="50.04036" lon="17.40272"><time>2026-07-30T09:20:08Z</time></trkpt><trkpt lat="50.04048" lon="17.40266"><time>2026-07-30T09:20:09Z</time></trkpt><trkpt lat="50.04061" lon="17.4026"><time>2026-07-30T09:20:10Z</time></trkpt><trkpt lat="50.04073" lon="17.40254"><time>2026-07-30T09:20:11Z</time></trkpt><trkpt lat="50.04085" lon="17.40247"><time>2026-07-30T09:20:12Z</time></trkpt><trkpt lat="50.04097" lon="17.40242"><time>2026-07-30T09:20:13Z</time></trkpt><trkpt lat="50.04108" lon="17.40238"><time>2026-07-30T09:20:14Z</time></trkpt><trkpt lat="50.0412" lon="17.40232"><time>2026-07-30T09:20:15Z</time></trkpt><trkpt lat="50.04131" lon="17.40227"><time>2026-07-30T09:20:16Z</time></trkpt><trkpt lat="50.04142" lon="17.40222"><time>2026-07-30T09:20:17Z</time></trkpt><trkpt lat="50.04153" lon="17.40217"><time>2026-07-30T09:20:18Z</time></trkpt><trkpt lat="50.04162" lon="17.40212"><time>2026-07-30T09:20:19Z</time></trkpt><trkpt lat="50.04172" lon="17.40207"><time>2026-07-30T09:20:20Z</time></trkpt><trkpt lat="50.04181" lon="17.40203"><time>2026-07-30T09:20:21Z</time></trkpt><trkpt lat="50.04192" lon="17.40199"><time>2026-07-30T09:20:22Z</time></trkpt><trkpt lat="50.04202" lon="17.40195"><time>2026-07-30T09:20:23Z</time></trkpt><trkpt lat="50.04212" lon="17.40191"><time>2026-07-30T09:20:24Z</time></trkpt><trkpt lat="50.04223" lon="17.4019"><time>2026-07-30T09:20:25Z</time></trkpt><trkpt lat="50.04233" lon="17.40188"><time>2026-07-30T09:20:26Z</time></trkpt><trkpt lat="50.04243" lon="17.40186"><time>2026-07-30T09:20:27Z</time></trkpt><trkpt lat="50.04252" lon="17.40184"><time>2026-07-30T09:20:28Z</time></trkpt><trkpt lat="50.04262" lon="17.40182"><time>2026-07-30T09:20:29Z</time></trkpt><trkpt lat="50.04271" lon="17.40181"><time>2026-07-30T09:20:30Z</time></trkpt><trkpt lat="50.0428" lon="17.40181"><time>2026-07-30T09:20:31Z</time></trkpt><trkpt lat="50.0429" lon="17.4018"><time>2026-07-30T09:20:32Z</time></trkpt><trkpt lat="50.04299" lon="17.40179"><time>2026-07-30T09:20:33Z</time></trkpt><trkpt lat="50.04308" lon="17.40177"><time>2026-07-30T09:20:34Z</time></trkpt><trkpt lat="50.04317" lon="17.40175"><time>2026-07-30T09:20:35Z</time></trkpt><trkpt lat="50.04325" lon="17.40172"><time>2026-07-30T09:20:36Z</time></trkpt><trkpt lat="50.04333" lon="17.40169"><time>2026-07-30T09:20:37Z</time></trkpt><trkpt lat="50.04341" lon="17.40166"><time>2026-07-30T09:20:38Z</time></trkpt><trkpt lat="50.0435" lon="17.40163"><time>2026-07-30T09:20:39Z</time></trkpt><trkpt lat="50.04358" lon="17.40159"><time>2026-07-30T09:20:40Z</time></trkpt><trkpt lat="50.04367" lon="17.40156"><time>2026-07-30T09:20:41Z</time></trkpt><trkpt lat="50.04376" lon="17.40152"><time>2026-07-30T09:20:42Z</time></trkpt><trkpt lat="50.04384" lon="17.40148"><time>2026-07-30T09:20:43Z</time></trkpt><trkpt lat="50.04392" lon="17.40144"><time>2026-07-30T09:20:44Z</time></trkpt><trkpt lat="50.04401" lon="17.4014"><time>2026-07-30T09:20:45Z</time></trkpt><trkpt lat="50.04411" lon="17.40137"><time>2026-07-30T09:20:46Z</time></trkpt><trkpt lat="50.0442" lon="17.40133"><time>2026-07-30T09:20:47Z</time></trkpt><trkpt lat="50.04429" lon="17.40129"><time>2026-07-30T09:20:48Z</time></trkpt><trkpt lat="50.04437" lon="17.40125"><time>2026-07-30T09:20:49Z</time></trkpt><trkpt lat="50.04445" lon="17.40122"><time>2026-07-30T09:20:50Z</time></trkpt><trkpt lat="50.04453" lon="17.40118"><time>2026-07-30T09:20:51Z</time></trkpt><trkpt lat="50.0446" lon="17.40115"><time>2026-07-30T09:20:52Z</time></trkpt><trkpt lat="50.04466" lon="17.40113"><time>2026-07-30T09:20:53Z</time></trkpt><trkpt lat="50.04474" lon="17.40109"><time>2026-07-30T09:20:54Z</time></trkpt><trkpt lat="50.04481" lon="17.40106"><time>2026-07-30T09:20:55Z</time></trkpt><trkpt lat="50.04489" lon="17.40103"><time>2026-07-30T09:20:56Z</time></trkpt><trkpt lat="50.04497" lon="17.401"><time>2026-07-30T09:20:57Z</time></trkpt><trkpt lat="50.04504" lon="17.40097"><time>2026-07-30T09:20:58Z</time></trkpt><trkpt lat="50.04512" lon="17.40093"><time>2026-07-30T09:20:59Z</time></trkpt><trkpt lat="50.0452" lon="17.4009"><time>2026-07-30T09:21:00Z</time></trkpt><trkpt lat="50.04527" lon="17.40086"><time>2026-07-30T09:21:01Z</time></trkpt><trkpt lat="50.04536" lon="17.40082"><time>2026-07-30T09:21:02Z</time></trkpt><trkpt lat="50.04543" lon="17.40077"><time>2026-07-30T09:21:03Z</time></trkpt><trkpt lat="50.04552" lon="17.40071"><time>2026-07-30T09:21:04Z</time></trkpt><trkpt lat="50.0456" lon="17.40065"><time>2026-07-30T09:21:05Z</time></trkpt><trkpt lat="50.04569" lon="17.40058"><time>2026-07-30T09:21:06Z</time></trkpt><trkpt lat="50.04578" lon="17.40051"><time>2026-07-30T09:21:07Z</time></trkpt><trkpt lat="50.04587" lon="17.40045"><time>2026-07-30T09:21:08Z</time></trkpt><trkpt lat="50.04596" lon="17.40038"><time>2026-07-30T09:21:09Z</time></trkpt><trkpt lat="50.04605" lon="17.40031"><time>2026-07-30T09:21:10Z</time></trkpt><trkpt lat="50.04614" lon="17.40023"><time>2026-07-30T09:21:11Z</time></trkpt><trkpt lat="50.04624" lon="17.40014"><time>2026-07-30T09:21:12Z</time></trkpt><trkpt lat="50.04635" lon="17.40005"><time>2026-07-30T09:21:13Z</time></trkpt><trkpt lat="50.04645" lon="17.39996"><time>2026-07-30T09:21:14Z</time></trkpt><trkpt lat="50.04657" lon="17.39986"><time>2026-07-30T09:21:15Z</time></trkpt><trkpt lat="50.04669" lon="17.39975"><time>2026-07-30T09:21:16Z</time></trkpt><trkpt lat="50.04681" lon="17.39965"><time>2026-07-30T09:21:17Z</time></trkpt><trkpt lat="50.04693" lon="17.39955"><time>2026-07-30T09:21:18Z</time></trkpt><trkpt lat="50.04705" lon="17.39943"><time>2026-07-30T09:21:19Z</time></trkpt><trkpt lat="50.04718" lon="17.39932"><time>2026-07-30T09:21:20Z</time></trkpt><trkpt lat="50.04732" lon="17.39919"><time>2026-07-30T09:21:21Z</time></trkpt><trkpt lat="50.04745" lon="17.39906"><time>2026-07-30T09:21:22Z</time></trkpt><trkpt lat="50.04759" lon="17.39893"><time>2026-07-30T09:21:23Z</time></trkpt><trkpt lat="50.04772" lon="17.3988"><time>2026-07-30T09:21:24Z</time></trkpt><trkpt lat="50.04785" lon="17.39868"><time>2026-07-30T09:21:25Z</time></trkpt><trkpt lat="50.04798" lon="17.39856"><time>2026-07-30T09:21:26Z</time></trkpt><trkpt lat="50.04809" lon="17.39845"><time>2026-07-30T09:21:27Z</time></trkpt><trkpt lat="50.0482" lon="17.39835"><time>2026-07-30T09:21:28Z</time></trkpt><trkpt lat="50.04831" lon="17.39827"><time>2026-07-30T09:21:29Z</time></trkpt><trkpt lat="50.04841" lon="17.39817"><time>2026-07-30T09:21:30Z</time></trkpt><trkpt lat="50.04851" lon="17.39808"><time>2026-07-30T09:21:31Z</time></trkpt><trkpt lat="50.04862" lon="17.39798"><time>2026-07-30T09:21:32Z</time></trkpt><trkpt lat="50.04873" lon="17.39788"><time>2026-07-30T09:21:33Z</time></trkpt><trkpt lat="50.04885" lon="17.39779"><time>2026-07-30T09:21:34Z</time></trkpt><trkpt lat="50.04897" lon="17.39769"><time>2026-07-30T09:21:35Z</time></trkpt><trkpt lat="50.04909" lon="17.3976"><time>2026-07-30T09:21:36Z</time></trkpt><trkpt lat="50.04922" lon="17.3975"><time>2026-07-30T09:21:37Z</time></trkpt><trkpt lat="50.04934" lon="17.39742"><time>2026-07-30T09:21:38Z</time></trkpt><trkpt lat="50.04947" lon="17.39733"><time>2026-07-30T09:21:39Z</time></trkpt><trkpt lat="50.0496" lon="17.39723"><time>2026-07-30T09:21:40Z</time></trkpt><trkpt lat="50.04973" lon="17.39714"><time>2026-07-30T09:21:41Z</time></trkpt><trkpt lat="50.04986" lon="17.39704"><time>2026-07-30T09:21:42Z</time></trkpt><trkpt lat="50.04999" lon="17.39693"><time>2026-07-30T09:21:43Z</time></trkpt><trkpt lat="50.05011" lon="17.39682"><time>2026-07-30T09:21:44Z</time></trkpt><trkpt lat="50.05025" lon="17.39671"><time>2026-07-30T09:21:45Z</time></trkpt><trkpt lat="50.05037" lon="17.39662"><time>2026-07-30T09:21:46Z</time></trkpt><trkpt lat="50.05048" lon="17.39653"><time>2026-07-30T09:21:47Z</time></trkpt><trkpt lat="50.0506" lon="17.39644"><time>2026-07-30T09:21:48Z</time></trkpt><trkpt lat="50.05071" lon="17.39635"><time>2026-07-30T09:21:49Z</time></trkpt><trkpt lat="50.05082" lon="17.39625"><time>2026-07-30T09:21:50Z</time></trkpt><trkpt lat="50.05094" lon="17.39614"><time>2026-07-30T09:21:51Z</time></trkpt><trkpt lat="50.05106" lon="17.39602"><time>2026-07-30T09:21:52Z</time></trkpt><trkpt lat="50.05117" lon="17.39589"><time>2026-07-30T09:21:53Z</time></trkpt><trkpt lat="50.05128" lon="17.39575"><time>2026-07-30T09:21:54Z</time></trkpt><trkpt lat="50.0514" lon="17.3956"><time>2026-07-30T09:21:55Z</time></trkpt><trkpt lat="50.05152" lon="17.39547"><time>2026-07-30T09:21:56Z</time></trkpt><trkpt lat="50.05162" lon="17.39533"><time>2026-07-30T09:21:57Z</time></trkpt><trkpt lat="50.05173" lon="17.39519"><time>2026-07-30T09:21:58Z</time></trkpt><trkpt lat="50.05185" lon="17.39506"><time>2026-07-30T09:21:59Z</time></trkpt><trkpt lat="50.05197" lon="17.39494"><time>2026-07-30T09:22:00Z</time></trkpt><trkpt lat="50.05211" lon="17.39483"><time>2026-07-30T09:22:01Z</time></trkpt><trkpt lat="50.05226" lon="17.39471"><time>2026-07-30T09:22:02Z</time></trkpt><trkpt lat="50.05242" lon="17.39458"><time>2026-07-30T09:22:03Z</time></trkpt><trkpt lat="50.0526" lon="17.39443"><time>2026-07-30T09:22:04Z</time></trkpt><trkpt lat="50.05279" lon="17.39429"><time>2026-07-30T09:22:05Z</time></trkpt><trkpt lat="50.05302" lon="17.39413"><time>2026-07-30T09:22:06Z</time></trkpt><trkpt lat="50.05324" lon="17.39398"><time>2026-07-30T09:22:07Z</time></trkpt><trkpt lat="50.05347" lon="17.39381"><time>2026-07-30T09:22:08Z</time></trkpt><trkpt lat="50.0537" lon="17.39364"><time>2026-07-30T09:22:09Z</time></trkpt><trkpt lat="50.05392" lon="17.39346"><time>2026-07-30T09:22:10Z</time></trkpt><trkpt lat="50.05415" lon="17.39329"><time>2026-07-30T09:22:11Z</time></trkpt><trkpt lat="50.05437" lon="17.39312"><time>2026-07-30T09:22:12Z</time></trkpt><trkpt lat="50.05459" lon="17.39295"><time>2026-07-30T09:22:13Z</time></trkpt><trkpt lat="50.05479" lon="17.39279"><time>2026-07-30T09:22:14Z</time></trkpt><trkpt lat="50.05498" lon="17.39264"><time>2026-07-30T09:22:15Z</time></trkpt><trkpt lat="50.05518" lon="17.39248"><time>2026-07-30T09:22:16Z</time></trkpt><trkpt lat="50.05538" lon="17.39234"><time>2026-07-30T09:22:17Z</time></trkpt><trkpt lat="50.05558" lon="17.39221"><time>2026-07-30T09:22:18Z</time></trkpt><trkpt lat="50.05579" lon="17.39207"><time>2026-07-30T09:22:19Z</time></trkpt><trkpt lat="50.056" lon="17.39196"><time>2026-07-30T09:22:20Z</time></trkpt><trkpt lat="50.05621" lon="17.39184"><time>2026-07-30T09:22:21Z</time></trkpt><trkpt lat="50.05641" lon="17.39174"><time>2026-07-30T09:22:22Z</time></trkpt><trkpt lat="50.05661" lon="17.39165"><time>2026-07-30T09:22:23Z</time></trkpt><trkpt lat="50.0568" lon="17.39159"><time>2026-07-30T09:22:24Z</time></trkpt><trkpt lat="50.05699" lon="17.39152"><time>2026-07-30T09:22:25Z</time></trkpt><trkpt lat="50.05716" lon="17.39146"><time>2026-07-30T09:22:26Z</time></trkpt><trkpt lat="50.05733" lon="17.39136"><time>2026-07-30T09:22:27Z</time></trkpt><trkpt lat="50.05749" lon="17.39126"><time>2026-07-30T09:22:28Z</time></trkpt><trkpt lat="50.05764" lon="17.39115"><time>2026-07-30T09:22:29Z</time></trkpt><trkpt lat="50.05778" lon="17.39105"><time>2026-07-30T09:22:30Z</time></trkpt><trkpt lat="50.05792" lon="17.39096"><time>2026-07-30T09:22:31Z</time></trkpt><trkpt lat="50.05805" lon="17.39087"><time>2026-07-30T09:22:32Z</time></trkpt><trkpt lat="50.05818" lon="17.3908"><time>2026-07-30T09:22:33Z</time></trkpt><trkpt lat="50.05829" lon="17.39072"><time>2026-07-30T09:22:34Z</time></trkpt><trkpt lat="50.05839" lon="17.39065"><time>2026-07-30T09:22:35Z</time></trkpt><trkpt lat="50.05849" lon="17.39058"><time>2026-07-30T09:22:36Z</time></trkpt><trkpt lat="50.05859" lon="17.39053"><time>2026-07-30T09:22:37Z</time></trkpt><trkpt lat="50.05869" lon="17.3905"><time>2026-07-30T09:22:38Z</time></trkpt><trkpt lat="50.05881" lon="17.39048"><time>2026-07-30T09:22:39Z</time></trkpt><trkpt lat="50.05893" lon="17.39046"><time>2026-07-30T09:22:40Z</time></trkpt><trkpt lat="50.05905" lon="17.39043"><time>2026-07-30T09:22:41Z</time></trkpt><trkpt lat="50.05917" lon="17.39041"><time>2026-07-30T09:22:42Z</time></trkpt><trkpt lat="50.0593" lon="17.39038"><time>2026-07-30T09:22:43Z</time></trkpt><trkpt lat="50.05942" lon="17.39035"><time>2026-07-30T09:22:44Z</time></trkpt><trkpt lat="50.05954" lon="17.3903"><time>2026-07-30T09:22:45Z</time></trkpt><trkpt lat="50.05968" lon="17.39025"><time>2026-07-30T09:22:46Z</time></trkpt><trkpt lat="50.05979" lon="17.3902"><time>2026-07-30T09:22:47Z</time></trkpt><trkpt lat="50.05991" lon="17.39014"><time>2026-07-30T09:22:48Z</time></trkpt><trkpt lat="50.06003" lon="17.39008"><time>2026-07-30T09:22:49Z</time></trkpt><trkpt lat="50.06014" lon="17.39001"><time>2026-07-30T09:22:50Z</time></trkpt><trkpt lat="50.06024" lon="17.38993"><time>2026-07-30T09:22:51Z</time></trkpt><trkpt lat="50.06035" lon="17.38985"><time>2026-07-30T09:22:52Z</time></trkpt><trkpt lat="50.06045" lon="17.38978"><time>2026-07-30T09:22:53Z</time></trkpt><trkpt lat="50.06055" lon="17.38971"><time>2026-07-30T09:22:54Z</time></trkpt><trkpt lat="50.06065" lon="17.38963"><time>2026-07-30T09:22:55Z</time></trkpt><trkpt lat="50.06076" lon="17.38956"><time>2026-07-30T09:22:56Z</time></trkpt><trkpt lat="50.06086" lon="17.38948"><time>2026-07-30T09:22:57Z</time></trkpt><trkpt lat="50.06096" lon="17.38941"><time>2026-07-30T09:22:58Z</time></trkpt><trkpt lat="50.06107" lon="17.38934"><time>2026-07-30T09:22:59Z</time></trkpt><trkpt lat="50.06117" lon="17.38927"><time>2026-07-30T09:23:00Z</time></trkpt><trkpt lat="50.06127" lon="17.38921"><time>2026-07-30T09:23:01Z</time></trkpt><trkpt lat="50.06138" lon="17.38914"><time>2026-07-30T09:23:02Z</time></trkpt><trkpt lat="50.06149" lon="17.38907"><time>2026-07-30T09:23:03Z</time></trkpt><trkpt lat="50.0616" lon="17.389"><time>2026-07-30T09:23:04Z</time></trkpt><trkpt lat="50.06171" lon="17.38892"><time>2026-07-30T09:23:05Z</time></trkpt><trkpt lat="50.06182" lon="17.38885"><time>2026-07-30T09:23:06Z</time></trkpt><trkpt lat="50.06191" lon="17.38878"><time>2026-07-30T09:23:07Z</time></trkpt><trkpt lat="50.06201" lon="17.38871"><time>2026-07-30T09:23:08Z</time></trkpt><trkpt lat="50.0621" lon="17.38866"><time>2026-07-30T09:23:09Z</time></trkpt><trkpt lat="50.06219" lon="17.38863"><time>2026-07-30T09:23:10Z</time></trkpt><trkpt lat="50.06226" lon="17.38863"><time>2026-07-30T09:23:11Z</time></trkpt><trkpt lat="50.06235" lon="17.38867"><time>2026-07-30T09:23:12Z</time></trkpt><trkpt lat="50.06242" lon="17.38877"><time>2026-07-30T09:23:13Z</time></trkpt><trkpt lat="50.06248" lon="17.38888"><time>2026-07-30T09:23:14Z</time></trkpt><trkpt lat="50.06255" lon="17.38902"><time>2026-07-30T09:23:15Z</time></trkpt><trkpt lat="50.06262" lon="17.38916"><time>2026-07-30T09:23:16Z</time></trkpt><trkpt lat="50.06269" lon="17.3893"><time>2026-07-30T09:23:17Z</time></trkpt><trkpt lat="50.06277" lon="17.38945"><time>2026-07-30T09:23:18Z</time></trkpt><trkpt lat="50.06284" lon="17.3896"><time>2026-07-30T09:23:19Z</time></trkpt><trkpt lat="50.06292" lon="17.38975"><time>2026-07-30T09:23:20Z</time></trkpt><trkpt lat="50.063" lon="17.38992"><time>2026-07-30T09:23:21Z</time></trkpt><trkpt lat="50.06308" lon="17.39007"><time>2026-07-30T09:23:22Z</time></trkpt><trkpt lat="50.06317" lon="17.39024"><time>2026-07-30T09:23:23Z</time></trkpt><trkpt lat="50.06327" lon="17.39039"><time>2026-07-30T09:23:24Z</time></trkpt><trkpt lat="50.06337" lon="17.39054"><time>2026-07-30T09:23:25Z</time></trkpt><trkpt lat="50.06346" lon="17.39067"><time>2026-07-30T09:23:26Z</time></trkpt><trkpt lat="50.06357" lon="17.39081"><time>2026-07-30T09:23:27Z</time></trkpt><trkpt lat="50.06367" lon="17.39094"><time>2026-07-30T09:23:28Z</time></trkpt><trkpt lat="50.06377" lon="17.39105"><time>2026-07-30T09:23:29Z</time></trkpt><trkpt lat="50.06389" lon="17.39116"><time>2026-07-30T09:23:30Z</time></trkpt><trkpt lat="50.064" lon="17.39123"><time>2026-07-30T09:23:31Z</time></trkpt><trkpt lat="50.06411" lon="17.39129"><time>2026-07-30T09:23:32Z</time></trkpt><trkpt lat="50.06425" lon="17.39132"><time>2026-07-30T09:23:33Z</time></trkpt><trkpt lat="50.06439" lon="17.39135"><time>2026-07-30T09:23:34Z</time></trkpt><trkpt lat="50.06454" lon="17.39135"><time>2026-07-30T09:23:35Z</time></trkpt><trkpt lat="50.0647" lon="17.39136"><time>2026-07-30T09:23:36Z</time></trkpt><trkpt lat="50.06486" lon="17.39137"><time>2026-07-30T09:23:37Z</time></trkpt><trkpt lat="50.065" lon="17.39138"><time>2026-07-30T09:23:38Z</time></trkpt><trkpt lat="50.06515" lon="17.39136"><time>2026-07-30T09:23:39Z</time></trkpt><trkpt lat="50.0653" lon="17.39137"><time>2026-07-30T09:23:40Z</time></trkpt><trkpt lat="50.06544" lon="17.39138"><time>2026-07-30T09:23:41Z</time></trkpt><trkpt lat="50.06559" lon="17.39138"><time>2026-07-30T09:23:42Z</time></trkpt><trkpt lat="50.06574" lon="17.39138"><time>2026-07-30T09:23:43Z</time></trkpt><trkpt lat="50.06589" lon="17.39139"><time>2026-07-30T09:23:44Z</time></trkpt><trkpt lat="50.06604" lon="17.39141"><time>2026-07-30T09:23:45Z</time></trkpt><trkpt lat="50.06618" lon="17.39142"><time>2026-07-30T09:23:46Z</time></trkpt><trkpt lat="50.06634" lon="17.39143"><time>2026-07-30T09:23:47Z</time></trkpt><trkpt lat="50.0665" lon="17.39144"><time>2026-07-30T09:23:48Z</time></trkpt><trkpt lat="50.06665" lon="17.39146"><time>2026-07-30T09:23:49Z</time></trkpt><trkpt lat="50.0668" lon="17.39146"><time>2026-07-30T09:23:50Z</time></trkpt><trkpt lat="50.06695" lon="17.39146"><time>2026-07-30T09:23:51Z</time></trkpt><trkpt lat="50.0671" lon="17.39144"><time>2026-07-30T09:23:52Z</time></trkpt><trkpt lat="50.06724" lon="17.39142"><time>2026-07-30T09:23:53Z</time></trkpt><trkpt lat="50.06738" lon="17.39138"><time>2026-07-30T09:23:54Z</time></trkpt><trkpt lat="50.06752" lon="17.39134"><time>2026-07-30T09:23:55Z</time></trkpt><trkpt lat="50.06765" lon="17.3913"><time>2026-07-30T09:23:56Z</time></trkpt><trkpt lat="50.06778" lon="17.39124"><time>2026-07-30T09:23:57Z</time></trkpt><trkpt lat="50.06791" lon="17.39117"><time>2026-07-30T09:23:58Z</time></trkpt><trkpt lat="50.06802" lon="17.39107"><time>2026-07-30T09:23:59Z</time></trkpt><trkpt lat="50.06813" lon="17.39095"><time>2026-07-30T09:24:00Z</time></trkpt><trkpt lat="50.06825" lon="17.39082"><time>2026-07-30T09:24:01Z</time></trkpt><trkpt lat="50.06836" lon="17.39068"><time>2026-07-30T09:24:02Z</time></trkpt><trkpt lat="50.06847" lon="17.39052"><time>2026-07-30T09:24:03Z</time></trkpt><trkpt lat="50.06858" lon="17.39037"><time>2026-07-30T09:24:04Z</time></trkpt><trkpt lat="50.06868" lon="17.39022"><time>2026-07-30T09:24:05Z</time></trkpt><trkpt lat="50.06879" lon="17.39007"><time>2026-07-30T09:24:06Z</time></trkpt><trkpt lat="50.06889" lon="17.38991"><time>2026-07-30T09:24:07Z</time></trkpt><trkpt lat="50.069" lon="17.38975"><time>2026-07-30T09:24:08Z</time></trkpt><trkpt lat="50.06911" lon="17.38959"><time>2026-07-30T09:24:09Z</time></trkpt><trkpt lat="50.06921" lon="17.38945"><time>2026-07-30T09:24:10Z</time></trkpt><trkpt lat="50.06931" lon="17.38931"><time>2026-07-30T09:24:11Z</time></trkpt><trkpt lat="50.0694" lon="17.3892"><time>2026-07-30T09:24:12Z</time></trkpt><trkpt lat="50.06949" lon="17.38911"><time>2026-07-30T09:24:13Z</time></trkpt><trkpt lat="50.06957" lon="17.38902"><time>2026-07-30T09:24:14Z</time></trkpt><trkpt lat="50.06966" lon="17.38899"><time>2026-07-30T09:24:15Z</time></trkpt><trkpt lat="50.06975" lon="17.38894"><time>2026-07-30T09:24:16Z</time></trkpt><trkpt lat="50.06985" lon="17.38894"><time>2026-07-30T09:24:17Z</time></trkpt><trkpt lat="50.06994" lon="17.38903"><time>2026-07-30T09:24:18Z</time></trkpt><trkpt lat="50.07001" lon="17.38913"><time>2026-07-30T09:24:19Z</time></trkpt><trkpt lat="50.0701" lon="17.38924"><time>2026-07-30T09:24:20Z</time></trkpt><trkpt lat="50.07019" lon="17.38937"><time>2026-07-30T09:24:21Z</time></trkpt><trkpt lat="50.07025" lon="17.38951"><time>2026-07-30T09:24:22Z</time></trkpt><trkpt lat="50.07032" lon="17.38965"><time>2026-07-30T09:24:23Z</time></trkpt><trkpt lat="50.07037" lon="17.38981"><time>2026-07-30T09:24:24Z</time></trkpt><trkpt lat="50.07043" lon="17.38999"><time>2026-07-30T09:24:25Z</time></trkpt><trkpt lat="50.0705" lon="17.39016"><time>2026-07-30T09:24:26Z</time></trkpt><trkpt lat="50.07056" lon="17.39034"><time>2026-07-30T09:24:27Z</time></trkpt><trkpt lat="50.07062" lon="17.39052"><time>2026-07-30T09:24:28Z</time></trkpt><trkpt lat="50.07067" lon="17.39072"><time>2026-07-30T09:24:29Z</time></trkpt><trkpt lat="50.07072" lon="17.39091"><time>2026-07-30T09:24:30Z</time></trkpt><trkpt lat="50.07077" lon="17.3911"><time>2026-07-30T09:24:31Z</time></trkpt><trkpt lat="50.0708" lon="17.39129"><time>2026-07-30T09:24:32Z</time></trkpt><trkpt lat="50.07083" lon="17.39148"><time>2026-07-30T09:24:33Z</time></trkpt><trkpt lat="50.07087" lon="17.39169"><time>2026-07-30T09:24:34Z</time></trkpt><trkpt lat="50.0709" lon="17.39189"><time>2026-07-30T09:24:35Z</time></trkpt><trkpt lat="50.07094" lon="17.39211"><time>2026-07-30T09:24:36Z</time></trkpt><trkpt lat="50.07097" lon="17.39234"><time>2026-07-30T09:24:37Z</time></trkpt><trkpt lat="50.07101" lon="17.39257"><time>2026-07-30T09:24:38Z</time></trkpt><trkpt lat="50.07103" lon="17.39281"><time>2026-07-30T09:24:39Z</time></trkpt><trkpt lat="50.07105" lon="17.39304"><time>2026-07-30T09:24:40Z</time></trkpt><trkpt lat="50.07106" lon="17.39327"><time>2026-07-30T09:24:41Z</time></trkpt><trkpt lat="50.07107" lon="17.39349"><time>2026-07-30T09:24:42Z</time></trkpt><trkpt lat="50.07106" lon="17.39372"><time>2026-07-30T09:24:43Z</time></trkpt><trkpt lat="50.07105" lon="17.39394"><time>2026-07-30T09:24:44Z</time></trkpt><trkpt lat="50.07101" lon="17.39416"><time>2026-07-30T09:24:45Z</time></trkpt><trkpt lat="50.07097" lon="17.39439"><time>2026-07-30T09:24:46Z</time></trkpt><trkpt lat="50.07092" lon="17.39461"><time>2026-07-30T09:24:47Z</time></trkpt><trkpt lat="50.07087" lon="17.39483"><time>2026-07-30T09:24:48Z</time></trkpt><trkpt lat="50.07081" lon="17.39503"><time>2026-07-30T09:24:49Z</time></trkpt><trkpt lat="50.07075" lon="17.39522"><time>2026-07-30T09:24:50Z</time></trkpt><trkpt lat="50.0707" lon="17.39541"><time>2026-07-30T09:24:51Z</time></trkpt><trkpt lat="50.07066" lon="17.3956"><time>2026-07-30T09:24:52Z</time></trkpt><trkpt lat="50.07064" lon="17.39579"><time>2026-07-30T09:24:53Z</time></trkpt><trkpt lat="50.07063" lon="17.39598"><time>2026-07-30T09:24:54Z</time></trkpt><trkpt lat="50.07063" lon="17.39616"><time>2026-07-30T09:24:55Z</time></trkpt><trkpt lat="50.07065" lon="17.39634"><time>2026-07-30T09:24:56Z</time></trkpt><trkpt lat="50.07068" lon="17.39652"><time>2026-07-30T09:24:57Z</time></trkpt><trkpt lat="50.07072" lon="17.39669"><time>2026-07-30T09:24:58Z</time></trkpt><trkpt lat="50.07078" lon="17.39686"><time>2026-07-30T09:24:59Z</time></trkpt><trkpt lat="50.07085" lon="17.39703"><time>2026-07-30T09:25:00Z</time></trkpt><trkpt lat="50.07092" lon="17.39721"><time>2026-07-30T09:25:01Z</time></trkpt><trkpt lat="50.071" lon="17.3974"><time>2026-07-30T09:25:02Z</time></trkpt><trkpt lat="50.07108" lon="17.39759"><time>2026-07-30T09:25:03Z</time></trkpt><trkpt lat="50.07116" lon="17.39778"><time>2026-07-30T09:25:04Z</time></trkpt><trkpt lat="50.07124" lon="17.39795"><time>2026-07-30T09:25:05Z</time></trkpt><trkpt lat="50.07132" lon="17.39812"><time>2026-07-30T09:25:06Z</time></trkpt><trkpt lat="50.07139" lon="17.39828"><time>2026-07-30T09:25:07Z</time></trkpt><trkpt lat="50.07146" lon="17.39842"><time>2026-07-30T09:25:08Z</time></trkpt><trkpt lat="50.07154" lon="17.39857"><time>2026-07-30T09:25:09Z</time></trkpt><trkpt lat="50.07163" lon="17.39871"><time>2026-07-30T09:25:10Z</time></trkpt><trkpt lat="50.07173" lon="17.39882"><time>2026-07-30T09:25:11Z</time></trkpt><trkpt lat="50.07184" lon="17.39893"><time>2026-07-30T09:25:12Z</time></trkpt><trkpt lat="50.07197" lon="17.39902"><time>2026-07-30T09:25:13Z</time></trkpt><trkpt lat="50.07211" lon="17.39911"><time>2026-07-30T09:25:14Z</time></trkpt><trkpt lat="50.07224" lon="17.3992"><time>2026-07-30T09:25:15Z</time></trkpt><trkpt lat="50.07238" lon="17.39928"><time>2026-07-30T09:25:16Z</time></trkpt><trkpt lat="50.07251" lon="17.39934"><time>2026-07-30T09:25:17Z</time></trkpt><trkpt lat="50.07265" lon="17.39939"><time>2026-07-30T09:25:18Z</time></trkpt><trkpt lat="50.07278" lon="17.39939"><time>2026-07-30T09:25:19Z</time></trkpt><trkpt lat="50.0729" lon="17.39936"><time>2026-07-30T09:25:20Z</time></trkpt><trkpt lat="50.07304" lon="17.3993"><time>2026-07-30T09:25:21Z</time></trkpt><trkpt lat="50.07317" lon="17.3992"><time>2026-07-30T09:25:22Z</time></trkpt><trkpt lat="50.07331" lon="17.39911"><time>2026-07-30T09:25:23Z</time></trkpt><trkpt lat="50.07344" lon="17.399"><time>2026-07-30T09:25:24Z</time></trkpt><trkpt lat="50.07357" lon="17.39889"><time>2026-07-30T09:25:25Z</time></trkpt><trkpt lat="50.07371" lon="17.3988"><time>2026-07-30T09:25:26Z</time></trkpt><trkpt lat="50.07385" lon="17.39871"><time>2026-07-30T09:25:27Z</time></trkpt><trkpt lat="50.07399" lon="17.39864"><time>2026-07-30T09:25:28Z</time></trkpt><trkpt lat="50.07413" lon="17.39857"><time>2026-07-30T09:25:29Z</time></trkpt><trkpt lat="50.07427" lon="17.3985"><time>2026-07-30T09:25:30Z</time></trkpt><trkpt lat="50.0744" lon="17.39844"><time>2026-07-30T09:25:31Z</time></trkpt><trkpt lat="50.07453" lon="17.39834"><time>2026-07-30T09:25:32Z</time></trkpt><trkpt lat="50.07465" lon="17.39822"><time>2026-07-30T09:25:33Z</time></trkpt><trkpt lat="50.07478" lon="17.39808"><time>2026-07-30T09:25:34Z</time></trkpt><trkpt lat="50.0749" lon="17.39792"><time>2026-07-30T09:25:35Z</time></trkpt><trkpt lat="50.07502" lon="17.39776"><time>2026-07-30T09:25:36Z</time></trkpt><trkpt lat="50.07513" lon="17.39761"><time>2026-07-30T09:25:37Z</time></trkpt><trkpt lat="50.07524" lon="17.39747"><time>2026-07-30T09:25:38Z</time></trkpt><trkpt lat="50.07535" lon="17.39731"><time>2026-07-30T09:25:39Z</time></trkpt><trkpt lat="50.07546" lon="17.39716"><time>2026-07-30T09:25:40Z</time></trkpt><trkpt lat="50.07557" lon="17.39702"><time>2026-07-30T09:25:41Z</time></trkpt><trkpt lat="50.07569" lon="17.39689"><time>2026-07-30T09:25:42Z</time></trkpt><trkpt lat="50.0758" lon="17.39675"><time>2026-07-30T09:25:43Z</time></trkpt><trkpt lat="50.07593" lon="17.39658"><time>2026-07-30T09:25:44Z</time></trkpt><trkpt lat="50.07606" lon="17.39644"><time>2026-07-30T09:25:45Z</time></trkpt><trkpt lat="50.07618" lon="17.3963"><time>2026-07-30T09:25:46Z</time></trkpt><trkpt lat="50.07631" lon="17.39617"><time>2026-07-30T09:25:47Z</time></trkpt><trkpt lat="50.07644" lon="17.39606"><time>2026-07-30T09:25:48Z</time></trkpt><trkpt lat="50.07657" lon="17.39594"><time>2026-07-30T09:25:49Z</time></trkpt><trkpt lat="50.0767" lon="17.39582"><time>2026-07-30T09:25:50Z</time></trkpt><trkpt lat="50.07682" lon="17.39571"><time>2026-07-30T09:25:51Z</time></trkpt><trkpt lat="50.07694" lon="17.3956"><time>2026-07-30T09:25:52Z</time></trkpt><trkpt lat="50.07706" lon="17.39549"><time>2026-07-30T09:25:53Z</time></trkpt><trkpt lat="50.07717" lon="17.39539"><time>2026-07-30T09:25:54Z</time></trkpt><trkpt lat="50.07729" lon="17.39532"><time>2026-07-30T09:25:55Z</time></trkpt><trkpt lat="50.0774" lon="17.39524"><time>2026-07-30T09:25:56Z</time></trkpt><trkpt lat="50.0775" lon="17.39519"><time>2026-07-30T09:25:57Z</time></trkpt><trkpt lat="50.0776" lon="17.39516"><time>2026-07-30T09:25:58Z</time></trkpt><trkpt lat="50.07771" lon="17.39515"><time>2026-07-30T09:25:59Z</time></trkpt><trkpt lat="50.07783" lon="17.39515"><time>2026-07-30T09:26:00Z</time></trkpt><trkpt lat="50.07794" lon="17.39516"><time>2026-07-30T09:26:01Z</time></trkpt><trkpt lat="50.07806" lon="17.39518"><time>2026-07-30T09:26:02Z</time></trkpt><trkpt lat="50.07818" lon="17.3952"><time>2026-07-30T09:26:03Z</time></trkpt><trkpt lat="50.07828" lon="17.39523"><time>2026-07-30T09:26:04Z</time></trkpt><trkpt lat="50.07836" lon="17.3953"><time>2026-07-30T09:26:05Z</time></trkpt><trkpt lat="50.07844" lon="17.39538"><time>2026-07-30T09:26:06Z</time></trkpt><trkpt lat="50.07851" lon="17.39552"><time>2026-07-30T09:26:07Z</time></trkpt><trkpt lat="50.07857" lon="17.39567"><time>2026-07-30T09:26:08Z</time></trkpt><trkpt lat="50.07861" lon="17.39583"><time>2026-07-30T09:26:09Z</time></trkpt><trkpt lat="50.07865" lon="17.39598"><time>2026-07-30T09:26:10Z</time></trkpt><trkpt lat="50.07871" lon="17.39613"><time>2026-07-30T09:26:11Z</time></trkpt><trkpt lat="50.07878" lon="17.39627"><time>2026-07-30T09:26:12Z</time></trkpt><trkpt lat="50.07887" lon="17.39638"><time>2026-07-30T09:26:13Z</time></trkpt><trkpt lat="50.07895" lon="17.39649"><time>2026-07-30T09:26:14Z</time></trkpt><trkpt lat="50.07903" lon="17.3966"><time>2026-07-30T09:26:15Z</time></trkpt><trkpt lat="50.07909" lon="17.3967"><time>2026-07-30T09:26:16Z</time></trkpt><trkpt lat="50.07916" lon="17.39681"><time>2026-07-30T09:26:17Z</time></trkpt><trkpt lat="50.07925" lon="17.39693"><time>2026-07-30T09:26:18Z</time></trkpt><trkpt lat="50.07934" lon="17.39705"><time>2026-07-30T09:26:19Z</time></trkpt><trkpt lat="50.07943" lon="17.39719"><time>2026-07-30T09:26:20Z</time></trkpt><trkpt lat="50.07952" lon="17.39735"><time>2026-07-30T09:26:21Z</time></trkpt><trkpt lat="50.0796" lon="17.39751"><time>2026-07-30T09:26:22Z</time></trkpt><trkpt lat="50.07968" lon="17.39768"><time>2026-07-30T09:26:23Z</time></trkpt><trkpt lat="50.07975" lon="17.39787"><time>2026-07-30T09:26:24Z</time></trkpt><trkpt lat="50.07981" lon="17.39807"><time>2026-07-30T09:26:25Z</time></trkpt><trkpt lat="50.07987" lon="17.39828"><time>2026-07-30T09:26:26Z</time></trkpt><trkpt lat="50.07993" lon="17.39851"><time>2026-07-30T09:26:27Z</time></trkpt><trkpt lat="50.07998" lon="17.39874"><time>2026-07-30T09:26:28Z</time></trkpt><trkpt lat="50.08003" lon="17.39897"><time>2026-07-30T09:26:29Z</time></trkpt><trkpt lat="50.08008" lon="17.39922"><time>2026-07-30T09:26:30Z</time></trkpt><trkpt lat="50.08013" lon="17.39945"><time>2026-07-30T09:26:31Z</time></trkpt><trkpt lat="50.08018" lon="17.39968"><time>2026-07-30T09:26:32Z</time></trkpt><trkpt lat="50.08023" lon="17.39993"><time>2026-07-30T09:26:33Z</time></trkpt><trkpt lat="50.08027" lon="17.40016"><time>2026-07-30T09:26:34Z</time></trkpt><trkpt lat="50.08033" lon="17.40038"><time>2026-07-30T09:26:35Z</time></trkpt><trkpt lat="50.08039" lon="17.40061"><time>2026-07-30T09:26:36Z</time></trkpt><trkpt lat="50.08045" lon="17.40081"><time>2026-07-30T09:26:37Z</time></trkpt><trkpt lat="50.08052" lon="17.40101"><time>2026-07-30T09:26:38Z</time></trkpt><trkpt lat="50.0806" lon="17.40119"><time>2026-07-30T09:26:39Z</time></trkpt><trkpt lat="50.08069" lon="17.40135"><time>2026-07-30T09:26:40Z</time></trkpt><trkpt lat="50.08079" lon="17.40149"><time>2026-07-30T09:26:41Z</time></trkpt><trkpt lat="50.0809" lon="17.4016"><time>2026-07-30T09:26:42Z</time></trkpt><trkpt lat="50.08102" lon="17.40168"><time>2026-07-30T09:26:43Z</time></trkpt><trkpt lat="50.08115" lon="17.40174"><time>2026-07-30T09:26:44Z</time></trkpt><trkpt lat="50.08129" lon="17.4018"><time>2026-07-30T09:26:45Z</time></trkpt><trkpt lat="50.08145" lon="17.40186"><time>2026-07-30T09:26:46Z</time></trkpt><trkpt lat="50.08162" lon="17.40192"><time>2026-07-30T09:26:47Z</time></trkpt><trkpt lat="50.08177" lon="17.40198"><time>2026-07-30T09:26:48Z</time></trkpt><trkpt lat="50.08193" lon="17.40203"><time>2026-07-30T09:26:49Z</time></trkpt><trkpt lat="50.08208" lon="17.40209"><time>2026-07-30T09:26:50Z</time></trkpt><trkpt lat="50.08224" lon="17.40215"><time>2026-07-30T09:26:51Z</time></trkpt><trkpt lat="50.08239" lon="17.40221"><time>2026-07-30T09:26:52Z</time></trkpt><trkpt lat="50.08253" lon="17.40226"><time>2026-07-30T09:26:53Z</time></trkpt><trkpt lat="50.08268" lon="17.40232"><time>2026-07-30T09:26:54Z</time></trkpt><trkpt lat="50.08283" lon="17.40238"><time>2026-07-30T09:26:55Z</time></trkpt><trkpt lat="50.08297" lon="17.40244"><time>2026-07-30T09:26:56Z</time></trkpt><trkpt lat="50.08312" lon="17.40249"><time>2026-07-30T09:26:57Z</time></trkpt><trkpt lat="50.08326" lon="17.40254"><time>2026-07-30T09:26:58Z</time></trkpt><trkpt lat="50.08339" lon="17.40259"><time>2026-07-30T09:26:59Z</time></trkpt><trkpt lat="50.08353" lon="17.40264"><time>2026-07-30T09:27:00Z</time></trkpt><trkpt lat="50.08366" lon="17.40271"><time>2026-07-30T09:27:01Z</time></trkpt><trkpt lat="50.0838" lon="17.40278"><time>2026-07-30T09:27:02Z</time></trkpt><trkpt lat="50.08393" lon="17.40286"><time>2026-07-30T09:27:03Z</time></trkpt><trkpt lat="50.08407" lon="17.40294"><time>2026-07-30T09:27:04Z</time></trkpt><trkpt lat="50.0842" lon="17.40302"><time>2026-07-30T09:27:05Z</time></trkpt><trkpt lat="50.08432" lon="17.4031"><time>2026-07-30T09:27:06Z</time></trkpt><trkpt lat="50.08445" lon="17.4032"><time>2026-07-30T09:27:07Z</time></trkpt><trkpt lat="50.08459" lon="17.40328"><time>2026-07-30T09:27:08Z</time></trkpt><trkpt lat="50.08468" lon="17.40338"><time>2026-07-30T09:27:09Z</time></trkpt><trkpt lat="50.08479" lon="17.40348"><time>2026-07-30T09:27:10Z</time></trkpt><trkpt lat="50.08489" lon="17.40361"><time>2026-07-30T09:27:11Z</time></trkpt><trkpt lat="50.08499" lon="17.4037"><time>2026-07-30T09:27:12Z</time></trkpt><trkpt lat="50.08509" lon="17.40379"><time>2026-07-30T09:27:13Z</time></trkpt><trkpt lat="50.08519" lon="17.40387"><time>2026-07-30T09:27:14Z</time></trkpt><trkpt lat="50.08532" lon="17.40391"><time>2026-07-30T09:27:15Z</time></trkpt><trkpt lat="50.08547" lon="17.40392"><time>2026-07-30T09:27:16Z</time></trkpt><trkpt lat="50.08562" lon="17.40393"><time>2026-07-30T09:27:17Z</time></trkpt><trkpt lat="50.08578" lon="17.40392"><time>2026-07-30T09:27:18Z</time></trkpt><trkpt lat="50.08591" lon="17.40391"><time>2026-07-30T09:27:19Z</time></trkpt><trkpt lat="50.08606" lon="17.40394"><time>2026-07-30T09:27:20Z</time></trkpt><trkpt lat="50.0862" lon="17.40394"><time>2026-07-30T09:27:21Z</time></trkpt><trkpt lat="50.08634" lon="17.40395"><time>2026-07-30T09:27:22Z</time></trkpt><trkpt lat="50.08648" lon="17.40398"><time>2026-07-30T09:27:23Z</time></trkpt><trkpt lat="50.08662" lon="17.40403"><time>2026-07-30T09:27:24Z</time></trkpt><trkpt lat="50.08676" lon="17.40409"><time>2026-07-30T09:27:25Z</time></trkpt><trkpt lat="50.08691" lon="17.40415"><time>2026-07-30T09:27:26Z</time></trkpt><trkpt lat="50.08704" lon="17.40421"><time>2026-07-30T09:27:27Z</time></trkpt><trkpt lat="50.08718" lon="17.40426"><time>2026-07-30T09:27:28Z</time></trkpt><trkpt lat="50.08731" lon="17.40432"><time>2026-07-30T09:27:29Z</time></trkpt><trkpt lat="50.08743" lon="17.40438"><time>2026-07-30T09:27:30Z</time></trkpt><trkpt lat="50.08756" lon="17.40445"><time>2026-07-30T09:27:31Z</time></trkpt><trkpt lat="50.0877" lon="17.40451"><time>2026-07-30T09:27:32Z</time></trkpt><trkpt lat="50.08784" lon="17.40457"><time>2026-07-30T09:27:33Z</time></trkpt><trkpt lat="50.08799" lon="17.40465"><time>2026-07-30T09:27:34Z</time></trkpt><trkpt lat="50.08814" lon="17.40472"><time>2026-07-30T09:27:35Z</time></trkpt><trkpt lat="50.08828" lon="17.4048"><time>2026-07-30T09:27:36Z</time></trkpt><trkpt lat="50.08842" lon="17.40488"><time>2026-07-30T09:27:37Z</time></trkpt><trkpt lat="50.08856" lon="17.40495"><time>2026-07-30T09:27:38Z</time></trkpt><trkpt lat="50.08871" lon="17.40503"><time>2026-07-30T09:27:39Z</time></trkpt><trkpt lat="50.08884" lon="17.40512"><time>2026-07-30T09:27:40Z</time></trkpt><trkpt lat="50.08898" lon="17.40523"><time>2026-07-30T09:27:41Z</time></trkpt><trkpt lat="50.08911" lon="17.40537"><time>2026-07-30T09:27:42Z</time></trkpt><trkpt lat="50.08924" lon="17.40552"><time>2026-07-30T09:27:43Z</time></trkpt><trkpt lat="50.08938" lon="17.40566"><time>2026-07-30T09:27:44Z</time></trkpt><trkpt lat="50.08951" lon="17.40582"><time>2026-07-30T09:27:45Z</time></trkpt><trkpt lat="50.08965" lon="17.40597"><time>2026-07-30T09:27:46Z</time></trkpt><trkpt lat="50.0898" lon="17.40612"><time>2026-07-30T09:27:47Z</time></trkpt><trkpt lat="50.08996" lon="17.40627"><time>2026-07-30T09:27:48Z</time></trkpt><trkpt lat="50.0901" lon="17.40641"><time>2026-07-30T09:27:49Z</time></trkpt><trkpt lat="50.09026" lon="17.40654"><time>2026-07-30T09:27:50Z</time></trkpt><trkpt lat="50.09041" lon="17.40667"><time>2026-07-30T09:27:51Z</time></trkpt><trkpt lat="50.09057" lon="17.4068"><time>2026-07-30T09:27:52Z</time></trkpt><trkpt lat="50.09072" lon="17.40692"><time>2026-07-30T09:27:53Z</time></trkpt><trkpt lat="50.09088" lon="17.40703"><time>2026-07-30T09:27:54Z</time></trkpt><trkpt lat="50.09103" lon="17.40713"><time>2026-07-30T09:27:55Z</time></trkpt><trkpt lat="50.09119" lon="17.40723"><time>2026-07-30T09:27:56Z</time></trkpt><trkpt lat="50.09135" lon="17.40732"><time>2026-07-30T09:27:57Z</time></trkpt><trkpt lat="50.09149" lon="17.40738"><time>2026-07-30T09:27:58Z</time></trkpt><trkpt lat="50.09164" lon="17.40741"><time>2026-07-30T09:27:59Z</time></trkpt><trkpt lat="50.09179" lon="17.40741"><time>2026-07-30T09:28:00Z</time></trkpt><trkpt lat="50.09193" lon="17.4074"><time>2026-07-30T09:28:01Z</time></trkpt><trkpt lat="50.09208" lon="17.40738"><time>2026-07-30T09:28:02Z</time></trkpt><trkpt lat="50.09226" lon="17.40735"><time>2026-07-30T09:28:03Z</time></trkpt><trkpt lat="50.09242" lon="17.40735"><time>2026-07-30T09:28:04Z</time></trkpt><trkpt lat="50.09258" lon="17.40736"><time>2026-07-30T09:28:05Z</time></trkpt><trkpt lat="50.09274" lon="17.40741"><time>2026-07-30T09:28:06Z</time></trkpt><trkpt lat="50.0929" lon="17.40746"><time>2026-07-30T09:28:07Z</time></trkpt><trkpt lat="50.09308" lon="17.40751"><time>2026-07-30T09:28:08Z</time></trkpt><trkpt lat="50.09324" lon="17.40758"><time>2026-07-30T09:28:09Z</time></trkpt><trkpt lat="50.0934" lon="17.40765"><time>2026-07-30T09:28:10Z</time></trkpt><trkpt lat="50.09355" lon="17.40773"><time>2026-07-30T09:28:11Z</time></trkpt><trkpt lat="50.0937" lon="17.4078"><time>2026-07-30T09:28:12Z</time></trkpt><trkpt lat="50.09385" lon="17.40788"><time>2026-07-30T09:28:13Z</time></trkpt><trkpt lat="50.09399" lon="17.40796"><time>2026-07-30T09:28:14Z</time></trkpt><trkpt lat="50.09412" lon="17.40805"><time>2026-07-30T09:28:15Z</time></trkpt><trkpt lat="50.09423" lon="17.40814"><time>2026-07-30T09:28:16Z</time></trkpt><trkpt lat="50.09432" lon="17.40822"><time>2026-07-30T09:28:17Z</time></trkpt><trkpt lat="50.09441" lon="17.40831"><time>2026-07-30T09:28:18Z</time></trkpt><trkpt lat="50.09447" lon="17.40839"><time>2026-07-30T09:28:19Z</time></trkpt><trkpt lat="50.09453" lon="17.40848"><time>2026-07-30T09:28:20Z</time></trkpt><trkpt lat="50.09456" lon="17.40859"><time>2026-07-30T09:28:21Z</time></trkpt><trkpt lat="50.09458" lon="17.40872"><time>2026-07-30T09:28:22Z</time></trkpt><trkpt lat="50.09454" lon="17.40884"><time>2026-07-30T09:28:23Z</time></trkpt><trkpt lat="50.09446" lon="17.40894"><time>2026-07-30T09:28:24Z</time></trkpt><trkpt lat="50.09437" lon="17.40902"><time>2026-07-30T09:28:25Z</time></trkpt><trkpt lat="50.09428" lon="17.40909"><time>2026-07-30T09:28:26Z</time></trkpt><trkpt lat="50.09421" lon="17.40917"><time>2026-07-30T09:28:27Z</time></trkpt><trkpt lat="50.09415" lon="17.40926"><time>2026-07-30T09:28:28Z</time></trkpt><trkpt lat="50.09412" lon="17.40937"><time>2026-07-30T09:28:29Z</time></trkpt><trkpt lat="50.0941" lon="17.4095"><time>2026-07-30T09:28:30Z</time></trkpt><trkpt lat="50.09411" lon="17.40966"><time>2026-07-30T09:28:31Z</time></trkpt><trkpt lat="50.09417" lon="17.40981"><time>2026-07-30T09:28:32Z</time></trkpt><trkpt lat="50.09424" lon="17.40995"><time>2026-07-30T09:28:33Z</time></trkpt><trkpt lat="50.09432" lon="17.41005"><time>2026-07-30T09:28:34Z</time></trkpt><trkpt lat="50.09441" lon="17.41018"><time>2026-07-30T09:28:35Z</time></trkpt><trkpt lat="50.0945" lon="17.41032"><time>2026-07-30T09:28:36Z</time></trkpt><trkpt lat="50.0946" lon="17.41049"><time>2026-07-30T09:28:37Z</time></trkpt><trkpt lat="50.09465" lon="17.41069"><time>2026-07-30T09:28:38Z</time></trkpt><trkpt lat="50.09472" lon="17.41089"><time>2026-07-30T09:28:39Z</time></trkpt><trkpt lat="50.09478" lon="17.41108"><time>2026-07-30T09:28:40Z</time></trkpt><trkpt lat="50.09484" lon="17.41128"><time>2026-07-30T09:28:41Z</time></trkpt><trkpt lat="50.0949" lon="17.41147"><time>2026-07-30T09:28:42Z</time></trkpt><trkpt lat="50.09495" lon="17.41167"><time>2026-07-30T09:28:43Z</time></trkpt><trkpt lat="50.09498" lon="17.41187"><time>2026-07-30T09:28:44Z</time></trkpt><trkpt lat="50.09501" lon="17.41207"><time>2026-07-30T09:28:45Z</time></trkpt><trkpt lat="50.09503" lon="17.41229"><time>2026-07-30T09:28:46Z</time></trkpt><trkpt lat="50.09503" lon="17.41252"><time>2026-07-30T09:28:47Z</time></trkpt><trkpt lat="50.09503" lon="17.41275"><time>2026-07-30T09:28:48Z</time></trkpt><trkpt lat="50.09502" lon="17.41297"><time>2026-07-30T09:28:49Z</time></trkpt><trkpt lat="50.09503" lon="17.41318"><time>2026-07-30T09:28:50Z</time></trkpt><trkpt lat="50.09502" lon="17.41338"><time>2026-07-30T09:28:51Z</time></trkpt><trkpt lat="50.095" lon="17.41358"><time>2026-07-30T09:28:52Z</time></trkpt><trkpt lat="50.09499" lon="17.41379"><time>2026-07-30T09:28:53Z</time></trkpt><trkpt lat="50.09498" lon="17.41401"><time>2026-07-30T09:28:54Z</time></trkpt><trkpt lat="50.09497" lon="17.41424"><time>2026-07-30T09:28:55Z</time></trkpt><trkpt lat="50.09498" lon="17.41447"><time>2026-07-30T09:28:56Z</time></trkpt><trkpt lat="50.095" lon="17.41469"><time>2026-07-30T09:28:57Z</time></trkpt><trkpt lat="50.09502" lon="17.41489"><time>2026-07-30T09:28:58Z</time></trkpt><trkpt lat="50.09504" lon="17.41511"><time>2026-07-30T09:28:59Z</time></trkpt><trkpt lat="50.09505" lon="17.4153"><time>2026-07-30T09:29:00Z</time></trkpt><trkpt lat="50.09506" lon="17.4155"><time>2026-07-30T09:29:01Z</time></trkpt><trkpt lat="50.09505" lon="17.41571"><time>2026-07-30T09:29:02Z</time></trkpt><trkpt lat="50.09502" lon="17.4159"><time>2026-07-30T09:29:03Z</time></trkpt><trkpt lat="50.09497" lon="17.41609"><time>2026-07-30T09:29:04Z</time></trkpt><trkpt lat="50.09489" lon="17.41627"><time>2026-07-30T09:29:05Z</time></trkpt><trkpt lat="50.09479" lon="17.41644"><time>2026-07-30T09:29:06Z</time></trkpt><trkpt lat="50.09468" lon="17.41659"><time>2026-07-30T09:29:07Z</time></trkpt><trkpt lat="50.09457" lon="17.41676"><time>2026-07-30T09:29:08Z</time></trkpt><trkpt lat="50.09445" lon="17.41694"><time>2026-07-30T09:29:09Z</time></trkpt><trkpt lat="50.09432" lon="17.41711"><time>2026-07-30T09:29:10Z</time></trkpt><trkpt lat="50.0942" lon="17.41729"><time>2026-07-30T09:29:11Z</time></trkpt><trkpt lat="50.09407" lon="17.41747"><time>2026-07-30T09:29:12Z</time></trkpt><trkpt lat="50.09395" lon="17.41767"><time>2026-07-30T09:29:13Z</time></trkpt><trkpt lat="50.09383" lon="17.41786"><time>2026-07-30T09:29:14Z</time></trkpt><trkpt lat="50.09372" lon="17.41804"><time>2026-07-30T09:29:15Z</time></trkpt><trkpt lat="50.0936" lon="17.41824"><time>2026-07-30T09:29:16Z</time></trkpt><trkpt lat="50.09349" lon="17.41844"><time>2026-07-30T09:29:17Z</time></trkpt><trkpt lat="50.09338" lon="17.41863"><time>2026-07-30T09:29:18Z</time></trkpt><trkpt lat="50.09328" lon="17.41882"><time>2026-07-30T09:29:19Z</time></trkpt><trkpt lat="50.09318" lon="17.41902"><time>2026-07-30T09:29:20Z</time></trkpt><trkpt lat="50.09308" lon="17.41922"><time>2026-07-30T09:29:21Z</time></trkpt><trkpt lat="50.09301" lon="17.41944"><time>2026-07-30T09:29:22Z</time></trkpt><trkpt lat="50.09294" lon="17.41965"><time>2026-07-30T09:29:23Z</time></trkpt><trkpt lat="50.09288" lon="17.41986"><time>2026-07-30T09:29:24Z</time></trkpt><trkpt lat="50.09281" lon="17.42008"><time>2026-07-30T09:29:25Z</time></trkpt><trkpt lat="50.09276" lon="17.4203"><time>2026-07-30T09:29:26Z</time></trkpt><trkpt lat="50.09271" lon="17.42052"><time>2026-07-30T09:29:27Z</time></trkpt><trkpt lat="50.09266" lon="17.42073"><time>2026-07-30T09:29:28Z</time></trkpt><trkpt lat="50.09263" lon="17.42094"><time>2026-07-30T09:29:29Z</time></trkpt><trkpt lat="50.09262" lon="17.42116"><time>2026-07-30T09:29:30Z</time></trkpt><trkpt lat="50.09262" lon="17.42139"><time>2026-07-30T09:29:31Z</time></trkpt><trkpt lat="50.09263" lon="17.42161"><time>2026-07-30T09:29:32Z</time></trkpt><trkpt lat="50.09264" lon="17.42181"><time>2026-07-30T09:29:33Z</time></trkpt><trkpt lat="50.09266" lon="17.422"><time>2026-07-30T09:29:34Z</time></trkpt><trkpt lat="50.09267" lon="17.42219"><time>2026-07-30T09:29:35Z</time></trkpt><trkpt lat="50.09269" lon="17.42239"><time>2026-07-30T09:29:36Z</time></trkpt><trkpt lat="50.09271" lon="17.42259"><time>2026-07-30T09:29:37Z</time></trkpt><trkpt lat="50.09274" lon="17.42281"><time>2026-07-30T09:29:38Z</time></trkpt><trkpt lat="50.09277" lon="17.42304"><time>2026-07-30T09:29:39Z</time></trkpt><trkpt lat="50.09281" lon="17.42327"><time>2026-07-30T09:29:40Z</time></trkpt><trkpt lat="50.09285" lon="17.42349"><time>2026-07-30T09:29:41Z</time></trkpt><trkpt lat="50.09289" lon="17.4237"><time>2026-07-30T09:29:42Z</time></trkpt><trkpt lat="50.09293" lon="17.42391"><time>2026-07-30T09:29:43Z</time></trkpt><trkpt lat="50.09299" lon="17.42411"><time>2026-07-30T09:29:44Z</time></trkpt><trkpt lat="50.09306" lon="17.42431"><time>2026-07-30T09:29:45Z</time></trkpt><trkpt lat="50.09315" lon="17.4245"><time>2026-07-30T09:29:46Z</time></trkpt><trkpt lat="50.09324" lon="17.42468"><time>2026-07-30T09:29:47Z</time></trkpt><trkpt lat="50.09333" lon="17.42484"><time>2026-07-30T09:29:48Z</time></trkpt><trkpt lat="50.09342" lon="17.42499"><time>2026-07-30T09:29:49Z</time></trkpt><trkpt lat="50.0935" lon="17.4251"><time>2026-07-30T09:29:50Z</time></trkpt><trkpt lat="50.09357" lon="17.42518"><time>2026-07-30T09:29:51Z</time></trkpt><trkpt lat="50.09364" lon="17.42523"><time>2026-07-30T09:29:52Z</time></trkpt><trkpt lat="50.09372" lon="17.42523"><time>2026-07-30T09:29:53Z</time></trkpt><trkpt lat="50.09378" lon="17.42517"><time>2026-07-30T09:29:54Z</time></trkpt><trkpt lat="50.09384" lon="17.4251"><time>2026-07-30T09:29:55Z</time></trkpt><trkpt lat="50.09389" lon="17.42496"><time>2026-07-30T09:29:56Z</time></trkpt><trkpt lat="50.09394" lon="17.4248"><time>2026-07-30T09:29:57Z</time></trkpt><trkpt lat="50.09398" lon="17.42461"><time>2026-07-30T09:29:58Z</time></trkpt><trkpt lat="50.09404" lon="17.42439"><time>2026-07-30T09:29:59Z</time></trkpt><trkpt lat="50.0941" lon="17.42415"><time>2026-07-30T09:30:00Z</time></trkpt><trkpt lat="50.09416" lon="17.42391"><time>2026-07-30T09:30:01Z</time></trkpt><trkpt lat="50.09422" lon="17.42368"><time>2026-07-30T09:30:02Z</time></trkpt><trkpt lat="50.09428" lon="17.42347"><time>2026-07-30T09:30:03Z</time></trkpt><trkpt lat="50.09434" lon="17.42326"><time>2026-07-30T09:30:04Z</time></trkpt><trkpt lat="50.09439" lon="17.42305"><time>2026-07-30T09:30:05Z</time></trkpt><trkpt lat="50.09444" lon="17.42285"><time>2026-07-30T09:30:06Z</time></trkpt><trkpt lat="50.09449" lon="17.42265"><time>2026-07-30T09:30:07Z</time></trkpt><trkpt lat="50.09454" lon="17.42246"><time>2026-07-30T09:30:08Z</time></trkpt><trkpt lat="50.09458" lon="17.4223"><time>2026-07-30T09:30:09Z</time></trkpt><trkpt lat="50.09461" lon="17.42213"><time>2026-07-30T09:30:10Z</time></trkpt><trkpt lat="50.09466" lon="17.422"><time>2026-07-30T09:30:11Z</time></trkpt><trkpt lat="50.0947" lon="17.42191"><time>2026-07-30T09:30:12Z</time></trkpt><trkpt lat="50.09477" lon="17.42185"><time>2026-07-30T09:30:13Z</time></trkpt><trkpt lat="50.09484" lon="17.42186"><time>2026-07-30T09:30:14Z</time></trkpt><trkpt lat="50.09492" lon="17.42189"><time>2026-07-30T09:30:15Z</time></trkpt><trkpt lat="50.09501" lon="17.42197"><time>2026-07-30T09:30:16Z</time></trkpt><trkpt lat="50.09511" lon="17.42214"><time>2026-07-30T09:30:17Z</time></trkpt><trkpt lat="50.09522" lon="17.4223"><time>2026-07-30T09:30:18Z</time></trkpt><trkpt lat="50.09532" lon="17.42244"><time>2026-07-30T09:30:19Z</time></trkpt><trkpt lat="50.09541" lon="17.4226"><time>2026-07-30T09:30:20Z</time></trkpt><trkpt lat="50.09551" lon="17.42275"><time>2026-07-30T09:30:21Z</time></trkpt><trkpt lat="50.09559" lon="17.4229"><time>2026-07-30T09:30:22Z</time></trkpt><trkpt lat="50.09568" lon="17.42304"><time>2026-07-30T09:30:23Z</time></trkpt><trkpt lat="50.09576" lon="17.42316"><time>2026-07-30T09:30:24Z</time></trkpt><trkpt lat="50.09584" lon="17.42327"><time>2026-07-30T09:30:25Z</time></trkpt><trkpt lat="50.09593" lon="17.42334"><time>2026-07-30T09:30:26Z</time></trkpt><trkpt lat="50.09603" lon="17.42335"><time>2026-07-30T09:30:27Z</time></trkpt><trkpt lat="50.09613" lon="17.42332"><time>2026-07-30T09:30:28Z</time></trkpt><trkpt lat="50.09623" lon="17.42326"><time>2026-07-30T09:30:29Z</time></trkpt><trkpt lat="50.09633" lon="17.4232"><time>2026-07-30T09:30:30Z</time></trkpt><trkpt lat="50.09641" lon="17.42313"><time>2026-07-30T09:30:31Z</time></trkpt><trkpt lat="50.09652" lon="17.42311"><time>2026-07-30T09:30:32Z</time></trkpt><trkpt lat="50.09662" lon="17.42313"><time>2026-07-30T09:30:33Z</time></trkpt><trkpt lat="50.09671" lon="17.42318"><time>2026-07-30T09:30:34Z</time></trkpt><trkpt lat="50.09679" lon="17.42326"><time>2026-07-30T09:30:35Z</time></trkpt><trkpt lat="50.09685" lon="17.4234"><time>2026-07-30T09:30:36Z</time></trkpt><trkpt lat="50.09689" lon="17.42357"><time>2026-07-30T09:30:37Z</time></trkpt><trkpt lat="50.09693" lon="17.42375"><time>2026-07-30T09:30:38Z</time></trkpt><trkpt lat="50.09697" lon="17.42394"><time>2026-07-30T09:30:39Z</time></trkpt><trkpt lat="50.09701" lon="17.42412"><time>2026-07-30T09:30:40Z</time></trkpt><trkpt lat="50.09705" lon="17.4243"><time>2026-07-30T09:30:41Z</time></trkpt><trkpt lat="50.0971" lon="17.42447"><time>2026-07-30T09:30:42Z</time></trkpt><trkpt lat="50.09715" lon="17.42462"><time>2026-07-30T09:30:43Z</time></trkpt><trkpt lat="50.09722" lon="17.42477"><time>2026-07-30T09:30:44Z</time></trkpt><trkpt lat="50.09731" lon="17.42491"><time>2026-07-30T09:30:45Z</time></trkpt><trkpt lat="50.09741" lon="17.42504"><time>2026-07-30T09:30:46Z</time></trkpt><trkpt lat="50.09751" lon="17.42518"><time>2026-07-30T09:30:47Z</time></trkpt><trkpt lat="50.09763" lon="17.42532"><time>2026-07-30T09:30:48Z</time></trkpt><trkpt lat="50.09775" lon="17.42546"><time>2026-07-30T09:30:49Z</time></trkpt><trkpt lat="50.09788" lon="17.4256"><time>2026-07-30T09:30:50Z</time></trkpt><trkpt lat="50.09801" lon="17.42573"><time>2026-07-30T09:30:51Z</time></trkpt><trkpt lat="50.09817" lon="17.42585"><time>2026-07-30T09:30:52Z</time></trkpt><trkpt lat="50.09831" lon="17.42596"><time>2026-07-30T09:30:53Z</time></trkpt><trkpt lat="50.09846" lon="17.42609"><time>2026-07-30T09:30:54Z</time></trkpt><trkpt lat="50.09861" lon="17.4262"><time>2026-07-30T09:30:55Z</time></trkpt><trkpt lat="50.09875" lon="17.42632"><time>2026-07-30T09:30:56Z</time></trkpt><trkpt lat="50.0989" lon="17.42642"><time>2026-07-30T09:30:57Z</time></trkpt><trkpt lat="50.09903" lon="17.42654"><time>2026-07-30T09:30:58Z</time></trkpt><trkpt lat="50.09916" lon="17.42667"><time>2026-07-30T09:30:59Z</time></trkpt><trkpt lat="50.09929" lon="17.42679"><time>2026-07-30T09:31:00Z</time></trkpt><trkpt lat="50.09941" lon="17.42691"><time>2026-07-30T09:31:01Z</time></trkpt><trkpt lat="50.09953" lon="17.42702"><time>2026-07-30T09:31:02Z</time></trkpt><trkpt lat="50.09965" lon="17.42713"><time>2026-07-30T09:31:03Z</time></trkpt><trkpt lat="50.09978" lon="17.42723"><time>2026-07-30T09:31:04Z</time></trkpt><trkpt lat="50.09991" lon="17.42733"><time>2026-07-30T09:31:05Z</time></trkpt><trkpt lat="50.10004" lon="17.42742"><time>2026-07-30T09:31:06Z</time></trkpt><trkpt lat="50.10017" lon="17.4275"><time>2026-07-30T09:31:07Z</time></trkpt><trkpt lat="50.1003" lon="17.42757"><time>2026-07-30T09:31:08Z</time></trkpt><trkpt lat="50.10043" lon="17.42763"><time>2026-07-30T09:31:09Z</time></trkpt><trkpt lat="50.10056" lon="17.42768"><time>2026-07-30T09:31:10Z</time></trkpt><trkpt lat="50.10071" lon="17.42772"><time>2026-07-30T09:31:11Z</time></trkpt><trkpt lat="50.10086" lon="17.42774"><time>2026-07-30T09:31:12Z</time></trkpt><trkpt lat="50.10102" lon="17.42776"><time>2026-07-30T09:31:13Z</time></trkpt><trkpt lat="50.10119" lon="17.42778"><time>2026-07-30T09:31:14Z</time></trkpt><trkpt lat="50.10136" lon="17.4278"><time>2026-07-30T09:31:15Z</time></trkpt><trkpt lat="50.10153" lon="17.42782"><time>2026-07-30T09:31:16Z</time></trkpt><trkpt lat="50.1017" lon="17.42784"><time>2026-07-30T09:31:17Z</time></trkpt><trkpt lat="50.10185" lon="17.42787"><time>2026-07-30T09:31:18Z</time></trkpt><trkpt lat="50.10199" lon="17.42791"><time>2026-07-30T09:31:19Z</time></trkpt><trkpt lat="50.10213" lon="17.42797"><time>2026-07-30T09:31:20Z</time></trkpt><trkpt lat="50.10228" lon="17.42805"><time>2026-07-30T09:31:21Z</time></trkpt><trkpt lat="50.10242" lon="17.42814"><time>2026-07-30T09:31:22Z</time></trkpt><trkpt lat="50.10256" lon="17.42825"><time>2026-07-30T09:31:23Z</time></trkpt><trkpt lat="50.10269" lon="17.42836"><time>2026-07-30T09:31:24Z</time></trkpt><trkpt lat="50.10283" lon="17.42848"><time>2026-07-30T09:31:25Z</time></trkpt><trkpt lat="50.10298" lon="17.42861"><time>2026-07-30T09:31:26Z</time></trkpt><trkpt lat="50.10314" lon="17.42874"><time>2026-07-30T09:31:27Z</time></trkpt><trkpt lat="50.1033" lon="17.42885"><time>2026-07-30T09:31:28Z</time></trkpt><trkpt lat="50.10345" lon="17.42894"><time>2026-07-30T09:31:29Z</time></trkpt><trkpt lat="50.1036" lon="17.42904"><time>2026-07-30T09:31:30Z</time></trkpt><trkpt lat="50.10374" lon="17.42913"><time>2026-07-30T09:31:31Z</time></trkpt><trkpt lat="50.10388" lon="17.42923"><time>2026-07-30T09:31:32Z</time></trkpt><trkpt lat="50.10402" lon="17.42931"><time>2026-07-30T09:31:33Z</time></trkpt><trkpt lat="50.10416" lon="17.42938"><time>2026-07-30T09:31:34Z</time></trkpt><trkpt lat="50.10427" lon="17.42946"><time>2026-07-30T09:31:35Z</time></trkpt><trkpt lat="50.1044" lon="17.42955"><time>2026-07-30T09:31:36Z</time></trkpt><trkpt lat="50.10449" lon="17.4296"><time>2026-07-30T09:31:37Z</time></trkpt><trkpt lat="50.1046" lon="17.42966"><time>2026-07-30T09:31:38Z</time></trkpt><trkpt lat="50.10472" lon="17.42972"><time>2026-07-30T09:31:39Z</time></trkpt><trkpt lat="50.10486" lon="17.42976"><time>2026-07-30T09:31:40Z</time></trkpt><trkpt lat="50.10499" lon="17.42977"><time>2026-07-30T09:31:41Z</time></trkpt><trkpt lat="50.10512" lon="17.42978"><time>2026-07-30T09:31:42Z</time></trkpt><trkpt lat="50.10525" lon="17.42977"><time>2026-07-30T09:31:43Z</time></trkpt><trkpt lat="50.10537" lon="17.42975"><time>2026-07-30T09:31:44Z</time></trkpt><trkpt lat="50.10546" lon="17.42971"><time>2026-07-30T09:31:45Z</time></trkpt><trkpt lat="50.10556" lon="17.42967"><time>2026-07-30T09:31:46Z</time></trkpt><trkpt lat="50.10566" lon="17.42958"><time>2026-07-30T09:31:47Z</time></trkpt><trkpt lat="50.10573" lon="17.42945"><time>2026-07-30T09:31:48Z</time></trkpt><trkpt lat="50.1058" lon="17.42929"><time>2026-07-30T09:31:49Z</time></trkpt><trkpt lat="50.10586" lon="17.42912"><time>2026-07-30T09:31:50Z</time></trkpt><trkpt lat="50.10592" lon="17.42896"><time>2026-07-30T09:31:51Z</time></trkpt><trkpt lat="50.10597" lon="17.42878"><time>2026-07-30T09:31:52Z</time></trkpt><trkpt lat="50.10602" lon="17.42861"><time>2026-07-30T09:31:53Z</time></trkpt><trkpt lat="50.10609" lon="17.42845"><time>2026-07-30T09:31:54Z</time></trkpt><trkpt lat="50.10614" lon="17.42828"><time>2026-07-30T09:31:55Z</time></trkpt><trkpt lat="50.10618" lon="17.42813"><time>2026-07-30T09:31:56Z</time></trkpt><trkpt lat="50.10622" lon="17.42798"><time>2026-07-30T09:31:57Z</time></trkpt><trkpt lat="50.10627" lon="17.42784"><time>2026-07-30T09:31:58Z</time></trkpt><trkpt lat="50.1063" lon="17.4277"><time>2026-07-30T09:31:59Z</time></trkpt><trkpt lat="50.10634" lon="17.42757"><time>2026-07-30T09:32:00Z</time></trkpt><trkpt lat="50.10637" lon="17.42745"><time>2026-07-30T09:32:01Z</time></trkpt><trkpt lat="50.10639" lon="17.42735"><time>2026-07-30T09:32:02Z</time></trkpt><trkpt lat="50.10641" lon="17.42725"><time>2026-07-30T09:32:03Z</time></trkpt><trkpt lat="50.10642" lon="17.42716"><time>2026-07-30T09:32:04Z</time></trkpt><trkpt lat="50.10643" lon="17.42707"><time>2026-07-30T09:32:05Z</time></trkpt><trkpt lat="50.10643" lon="17.42699"><time>2026-07-30T09:32:06Z</time></trkpt><trkpt lat="50.10644" lon="17.4269"><time>2026-07-30T09:32:07Z</time></trkpt><trkpt lat="50.10645" lon="17.42683"><time>2026-07-30T09:32:08Z</time></trkpt><trkpt lat="50.10646" lon="17.42677"><time>2026-07-30T09:32:09Z</time></trkpt><trkpt lat="50.10648" lon="17.42672"><time>2026-07-30T09:32:10Z</time></trkpt><trkpt lat="50.10649" lon="17.42669"><time>2026-07-30T09:32:11Z</time></trkpt><trkpt lat="50.1065" lon="17.42667"><time>2026-07-30T09:32:12Z</time></trkpt><trkpt lat="50.1065" lon="17.42664"><time>2026-07-30T09:32:13Z</time></trkpt><trkpt lat="50.10651" lon="17.42662"><time>2026-07-30T09:32:14Z</time></trkpt><trkpt lat="50.10651" lon="17.42659"><time>2026-07-30T09:32:15Z</time></trkpt><trkpt lat="50.10652" lon="17.42657"><time>2026-07-30T09:32:16Z</time></trkpt><trkpt lat="50.10653" lon="17.42655"><time>2026-07-30T09:32:17Z</time></trkpt><trkpt lat="50.10648" lon="17.4266"><time>2026-07-30T09:34:23Z</time></trkpt><trkpt lat="50.10653" lon="17.42659"><time>2026-07-30T09:41:10Z</time></trkpt><trkpt lat="50.10655" lon="17.42661"><time>2026-07-30T09:41:11Z</time></trkpt><trkpt lat="50.10657" lon="17.42665"><time>2026-07-30T09:41:12Z</time></trkpt><trkpt lat="50.10658" lon="17.4267"><time>2026-07-30T09:41:13Z</time></trkpt><trkpt lat="50.10659" lon="17.42676"><time>2026-07-30T09:41:14Z</time></trkpt><trkpt lat="50.10659" lon="17.4269"><time>2026-07-30T09:41:15Z</time></trkpt><trkpt lat="50.10658" lon="17.42704"><time>2026-07-30T09:41:16Z</time></trkpt><trkpt lat="50.10656" lon="17.42717"><time>2026-07-30T09:41:17Z</time></trkpt><trkpt lat="50.10653" lon="17.42732"><time>2026-07-30T09:41:18Z</time></trkpt><trkpt lat="50.10651" lon="17.42748"><time>2026-07-30T09:41:19Z</time></trkpt><trkpt lat="50.10649" lon="17.42766"><time>2026-07-30T09:41:20Z</time></trkpt><trkpt lat="50.10647" lon="17.42786"><time>2026-07-30T09:41:21Z</time></trkpt><trkpt lat="50.10646" lon="17.42808"><time>2026-07-30T09:41:22Z</time></trkpt><trkpt lat="50.10645" lon="17.42832"><time>2026-07-30T09:41:23Z</time></trkpt><trkpt lat="50.10644" lon="17.42856"><time>2026-07-30T09:41:24Z</time></trkpt><trkpt lat="50.10642" lon="17.42878"><time>2026-07-30T09:41:25Z</time></trkpt><trkpt lat="50.1064" lon="17.42902"><time>2026-07-30T09:41:26Z</time></trkpt><trkpt lat="50.10637" lon="17.42925"><time>2026-07-30T09:41:27Z</time></trkpt><trkpt lat="50.10633" lon="17.42948"><time>2026-07-30T09:41:28Z</time></trkpt><trkpt lat="50.10629" lon="17.4297"><time>2026-07-30T09:41:29Z</time></trkpt><trkpt lat="50.10624" lon="17.42993"><time>2026-07-30T09:41:30Z</time></trkpt><trkpt lat="50.10618" lon="17.43018"><time>2026-07-30T09:41:31Z</time></trkpt><trkpt lat="50.10612" lon="17.43043"><time>2026-07-30T09:41:32Z</time></trkpt><trkpt lat="50.10607" lon="17.43068"><time>2026-07-30T09:41:33Z</time></trkpt><trkpt lat="50.10602" lon="17.43092"><time>2026-07-30T09:41:34Z</time></trkpt><trkpt lat="50.10596" lon="17.43115"><time>2026-07-30T09:41:35Z</time></trkpt><trkpt lat="50.10592" lon="17.43138"><time>2026-07-30T09:41:36Z</time></trkpt><trkpt lat="50.10587" lon="17.43159"><time>2026-07-30T09:41:37Z</time></trkpt><trkpt lat="50.10584" lon="17.43178"><time>2026-07-30T09:41:38Z</time></trkpt><trkpt lat="50.10581" lon="17.43198"><time>2026-07-30T09:41:39Z</time></trkpt><trkpt lat="50.1058" lon="17.43218"><time>2026-07-30T09:41:40Z</time></trkpt><trkpt lat="50.10581" lon="17.43238"><time>2026-07-30T09:41:41Z</time></trkpt><trkpt lat="50.10583" lon="17.43259"><time>2026-07-30T09:41:42Z</time></trkpt><trkpt lat="50.10587" lon="17.43281"><time>2026-07-30T09:41:43Z</time></trkpt><trkpt lat="50.10592" lon="17.43302"><time>2026-07-30T09:41:44Z</time></trkpt><trkpt lat="50.10597" lon="17.43322"><time>2026-07-30T09:41:45Z</time></trkpt><trkpt lat="50.10602" lon="17.43339"><time>2026-07-30T09:41:46Z</time></trkpt><trkpt lat="50.10609" lon="17.43355"><time>2026-07-30T09:41:47Z</time></trkpt><trkpt lat="50.10617" lon="17.4337"><time>2026-07-30T09:41:48Z</time></trkpt><trkpt lat="50.10626" lon="17.43382"><time>2026-07-30T09:41:49Z</time></trkpt><trkpt lat="50.10635" lon="17.43394"><time>2026-07-30T09:41:50Z</time></trkpt><trkpt lat="50.10645" lon="17.43404"><time>2026-07-30T09:41:51Z</time></trkpt><trkpt lat="50.10655" lon="17.43414"><time>2026-07-30T09:41:52Z</time></trkpt><trkpt lat="50.10664" lon="17.43424"><time>2026-07-30T09:41:53Z</time></trkpt><trkpt lat="50.10674" lon="17.43433"><time>2026-07-30T09:41:54Z</time></trkpt><trkpt lat="50.10684" lon="17.43441"><time>2026-07-30T09:41:55Z</time></trkpt><trkpt lat="50.10693" lon="17.43449"><time>2026-07-30T09:41:56Z</time></trkpt><trkpt lat="50.10703" lon="17.43458"><time>2026-07-30T09:41:57Z</time></trkpt><trkpt lat="50.10713" lon="17.43468"><time>2026-07-30T09:41:58Z</time></trkpt><trkpt lat="50.10723" lon="17.43478"><time>2026-07-30T09:41:59Z</time></trkpt><trkpt lat="50.10733" lon="17.43486"><time>2026-07-30T09:42:00Z</time></trkpt><trkpt lat="50.10741" lon="17.43497"><time>2026-07-30T09:42:01Z</time></trkpt><trkpt lat="50.1075" lon="17.43506"><time>2026-07-30T09:42:02Z</time></trkpt><trkpt lat="50.10756" lon="17.43518"><time>2026-07-30T09:42:03Z</time></trkpt><trkpt lat="50.10761" lon="17.43531"><time>2026-07-30T09:42:04Z</time></trkpt><trkpt lat="50.10766" lon="17.43545"><time>2026-07-30T09:42:05Z</time></trkpt><trkpt lat="50.10769" lon="17.43556"><time>2026-07-30T09:42:06Z</time></trkpt><trkpt lat="50.1077" lon="17.4357"><time>2026-07-30T09:42:07Z</time></trkpt><trkpt lat="50.10771" lon="17.43583"><time>2026-07-30T09:42:08Z</time></trkpt><trkpt lat="50.10771" lon="17.43598"><time>2026-07-30T09:42:09Z</time></trkpt><trkpt lat="50.10771" lon="17.43612"><time>2026-07-30T09:42:10Z</time></trkpt><trkpt lat="50.10769" lon="17.43628"><time>2026-07-30T09:42:11Z</time></trkpt><trkpt lat="50.10768" lon="17.43645"><time>2026-07-30T09:42:12Z</time></trkpt><trkpt lat="50.10767" lon="17.43662"><time>2026-07-30T09:42:13Z</time></trkpt><trkpt lat="50.10765" lon="17.43679"><time>2026-07-30T09:42:14Z</time></trkpt><trkpt lat="50.10763" lon="17.43698"><time>2026-07-30T09:42:15Z</time></trkpt><trkpt lat="50.10763" lon="17.43716"><time>2026-07-30T09:42:16Z</time></trkpt><trkpt lat="50.10761" lon="17.43734"><time>2026-07-30T09:42:17Z</time></trkpt><trkpt lat="50.1076" lon="17.43752"><time>2026-07-30T09:42:18Z</time></trkpt><trkpt lat="50.1076" lon="17.43772"><time>2026-07-30T09:42:19Z</time></trkpt><trkpt lat="50.10759" lon="17.43791"><time>2026-07-30T09:42:20Z</time></trkpt><trkpt lat="50.10759" lon="17.43811"><time>2026-07-30T09:42:21Z</time></trkpt><trkpt lat="50.10759" lon="17.4383"><time>2026-07-30T09:42:22Z</time></trkpt><trkpt lat="50.10759" lon="17.43851"><time>2026-07-30T09:42:23Z</time></trkpt><trkpt lat="50.10759" lon="17.43872"><time>2026-07-30T09:42:24Z</time></trkpt><trkpt lat="50.1076" lon="17.43894"><time>2026-07-30T09:42:25Z</time></trkpt><trkpt lat="50.1076" lon="17.43916"><time>2026-07-30T09:42:26Z</time></trkpt><trkpt lat="50.1076" lon="17.43937"><time>2026-07-30T09:42:27Z</time></trkpt><trkpt lat="50.10761" lon="17.43959"><time>2026-07-30T09:42:28Z</time></trkpt><trkpt lat="50.10761" lon="17.43981"><time>2026-07-30T09:42:29Z</time></trkpt><trkpt lat="50.10761" lon="17.44002"><time>2026-07-30T09:42:30Z</time></trkpt><trkpt lat="50.10761" lon="17.44025"><time>2026-07-30T09:42:31Z</time></trkpt><trkpt lat="50.10761" lon="17.44047"><time>2026-07-30T09:42:32Z</time></trkpt><trkpt lat="50.1076" lon="17.44069"><time>2026-07-30T09:42:33Z</time></trkpt><trkpt lat="50.1076" lon="17.44091"><time>2026-07-30T09:42:34Z</time></trkpt><trkpt lat="50.1076" lon="17.44113"><time>2026-07-30T09:42:35Z</time></trkpt><trkpt lat="50.10759" lon="17.44133"><time>2026-07-30T09:42:36Z</time></trkpt><trkpt lat="50.10757" lon="17.44154"><time>2026-07-30T09:42:37Z</time></trkpt><trkpt lat="50.10754" lon="17.44173"><time>2026-07-30T09:42:38Z</time></trkpt><trkpt lat="50.10751" lon="17.44193"><time>2026-07-30T09:42:39Z</time></trkpt><trkpt lat="50.10746" lon="17.44212"><time>2026-07-30T09:42:40Z</time></trkpt><trkpt lat="50.10741" lon="17.44231"><time>2026-07-30T09:42:41Z</time></trkpt><trkpt lat="50.10735" lon="17.44249"><time>2026-07-30T09:42:42Z</time></trkpt><trkpt lat="50.10728" lon="17.44267"><time>2026-07-30T09:42:43Z</time></trkpt><trkpt lat="50.10722" lon="17.44286"><time>2026-07-30T09:42:44Z</time></trkpt><trkpt lat="50.10715" lon="17.44303"><time>2026-07-30T09:42:45Z</time></trkpt><trkpt lat="50.10708" lon="17.44321"><time>2026-07-30T09:42:46Z</time></trkpt><trkpt lat="50.10702" lon="17.44338"><time>2026-07-30T09:42:47Z</time></trkpt><trkpt lat="50.10696" lon="17.44356"><time>2026-07-30T09:42:48Z</time></trkpt><trkpt lat="50.10689" lon="17.44374"><time>2026-07-30T09:42:49Z</time></trkpt><trkpt lat="50.10682" lon="17.44391"><time>2026-07-30T09:42:50Z</time></trkpt><trkpt lat="50.10675" lon="17.4441"><time>2026-07-30T09:42:51Z</time></trkpt><trkpt lat="50.10668" lon="17.44428"><time>2026-07-30T09:42:52Z</time></trkpt><trkpt lat="50.10662" lon="17.44446"><time>2026-07-30T09:42:53Z</time></trkpt><trkpt lat="50.10655" lon="17.44465"><time>2026-07-30T09:42:54Z</time></trkpt><trkpt lat="50.10648" lon="17.44484"><time>2026-07-30T09:42:55Z</time></trkpt><trkpt lat="50.10642" lon="17.44503"><time>2026-07-30T09:42:56Z</time></trkpt><trkpt lat="50.10635" lon="17.44521"><time>2026-07-30T09:42:57Z</time></trkpt><trkpt lat="50.10628" lon="17.44539"><time>2026-07-30T09:42:58Z</time></trkpt><trkpt lat="50.10621" lon="17.44557"><time>2026-07-30T09:42:59Z</time></trkpt><trkpt lat="50.10614" lon="17.44574"><time>2026-07-30T09:43:00Z</time></trkpt><trkpt lat="50.10607" lon="17.44591"><time>2026-07-30T09:43:01Z</time></trkpt><trkpt lat="50.10599" lon="17.44606"><time>2026-07-30T09:43:02Z</time></trkpt><trkpt lat="50.10592" lon="17.44622"><time>2026-07-30T09:43:03Z</time></trkpt><trkpt lat="50.10583" lon="17.44638"><time>2026-07-30T09:43:04Z</time></trkpt><trkpt lat="50.10575" lon="17.44653"><time>2026-07-30T09:43:05Z</time></trkpt><trkpt lat="50.10567" lon="17.44669"><time>2026-07-30T09:43:06Z</time></trkpt><trkpt lat="50.10559" lon="17.44684"><time>2026-07-30T09:43:07Z</time></trkpt><trkpt lat="50.1055" lon="17.44698"><time>2026-07-30T09:43:08Z</time></trkpt><trkpt lat="50.10542" lon="17.44712"><time>2026-07-30T09:43:09Z</time></trkpt><trkpt lat="50.10532" lon="17.44725"><time>2026-07-30T09:43:10Z</time></trkpt><trkpt lat="50.10522" lon="17.44739"><time>2026-07-30T09:43:11Z</time></trkpt><trkpt lat="50.10513" lon="17.44752"><time>2026-07-30T09:43:12Z</time></trkpt><trkpt lat="50.10503" lon="17.44765"><time>2026-07-30T09:43:13Z</time></trkpt><trkpt lat="50.10494" lon="17.44778"><time>2026-07-30T09:43:14Z</time></trkpt><trkpt lat="50.10485" lon="17.44792"><time>2026-07-30T09:43:15Z</time></trkpt><trkpt lat="50.10477" lon="17.44805"><time>2026-07-30T09:43:16Z</time></trkpt><trkpt lat="50.10469" lon="17.44821"><time>2026-07-30T09:43:17Z</time></trkpt><trkpt lat="50.10462" lon="17.44836"><time>2026-07-30T09:43:18Z</time></trkpt><trkpt lat="50.10455" lon="17.44852"><time>2026-07-30T09:43:19Z</time></trkpt><trkpt lat="50.10449" lon="17.44868"><time>2026-07-30T09:43:20Z</time></trkpt><trkpt lat="50.10444" lon="17.44884"><time>2026-07-30T09:43:21Z</time></trkpt><trkpt lat="50.10438" lon="17.44898"><time>2026-07-30T09:43:22Z</time></trkpt><trkpt lat="50.10432" lon="17.44913"><time>2026-07-30T09:43:23Z</time></trkpt><trkpt lat="50.10426" lon="17.44926"><time>2026-07-30T09:43:24Z</time></trkpt><trkpt lat="50.10419" lon="17.44937"><time>2026-07-30T09:43:25Z</time></trkpt><trkpt lat="50.10413" lon="17.44949"><time>2026-07-30T09:43:26Z</time></trkpt><trkpt lat="50.10408" lon="17.4496"><time>2026-07-30T09:43:27Z</time></trkpt><trkpt lat="50.10404" lon="17.4497"><time>2026-07-30T09:43:28Z</time></trkpt><trkpt lat="50.104" lon="17.44982"><time>2026-07-30T09:43:29Z</time></trkpt><trkpt lat="50.10398" lon="17.44993"><time>2026-07-30T09:43:30Z</time></trkpt><trkpt lat="50.10397" lon="17.45007"><time>2026-07-30T09:43:31Z</time></trkpt><trkpt lat="50.10397" lon="17.45021"><time>2026-07-30T09:43:32Z</time></trkpt><trkpt lat="50.10397" lon="17.45034"><time>2026-07-30T09:43:33Z</time></trkpt><trkpt lat="50.10398" lon="17.45046"><time>2026-07-30T09:43:34Z</time></trkpt><trkpt lat="50.10399" lon="17.45059"><time>2026-07-30T09:43:35Z</time></trkpt><trkpt lat="50.10404" lon="17.45069"><time>2026-07-30T09:43:36Z</time></trkpt><trkpt lat="50.10411" lon="17.45079"><time>2026-07-30T09:43:37Z</time></trkpt><trkpt lat="50.10419" lon="17.45086"><time>2026-07-30T09:43:38Z</time></trkpt><trkpt lat="50.1043" lon="17.45094"><time>2026-07-30T09:43:39Z</time></trkpt><trkpt lat="50.1044" lon="17.45103"><time>2026-07-30T09:43:40Z</time></trkpt><trkpt lat="50.10453" lon="17.45112"><time>2026-07-30T09:43:41Z</time></trkpt><trkpt lat="50.10466" lon="17.45119"><time>2026-07-30T09:43:42Z</time></trkpt><trkpt lat="50.10478" lon="17.45129"><time>2026-07-30T09:43:43Z</time></trkpt><trkpt lat="50.10489" lon="17.45141"><time>2026-07-30T09:43:44Z</time></trkpt><trkpt lat="50.10502" lon="17.45154"><time>2026-07-30T09:43:45Z</time></trkpt><trkpt lat="50.10513" lon="17.45168"><time>2026-07-30T09:43:46Z</time></trkpt><trkpt lat="50.10525" lon="17.45184"><time>2026-07-30T09:43:47Z</time></trkpt><trkpt lat="50.10535" lon="17.45201"><time>2026-07-30T09:43:48Z</time></trkpt><trkpt lat="50.10547" lon="17.45218"><time>2026-07-30T09:43:49Z</time></trkpt><trkpt lat="50.10559" lon="17.45235"><time>2026-07-30T09:43:50Z</time></trkpt><trkpt lat="50.10569" lon="17.45252"><time>2026-07-30T09:43:51Z</time></trkpt><trkpt lat="50.1058" lon="17.45268"><time>2026-07-30T09:43:52Z</time></trkpt><trkpt lat="50.10591" lon="17.45283"><time>2026-07-30T09:43:53Z</time></trkpt><trkpt lat="50.10599" lon="17.453"><time>2026-07-30T09:43:54Z</time></trkpt><trkpt lat="50.10608" lon="17.45317"><time>2026-07-30T09:43:55Z</time></trkpt><trkpt lat="50.10616" lon="17.45335"><time>2026-07-30T09:43:56Z</time></trkpt><trkpt lat="50.10623" lon="17.45355"><time>2026-07-30T09:43:57Z</time></trkpt><trkpt lat="50.1063" lon="17.45374"><time>2026-07-30T09:43:58Z</time></trkpt><trkpt lat="50.10637" lon="17.45393"><time>2026-07-30T09:43:59Z</time></trkpt><trkpt lat="50.10645" lon="17.45411"><time>2026-07-30T09:44:00Z</time></trkpt><trkpt lat="50.10651" lon="17.45428"><time>2026-07-30T09:44:01Z</time></trkpt><trkpt lat="50.1066" lon="17.45445"><time>2026-07-30T09:44:02Z</time></trkpt><trkpt lat="50.10669" lon="17.4546"><time>2026-07-30T09:44:03Z</time></trkpt><trkpt lat="50.10678" lon="17.45475"><time>2026-07-30T09:44:04Z</time></trkpt><trkpt lat="50.10689" lon="17.4549"><time>2026-07-30T09:44:05Z</time></trkpt><trkpt lat="50.10701" lon="17.45504"><time>2026-07-30T09:44:06Z</time></trkpt><trkpt lat="50.10713" lon="17.45515"><time>2026-07-30T09:44:07Z</time></trkpt><trkpt lat="50.10726" lon="17.45526"><time>2026-07-30T09:44:08Z</time></trkpt><trkpt lat="50.10738" lon="17.45535"><time>2026-07-30T09:44:09Z</time></trkpt><trkpt lat="50.10751" lon="17.45545"><time>2026-07-30T09:44:10Z</time></trkpt><trkpt lat="50.10764" lon="17.45553"><time>2026-07-30T09:44:11Z</time></trkpt><trkpt lat="50.10776" lon="17.4556"><time>2026-07-30T09:44:12Z</time></trkpt><trkpt lat="50.10791" lon="17.45566"><time>2026-07-30T09:44:13Z</time></trkpt><trkpt lat="50.10805" lon="17.4557"><time>2026-07-30T09:44:14Z</time></trkpt><trkpt lat="50.10819" lon="17.45573"><time>2026-07-30T09:44:15Z</time></trkpt><trkpt lat="50.10833" lon="17.45574"><time>2026-07-30T09:44:16Z</time></trkpt><trkpt lat="50.10847" lon="17.45574"><time>2026-07-30T09:44:17Z</time></trkpt><trkpt lat="50.10859" lon="17.45572"><time>2026-07-30T09:44:18Z</time></trkpt><trkpt lat="50.10871" lon="17.45568"><time>2026-07-30T09:44:19Z</time></trkpt><trkpt lat="50.10882" lon="17.45563"><time>2026-07-30T09:44:20Z</time></trkpt><trkpt lat="50.10893" lon="17.45554"><time>2026-07-30T09:44:21Z</time></trkpt><trkpt lat="50.10903" lon="17.45543"><time>2026-07-30T09:44:22Z</time></trkpt><trkpt lat="50.10912" lon="17.4553"><time>2026-07-30T09:44:23Z</time></trkpt><trkpt lat="50.1092" lon="17.45516"><time>2026-07-30T09:44:24Z</time></trkpt><trkpt lat="50.10929" lon="17.45497"><time>2026-07-30T09:44:25Z</time></trkpt><trkpt lat="50.10936" lon="17.45478"><time>2026-07-30T09:44:26Z</time></trkpt><trkpt lat="50.10944" lon="17.45458"><time>2026-07-30T09:44:27Z</time></trkpt><trkpt lat="50.10952" lon="17.45438"><time>2026-07-30T09:44:28Z</time></trkpt><trkpt lat="50.10961" lon="17.45422"><time>2026-07-30T09:44:29Z</time></trkpt><trkpt lat="50.1097" lon="17.45405"><time>2026-07-30T09:44:30Z</time></trkpt><trkpt lat="50.10981" lon="17.45389"><time>2026-07-30T09:44:31Z</time></trkpt><trkpt lat="50.10993" lon="17.45373"><time>2026-07-30T09:44:32Z</time></trkpt><trkpt lat="50.11005" lon="17.45359"><time>2026-07-30T09:44:33Z</time></trkpt><trkpt lat="50.11017" lon="17.45346"><time>2026-07-30T09:44:34Z</time></trkpt><trkpt lat="50.11029" lon="17.45334"><time>2026-07-30T09:44:35Z</time></trkpt><trkpt lat="50.11044" lon="17.45323"><time>2026-07-30T09:44:36Z</time></trkpt><trkpt lat="50.11058" lon="17.45314"><time>2026-07-30T09:44:37Z</time></trkpt><trkpt lat="50.11074" lon="17.45304"><time>2026-07-30T09:44:38Z</time></trkpt><trkpt lat="50.11088" lon="17.45294"><time>2026-07-30T09:44:39Z</time></trkpt><trkpt lat="50.11104" lon="17.45284"><time>2026-07-30T09:44:40Z</time></trkpt><trkpt lat="50.11118" lon="17.45275"><time>2026-07-30T09:44:41Z</time></trkpt><trkpt lat="50.11132" lon="17.45267"><time>2026-07-30T09:44:42Z</time></trkpt><trkpt lat="50.11144" lon="17.4526"><time>2026-07-30T09:44:43Z</time></trkpt><trkpt lat="50.11157" lon="17.45253"><time>2026-07-30T09:44:44Z</time></trkpt><trkpt lat="50.1117" lon="17.45248"><time>2026-07-30T09:44:45Z</time></trkpt><trkpt lat="50.11185" lon="17.45245"><time>2026-07-30T09:44:46Z</time></trkpt><trkpt lat="50.11199" lon="17.45243"><time>2026-07-30T09:44:47Z</time></trkpt><trkpt lat="50.11212" lon="17.45242"><time>2026-07-30T09:44:48Z</time></trkpt><trkpt lat="50.11228" lon="17.45243"><time>2026-07-30T09:44:49Z</time></trkpt><trkpt lat="50.11244" lon="17.45243"><time>2026-07-30T09:44:50Z</time></trkpt><trkpt lat="50.11258" lon="17.45243"><time>2026-07-30T09:44:51Z</time></trkpt><trkpt lat="50.11272" lon="17.45243"><time>2026-07-30T09:44:52Z</time></trkpt><trkpt lat="50.11285" lon="17.45244"><time>2026-07-30T09:44:53Z</time></trkpt><trkpt lat="50.11297" lon="17.45244"><time>2026-07-30T09:44:54Z</time></trkpt><trkpt lat="50.11309" lon="17.45245"><time>2026-07-30T09:44:55Z</time></trkpt><trkpt lat="50.1132" lon="17.45244"><time>2026-07-30T09:44:56Z</time></trkpt><trkpt lat="50.1133" lon="17.45243"><time>2026-07-30T09:44:57Z</time></trkpt><trkpt lat="50.11341" lon="17.45244"><time>2026-07-30T09:44:58Z</time></trkpt><trkpt lat="50.11353" lon="17.45241"><time>2026-07-30T09:44:59Z</time></trkpt><trkpt lat="50.11366" lon="17.45241"><time>2026-07-30T09:45:00Z</time></trkpt><trkpt lat="50.11378" lon="17.45241"><time>2026-07-30T09:45:01Z</time></trkpt><trkpt lat="50.11392" lon="17.4524"><time>2026-07-30T09:45:02Z</time></trkpt><trkpt lat="50.11407" lon="17.45239"><time>2026-07-30T09:45:03Z</time></trkpt><trkpt lat="50.11421" lon="17.45238"><time>2026-07-30T09:45:04Z</time></trkpt><trkpt lat="50.11434" lon="17.45241"><time>2026-07-30T09:45:05Z</time></trkpt><trkpt lat="50.11447" lon="17.45246"><time>2026-07-30T09:45:06Z</time></trkpt><trkpt lat="50.11461" lon="17.45253"><time>2026-07-30T09:45:07Z</time></trkpt><trkpt lat="50.11474" lon="17.45262"><time>2026-07-30T09:45:08Z</time></trkpt><trkpt lat="50.11488" lon="17.45272"><time>2026-07-30T09:45:09Z</time></trkpt><trkpt lat="50.11503" lon="17.45283"><time>2026-07-30T09:45:10Z</time></trkpt><trkpt lat="50.11517" lon="17.45294"><time>2026-07-30T09:45:11Z</time></trkpt><trkpt lat="50.11532" lon="17.45306"><time>2026-07-30T09:45:12Z</time></trkpt><trkpt lat="50.11547" lon="17.45318"><time>2026-07-30T09:45:13Z</time></trkpt><trkpt lat="50.11561" lon="17.45329"><time>2026-07-30T09:45:14Z</time></trkpt><trkpt lat="50.11573" lon="17.45341"><time>2026-07-30T09:45:15Z</time></trkpt><trkpt lat="50.11588" lon="17.45349"><time>2026-07-30T09:45:16Z</time></trkpt><trkpt lat="50.11601" lon="17.45358"><time>2026-07-30T09:45:17Z</time></trkpt><trkpt lat="50.11614" lon="17.45366"><time>2026-07-30T09:45:18Z</time></trkpt><trkpt lat="50.11628" lon="17.45375"><time>2026-07-30T09:45:19Z</time></trkpt><trkpt lat="50.11642" lon="17.45381"><time>2026-07-30T09:45:20Z</time></trkpt><trkpt lat="50.11656" lon="17.45387"><time>2026-07-30T09:45:21Z</time></trkpt><trkpt lat="50.11669" lon="17.45392"><time>2026-07-30T09:45:22Z</time></trkpt><trkpt lat="50.11681" lon="17.45399"><time>2026-07-30T09:45:23Z</time></trkpt><trkpt lat="50.11694" lon="17.45408"><time>2026-07-30T09:45:24Z</time></trkpt><trkpt lat="50.11703" lon="17.45425"><time>2026-07-30T09:45:25Z</time></trkpt><trkpt lat="50.11712" lon="17.45441"><time>2026-07-30T09:45:26Z</time></trkpt><trkpt lat="50.1172" lon="17.4546"><time>2026-07-30T09:45:27Z</time></trkpt><trkpt lat="50.11727" lon="17.45481"><time>2026-07-30T09:45:28Z</time></trkpt><trkpt lat="50.11734" lon="17.45502"><time>2026-07-30T09:45:29Z</time></trkpt><trkpt lat="50.11741" lon="17.45523"><time>2026-07-30T09:45:30Z</time></trkpt><trkpt lat="50.11747" lon="17.45543"><time>2026-07-30T09:45:31Z</time></trkpt><trkpt lat="50.11754" lon="17.45562"><time>2026-07-30T09:45:32Z</time></trkpt><trkpt lat="50.11763" lon="17.45579"><time>2026-07-30T09:45:33Z</time></trkpt><trkpt lat="50.11773" lon="17.45597"><time>2026-07-30T09:45:34Z</time></trkpt><trkpt lat="50.11784" lon="17.45614"><time>2026-07-30T09:45:35Z</time></trkpt><trkpt lat="50.11795" lon="17.4563"><time>2026-07-30T09:45:36Z</time></trkpt><trkpt lat="50.11807" lon="17.45647"><time>2026-07-30T09:45:37Z</time></trkpt><trkpt lat="50.1182" lon="17.45661"><time>2026-07-30T09:45:38Z</time></trkpt><trkpt lat="50.11834" lon="17.45674"><time>2026-07-30T09:45:39Z</time></trkpt><trkpt lat="50.11849" lon="17.45685"><time>2026-07-30T09:45:40Z</time></trkpt><trkpt lat="50.11864" lon="17.45694"><time>2026-07-30T09:45:41Z</time></trkpt><trkpt lat="50.11881" lon="17.457"><time>2026-07-30T09:45:42Z</time></trkpt><trkpt lat="50.11898" lon="17.45706"><time>2026-07-30T09:45:43Z</time></trkpt><trkpt lat="50.11915" lon="17.45712"><time>2026-07-30T09:45:44Z</time></trkpt><trkpt lat="50.11932" lon="17.45719"><time>2026-07-30T09:45:45Z</time></trkpt><trkpt lat="50.1195" lon="17.45725"><time>2026-07-30T09:45:46Z</time></trkpt><trkpt lat="50.11967" lon="17.45731"><time>2026-07-30T09:45:47Z</time></trkpt><trkpt lat="50.11984" lon="17.45738"><time>2026-07-30T09:45:48Z</time></trkpt><trkpt lat="50.12003" lon="17.45744"><time>2026-07-30T09:45:49Z</time></trkpt><trkpt lat="50.1202" lon="17.4575"><time>2026-07-30T09:45:50Z</time></trkpt><trkpt lat="50.12036" lon="17.45757"><time>2026-07-30T09:45:51Z</time></trkpt><trkpt lat="50.1205" lon="17.45762"><time>2026-07-30T09:45:52Z</time></trkpt><trkpt lat="50.12064" lon="17.4577"><time>2026-07-30T09:45:53Z</time></trkpt><trkpt lat="50.12078" lon="17.4578"><time>2026-07-30T09:45:54Z</time></trkpt><trkpt lat="50.1209" lon="17.45792"><time>2026-07-30T09:45:55Z</time></trkpt><trkpt lat="50.12102" lon="17.45805"><time>2026-07-30T09:45:56Z</time></trkpt><trkpt lat="50.12114" lon="17.45821"><time>2026-07-30T09:45:57Z</time></trkpt><trkpt lat="50.12124" lon="17.4584"><time>2026-07-30T09:45:58Z</time></trkpt><trkpt lat="50.12132" lon="17.4586"><time>2026-07-30T09:45:59Z</time></trkpt><trkpt lat="50.1214" lon="17.45881"><time>2026-07-30T09:46:00Z</time></trkpt><trkpt lat="50.12145" lon="17.45904"><time>2026-07-30T09:46:01Z</time></trkpt><trkpt lat="50.12151" lon="17.45928"><time>2026-07-30T09:46:02Z</time></trkpt><trkpt lat="50.12153" lon="17.45952"><time>2026-07-30T09:46:03Z</time></trkpt><trkpt lat="50.12153" lon="17.45976"><time>2026-07-30T09:46:04Z</time></trkpt><trkpt lat="50.12151" lon="17.46001"><time>2026-07-30T09:46:05Z</time></trkpt><trkpt lat="50.12149" lon="17.46024"><time>2026-07-30T09:46:06Z</time></trkpt><trkpt lat="50.12144" lon="17.46047"><time>2026-07-30T09:46:07Z</time></trkpt><trkpt lat="50.12138" lon="17.46068"><time>2026-07-30T09:46:08Z</time></trkpt><trkpt lat="50.12131" lon="17.46087"><time>2026-07-30T09:46:09Z</time></trkpt><trkpt lat="50.12121" lon="17.46107"><time>2026-07-30T09:46:10Z</time></trkpt><trkpt lat="50.1211" lon="17.46125"><time>2026-07-30T09:46:11Z</time></trkpt><trkpt lat="50.121" lon="17.46141"><time>2026-07-30T09:46:12Z</time></trkpt><trkpt lat="50.12089" lon="17.46157"><time>2026-07-30T09:46:13Z</time></trkpt><trkpt lat="50.12079" lon="17.46173"><time>2026-07-30T09:46:14Z</time></trkpt><trkpt lat="50.12068" lon="17.46191"><time>2026-07-30T09:46:15Z</time></trkpt><trkpt lat="50.12057" lon="17.46209"><time>2026-07-30T09:46:16Z</time></trkpt><trkpt lat="50.12047" lon="17.46229"><time>2026-07-30T09:46:17Z</time></trkpt><trkpt lat="50.12038" lon="17.4625"><time>2026-07-30T09:46:18Z</time></trkpt><trkpt lat="50.12029" lon="17.46272"><time>2026-07-30T09:46:19Z</time></trkpt><trkpt lat="50.12022" lon="17.46295"><time>2026-07-30T09:46:20Z</time></trkpt><trkpt lat="50.12017" lon="17.46318"><time>2026-07-30T09:46:21Z</time></trkpt><trkpt lat="50.12013" lon="17.46341"><time>2026-07-30T09:46:22Z</time></trkpt><trkpt lat="50.1201" lon="17.46365"><time>2026-07-30T09:46:23Z</time></trkpt><trkpt lat="50.12009" lon="17.46388"><time>2026-07-30T09:46:24Z</time></trkpt><trkpt lat="50.12009" lon="17.4641"><time>2026-07-30T09:46:25Z</time></trkpt><trkpt lat="50.1201" lon="17.46433"><time>2026-07-30T09:46:26Z</time></trkpt><trkpt lat="50.12013" lon="17.46454"><time>2026-07-30T09:46:27Z</time></trkpt><trkpt lat="50.12016" lon="17.46476"><time>2026-07-30T09:46:28Z</time></trkpt><trkpt lat="50.1202" lon="17.46496"><time>2026-07-30T09:46:29Z</time></trkpt><trkpt lat="50.12024" lon="17.46517"><time>2026-07-30T09:46:30Z</time></trkpt><trkpt lat="50.12029" lon="17.46538"><time>2026-07-30T09:46:31Z</time></trkpt><trkpt lat="50.12034" lon="17.4656"><time>2026-07-30T09:46:32Z</time></trkpt><trkpt lat="50.1204" lon="17.46582"><time>2026-07-30T09:46:33Z</time></trkpt><trkpt lat="50.12046" lon="17.46603"><time>2026-07-30T09:46:34Z</time></trkpt><trkpt lat="50.12053" lon="17.46625"><time>2026-07-30T09:46:35Z</time></trkpt><trkpt lat="50.1206" lon="17.46647"><time>2026-07-30T09:46:36Z</time></trkpt><trkpt lat="50.12066" lon="17.46669"><time>2026-07-30T09:46:37Z</time></trkpt><trkpt lat="50.12072" lon="17.46691"><time>2026-07-30T09:46:38Z</time></trkpt><trkpt lat="50.12078" lon="17.46714"><time>2026-07-30T09:46:39Z</time></trkpt><trkpt lat="50.12084" lon="17.46735"><time>2026-07-30T09:46:40Z</time></trkpt><trkpt lat="50.1209" lon="17.46756"><time>2026-07-30T09:46:41Z</time></trkpt><trkpt lat="50.12097" lon="17.46776"><time>2026-07-30T09:46:42Z</time></trkpt><trkpt lat="50.12103" lon="17.46796"><time>2026-07-30T09:46:43Z</time></trkpt><trkpt lat="50.12108" lon="17.46817"><time>2026-07-30T09:46:44Z</time></trkpt><trkpt lat="50.12113" lon="17.46838"><time>2026-07-30T09:46:45Z</time></trkpt><trkpt lat="50.12118" lon="17.46859"><time>2026-07-30T09:46:46Z</time></trkpt><trkpt lat="50.12124" lon="17.4688"><time>2026-07-30T09:46:47Z</time></trkpt><trkpt lat="50.12129" lon="17.46901"><time>2026-07-30T09:46:48Z</time></trkpt><trkpt lat="50.12134" lon="17.46922"><time>2026-07-30T09:46:49Z</time></trkpt><trkpt lat="50.12138" lon="17.46943"><time>2026-07-30T09:46:50Z</time></trkpt><trkpt lat="50.12144" lon="17.46962"><time>2026-07-30T09:46:51Z</time></trkpt><trkpt lat="50.12149" lon="17.46982"><time>2026-07-30T09:46:52Z</time></trkpt><trkpt lat="50.12154" lon="17.47"><time>2026-07-30T09:46:53Z</time></trkpt><trkpt lat="50.1216" lon="17.47018"><time>2026-07-30T09:46:54Z</time></trkpt><trkpt lat="50.12166" lon="17.47035"><time>2026-07-30T09:46:55Z</time></trkpt><trkpt lat="50.12174" lon="17.47051"><time>2026-07-30T09:46:56Z</time></trkpt><trkpt lat="50.12182" lon="17.47065"><time>2026-07-30T09:46:57Z</time></trkpt><trkpt lat="50.12191" lon="17.47078"><time>2026-07-30T09:46:58Z</time></trkpt><trkpt lat="50.122" lon="17.47089"><time>2026-07-30T09:46:59Z</time></trkpt><trkpt lat="50.1221" lon="17.47101"><time>2026-07-30T09:47:00Z</time></trkpt><trkpt lat="50.1222" lon="17.47113"><time>2026-07-30T09:47:01Z</time></trkpt><trkpt lat="50.1223" lon="17.47125"><time>2026-07-30T09:47:02Z</time></trkpt><trkpt lat="50.12239" lon="17.47139"><time>2026-07-30T09:47:03Z</time></trkpt><trkpt lat="50.12249" lon="17.47153"><time>2026-07-30T09:47:04Z</time></trkpt><trkpt lat="50.12259" lon="17.47167"><time>2026-07-30T09:47:05Z</time></trkpt><trkpt lat="50.12268" lon="17.47181"><time>2026-07-30T09:47:06Z</time></trkpt><trkpt lat="50.12277" lon="17.47196"><time>2026-07-30T09:47:07Z</time></trkpt><trkpt lat="50.12287" lon="17.4721"><time>2026-07-30T09:47:08Z</time></trkpt><trkpt lat="50.12297" lon="17.47226"><time>2026-07-30T09:47:09Z</time></trkpt><trkpt lat="50.12307" lon="17.47241"><time>2026-07-30T09:47:10Z</time></trkpt><trkpt lat="50.12317" lon="17.47256"><time>2026-07-30T09:47:11Z</time></trkpt><trkpt lat="50.12327" lon="17.47271"><time>2026-07-30T09:47:12Z</time></trkpt><trkpt lat="50.12336" lon="17.47287"><time>2026-07-30T09:47:13Z</time></trkpt><trkpt lat="50.12346" lon="17.47304"><time>2026-07-30T09:47:14Z</time></trkpt><trkpt lat="50.12356" lon="17.4732"><time>2026-07-30T09:47:15Z</time></trkpt><trkpt lat="50.12365" lon="17.47337"><time>2026-07-30T09:47:16Z</time></trkpt><trkpt lat="50.12374" lon="17.47353"><time>2026-07-30T09:47:17Z</time></trkpt><trkpt lat="50.12384" lon="17.47368"><time>2026-07-30T09:47:18Z</time></trkpt><trkpt lat="50.12393" lon="17.47385"><time>2026-07-30T09:47:19Z</time></trkpt><trkpt lat="50.12403" lon="17.474"><time>2026-07-30T09:47:20Z</time></trkpt><trkpt lat="50.12412" lon="17.47416"><time>2026-07-30T09:47:21Z</time></trkpt><trkpt lat="50.12422" lon="17.47428"><time>2026-07-30T09:47:22Z</time></trkpt><trkpt lat="50.12433" lon="17.47442"><time>2026-07-30T09:47:23Z</time></trkpt><trkpt lat="50.12444" lon="17.47454"><time>2026-07-30T09:47:24Z</time></trkpt><trkpt lat="50.12457" lon="17.47463"><time>2026-07-30T09:47:25Z</time></trkpt><trkpt lat="50.1247" lon="17.47471"><time>2026-07-30T09:47:26Z</time></trkpt><trkpt lat="50.12483" lon="17.47475"><time>2026-07-30T09:47:27Z</time></trkpt><trkpt lat="50.12498" lon="17.47476"><time>2026-07-30T09:47:28Z</time></trkpt><trkpt lat="50.12513" lon="17.47475"><time>2026-07-30T09:47:29Z</time></trkpt><trkpt lat="50.12527" lon="17.47474"><time>2026-07-30T09:47:30Z</time></trkpt><trkpt lat="50.12542" lon="17.47471"><time>2026-07-30T09:47:31Z</time></trkpt><trkpt lat="50.12558" lon="17.47469"><time>2026-07-30T09:47:32Z</time></trkpt><trkpt lat="50.12573" lon="17.47467"><time>2026-07-30T09:47:33Z</time></trkpt><trkpt lat="50.12588" lon="17.47469"><time>2026-07-30T09:47:34Z</time></trkpt><trkpt lat="50.12603" lon="17.47469"><time>2026-07-30T09:47:35Z</time></trkpt><trkpt lat="50.12618" lon="17.47469"><time>2026-07-30T09:47:36Z</time></trkpt><trkpt lat="50.12633" lon="17.4747"><time>2026-07-30T09:47:37Z</time></trkpt><trkpt lat="50.12646" lon="17.4747"><time>2026-07-30T09:47:38Z</time></trkpt><trkpt lat="50.1266" lon="17.4747"><time>2026-07-30T09:47:39Z</time></trkpt><trkpt lat="50.12673" lon="17.47472"><time>2026-07-30T09:47:40Z</time></trkpt><trkpt lat="50.12685" lon="17.47476"><time>2026-07-30T09:47:41Z</time></trkpt><trkpt lat="50.12696" lon="17.47482"><time>2026-07-30T09:47:42Z</time></trkpt><trkpt lat="50.12706" lon="17.4749"><time>2026-07-30T09:47:43Z</time></trkpt><trkpt lat="50.12717" lon="17.47499"><time>2026-07-30T09:47:44Z</time></trkpt><trkpt lat="50.12726" lon="17.47512"><time>2026-07-30T09:47:45Z</time></trkpt><trkpt lat="50.12736" lon="17.47524"><time>2026-07-30T09:47:46Z</time></trkpt><trkpt lat="50.12747" lon="17.47536"><time>2026-07-30T09:47:47Z</time></trkpt><trkpt lat="50.12758" lon="17.47546"><time>2026-07-30T09:47:48Z</time></trkpt><trkpt lat="50.1277" lon="17.47554"><time>2026-07-30T09:47:49Z</time></trkpt><trkpt lat="50.12783" lon="17.47562"><time>2026-07-30T09:47:50Z</time></trkpt><trkpt lat="50.12796" lon="17.47569"><time>2026-07-30T09:47:51Z</time></trkpt><trkpt lat="50.12809" lon="17.47575"><time>2026-07-30T09:47:52Z</time></trkpt><trkpt lat="50.12822" lon="17.4758"><time>2026-07-30T09:47:53Z</time></trkpt><trkpt lat="50.12833" lon="17.47583"><time>2026-07-30T09:47:54Z</time></trkpt><trkpt lat="50.12846" lon="17.47586"><time>2026-07-30T09:47:55Z</time></trkpt><trkpt lat="50.12859" lon="17.47589"><time>2026-07-30T09:47:56Z</time></trkpt><trkpt lat="50.12874" lon="17.47591"><time>2026-07-30T09:47:57Z</time></trkpt><trkpt lat="50.12888" lon="17.47592"><time>2026-07-30T09:47:58Z</time></trkpt><trkpt lat="50.12903" lon="17.47593"><time>2026-07-30T09:47:59Z</time></trkpt><trkpt lat="50.12918" lon="17.47594"><time>2026-07-30T09:48:00Z</time></trkpt><trkpt lat="50.12933" lon="17.47595"><time>2026-07-30T09:48:01Z</time></trkpt><trkpt lat="50.12948" lon="17.47596"><time>2026-07-30T09:48:02Z</time></trkpt><trkpt lat="50.12961" lon="17.47596"><time>2026-07-30T09:48:03Z</time></trkpt><trkpt lat="50.12975" lon="17.47594"><time>2026-07-30T09:48:04Z</time></trkpt><trkpt lat="50.12988" lon="17.4759"><time>2026-07-30T09:48:05Z</time></trkpt><trkpt lat="50.13001" lon="17.47584"><time>2026-07-30T09:48:06Z</time></trkpt><trkpt lat="50.13014" lon="17.47579"><time>2026-07-30T09:48:07Z</time></trkpt><trkpt lat="50.13028" lon="17.47573"><time>2026-07-30T09:48:08Z</time></trkpt><trkpt lat="50.13043" lon="17.47568"><time>2026-07-30T09:48:09Z</time></trkpt><trkpt lat="50.13058" lon="17.47563"><time>2026-07-30T09:48:10Z</time></trkpt><trkpt lat="50.13074" lon="17.47558"><time>2026-07-30T09:48:11Z</time></trkpt><trkpt lat="50.13087" lon="17.47555"><time>2026-07-30T09:48:12Z</time></trkpt><trkpt lat="50.13101" lon="17.47553"><time>2026-07-30T09:48:13Z</time></trkpt><trkpt lat="50.13113" lon="17.47553"><time>2026-07-30T09:48:14Z</time></trkpt><trkpt lat="50.13127" lon="17.47553"><time>2026-07-30T09:48:15Z</time></trkpt><trkpt lat="50.13141" lon="17.47553"><time>2026-07-30T09:48:16Z</time></trkpt><trkpt lat="50.13154" lon="17.47553"><time>2026-07-30T09:48:17Z</time></trkpt><trkpt lat="50.13169" lon="17.47553"><time>2026-07-30T09:48:18Z</time></trkpt><trkpt lat="50.13183" lon="17.47553"><time>2026-07-30T09:48:19Z</time></trkpt><trkpt lat="50.13196" lon="17.47554"><time>2026-07-30T09:48:20Z</time></trkpt><trkpt lat="50.13211" lon="17.47557"><time>2026-07-30T09:48:21Z</time></trkpt><trkpt lat="50.13226" lon="17.47559"><time>2026-07-30T09:48:22Z</time></trkpt><trkpt lat="50.1324" lon="17.47563"><time>2026-07-30T09:48:23Z</time></trkpt><trkpt lat="50.13254" lon="17.47568"><time>2026-07-30T09:48:24Z</time></trkpt><trkpt lat="50.1327" lon="17.47572"><time>2026-07-30T09:48:25Z</time></trkpt><trkpt lat="50.13286" lon="17.47576"><time>2026-07-30T09:48:26Z</time></trkpt><trkpt lat="50.133" lon="17.47581"><time>2026-07-30T09:48:27Z</time></trkpt><trkpt lat="50.13315" lon="17.47585"><time>2026-07-30T09:48:28Z</time></trkpt><trkpt lat="50.1333" lon="17.4759"><time>2026-07-30T09:48:29Z</time></trkpt><trkpt lat="50.13342" lon="17.47595"><time>2026-07-30T09:48:30Z</time></trkpt><trkpt lat="50.13355" lon="17.47601"><time>2026-07-30T09:48:31Z</time></trkpt><trkpt lat="50.1337" lon="17.47606"><time>2026-07-30T09:48:32Z</time></trkpt><trkpt lat="50.13384" lon="17.47613"><time>2026-07-30T09:48:33Z</time></trkpt><trkpt lat="50.13397" lon="17.47619"><time>2026-07-30T09:48:34Z</time></trkpt><trkpt lat="50.13408" lon="17.47628"><time>2026-07-30T09:48:35Z</time></trkpt><trkpt lat="50.13422" lon="17.47636"><time>2026-07-30T09:48:36Z</time></trkpt><trkpt lat="50.13436" lon="17.47643"><time>2026-07-30T09:48:37Z</time></trkpt><trkpt lat="50.1345" lon="17.47652"><time>2026-07-30T09:48:38Z</time></trkpt><trkpt lat="50.13464" lon="17.47662"><time>2026-07-30T09:48:39Z</time></trkpt><trkpt lat="50.1348" lon="17.47672"><time>2026-07-30T09:48:40Z</time></trkpt><trkpt lat="50.13493" lon="17.47681"><time>2026-07-30T09:48:41Z</time></trkpt><trkpt lat="50.13508" lon="17.47692"><time>2026-07-30T09:48:42Z</time></trkpt><trkpt lat="50.13521" lon="17.47704"><time>2026-07-30T09:48:43Z</time></trkpt><trkpt lat="50.13534" lon="17.47718"><time>2026-07-30T09:48:44Z</time></trkpt><trkpt lat="50.13547" lon="17.47733"><time>2026-07-30T09:48:45Z</time></trkpt><trkpt lat="50.13558" lon="17.4775"><time>2026-07-30T09:48:46Z</time></trkpt><trkpt lat="50.1357" lon="17.47765"><time>2026-07-30T09:48:47Z</time></trkpt><trkpt lat="50.13582" lon="17.47778"><time>2026-07-30T09:48:48Z</time></trkpt><trkpt lat="50.13592" lon="17.47792"><time>2026-07-30T09:48:49Z</time></trkpt><trkpt lat="50.13602" lon="17.47808"><time>2026-07-30T09:48:50Z</time></trkpt><trkpt lat="50.13612" lon="17.47821"><time>2026-07-30T09:48:51Z</time></trkpt><trkpt lat="50.13621" lon="17.47834"><time>2026-07-30T09:48:52Z</time></trkpt><trkpt lat="50.13631" lon="17.47847"><time>2026-07-30T09:48:53Z</time></trkpt><trkpt lat="50.1364" lon="17.47858"><time>2026-07-30T09:48:54Z</time></trkpt><trkpt lat="50.13649" lon="17.47871"><time>2026-07-30T09:48:55Z</time></trkpt><trkpt lat="50.13658" lon="17.47882"><time>2026-07-30T09:48:56Z</time></trkpt><trkpt lat="50.13666" lon="17.47893"><time>2026-07-30T09:48:57Z</time></trkpt><trkpt lat="50.13674" lon="17.47904"><time>2026-07-30T09:48:58Z</time></trkpt><trkpt lat="50.13682" lon="17.47914"><time>2026-07-30T09:48:59Z</time></trkpt><trkpt lat="50.13689" lon="17.47925"><time>2026-07-30T09:49:00Z</time></trkpt><trkpt lat="50.13694" lon="17.47937"><time>2026-07-30T09:49:01Z</time></trkpt><trkpt lat="50.13697" lon="17.47949"><time>2026-07-30T09:49:02Z</time></trkpt><trkpt lat="50.137" lon="17.47961"><time>2026-07-30T09:49:03Z</time></trkpt><trkpt lat="50.13702" lon="17.47973"><time>2026-07-30T09:49:04Z</time></trkpt><trkpt lat="50.13703" lon="17.47988"><time>2026-07-30T09:49:05Z</time></trkpt><trkpt lat="50.13704" lon="17.48002"><time>2026-07-30T09:49:06Z</time></trkpt><trkpt lat="50.13706" lon="17.48014"><time>2026-07-30T09:49:07Z</time></trkpt><trkpt lat="50.13708" lon="17.48029"><time>2026-07-30T09:49:08Z</time></trkpt><trkpt lat="50.13712" lon="17.48038"><time>2026-07-30T09:49:09Z</time></trkpt><trkpt lat="50.13717" lon="17.48046"><time>2026-07-30T09:49:10Z</time></trkpt><trkpt lat="50.13722" lon="17.48057"><time>2026-07-30T09:49:11Z</time></trkpt><trkpt lat="50.13729" lon="17.48067"><time>2026-07-30T09:49:12Z</time></trkpt><trkpt lat="50.13738" lon="17.48074"><time>2026-07-30T09:49:13Z</time></trkpt><trkpt lat="50.13746" lon="17.48083"><time>2026-07-30T09:49:14Z</time></trkpt><trkpt lat="50.13754" lon="17.4809"><time>2026-07-30T09:49:15Z</time></trkpt><trkpt lat="50.13764" lon="17.48095"><time>2026-07-30T09:49:16Z</time></trkpt><trkpt lat="50.13772" lon="17.48101"><time>2026-07-30T09:49:17Z</time></trkpt><trkpt lat="50.1378" lon="17.48108"><time>2026-07-30T09:49:18Z</time></trkpt><trkpt lat="50.1379" lon="17.48111"><time>2026-07-30T09:49:19Z</time></trkpt><trkpt lat="50.13804" lon="17.48111"><time>2026-07-30T09:49:20Z</time></trkpt><trkpt lat="50.13818" lon="17.48111"><time>2026-07-30T09:49:21Z</time></trkpt><trkpt lat="50.13828" lon="17.48115"><time>2026-07-30T09:49:22Z</time></trkpt><trkpt lat="50.1384" lon="17.48116"><time>2026-07-30T09:49:23Z</time></trkpt><trkpt lat="50.13852" lon="17.48116"><time>2026-07-30T09:49:24Z</time></trkpt><trkpt lat="50.13865" lon="17.48116"><time>2026-07-30T09:49:25Z</time></trkpt><trkpt lat="50.13877" lon="17.48117"><time>2026-07-30T09:49:26Z</time></trkpt><trkpt lat="50.13888" lon="17.48116"><time>2026-07-30T09:49:27Z</time></trkpt><trkpt lat="50.13899" lon="17.48116"><time>2026-07-30T09:49:28Z</time></trkpt><trkpt lat="50.13911" lon="17.48117"><time>2026-07-30T09:49:29Z</time></trkpt><trkpt lat="50.13923" lon="17.48117"><time>2026-07-30T09:49:30Z</time></trkpt><trkpt lat="50.13936" lon="17.48116"><time>2026-07-30T09:49:31Z</time></trkpt><trkpt lat="50.13942" lon="17.48115"><time>2026-07-30T09:49:32Z</time></trkpt><trkpt lat="50.13955" lon="17.48117"><time>2026-07-30T09:49:33Z</time></trkpt><trkpt lat="50.13961" lon="17.48125"><time>2026-07-30T09:49:34Z</time></trkpt><trkpt lat="50.13976" lon="17.48129"><time>2026-07-30T09:49:35Z</time></trkpt><trkpt lat="50.13987" lon="17.48134"><time>2026-07-30T09:49:36Z</time></trkpt><trkpt lat="50.13998" lon="17.4814"><time>2026-07-30T09:49:37Z</time></trkpt><trkpt lat="50.14009" lon="17.48146"><time>2026-07-30T09:49:38Z</time></trkpt><trkpt lat="50.14013" lon="17.48154"><time>2026-07-30T09:49:39Z</time></trkpt><trkpt lat="50.14021" lon="17.48163"><time>2026-07-30T09:49:40Z</time></trkpt><trkpt lat="50.14029" lon="17.48173"><time>2026-07-30T09:49:41Z</time></trkpt><trkpt lat="50.14037" lon="17.48184"><time>2026-07-30T09:49:42Z</time></trkpt><trkpt lat="50.14046" lon="17.48198"><time>2026-07-30T09:49:43Z</time></trkpt><trkpt lat="50.14057" lon="17.48212"><time>2026-07-30T09:49:44Z</time></trkpt><trkpt lat="50.14066" lon="17.48228"><time>2026-07-30T09:49:45Z</time></trkpt><trkpt lat="50.14075" lon="17.48243"><time>2026-07-30T09:49:46Z</time></trkpt><trkpt lat="50.14083" lon="17.48257"><time>2026-07-30T09:49:47Z</time></trkpt><trkpt lat="50.14092" lon="17.48272"><time>2026-07-30T09:49:48Z</time></trkpt><trkpt lat="50.14101" lon="17.48288"><time>2026-07-30T09:49:49Z</time></trkpt><trkpt lat="50.1411" lon="17.48305"><time>2026-07-30T09:49:50Z</time></trkpt><trkpt lat="50.14118" lon="17.48322"><time>2026-07-30T09:49:51Z</time></trkpt><trkpt lat="50.14126" lon="17.48339"><time>2026-07-30T09:49:52Z</time></trkpt><trkpt lat="50.14135" lon="17.48356"><time>2026-07-30T09:49:53Z</time></trkpt><trkpt lat="50.14143" lon="17.48373"><time>2026-07-30T09:49:54Z</time></trkpt><trkpt lat="50.14152" lon="17.4839"><time>2026-07-30T09:49:55Z</time></trkpt><trkpt lat="50.1416" lon="17.48405"><time>2026-07-30T09:49:56Z</time></trkpt><trkpt lat="50.14167" lon="17.48421"><time>2026-07-30T09:49:57Z</time></trkpt><trkpt lat="50.14174" lon="17.48435"><time>2026-07-30T09:49:58Z</time></trkpt><trkpt lat="50.14181" lon="17.48449"><time>2026-07-30T09:49:59Z</time></trkpt><trkpt lat="50.14185" lon="17.48463"><time>2026-07-30T09:50:00Z</time></trkpt><trkpt lat="50.14188" lon="17.48479"><time>2026-07-30T09:50:01Z</time></trkpt><trkpt lat="50.14189" lon="17.48496"><time>2026-07-30T09:50:02Z</time></trkpt><trkpt lat="50.14188" lon="17.48513"><time>2026-07-30T09:50:03Z</time></trkpt><trkpt lat="50.14187" lon="17.48531"><time>2026-07-30T09:50:04Z</time></trkpt><trkpt lat="50.14184" lon="17.48546"><time>2026-07-30T09:50:05Z</time></trkpt><trkpt lat="50.14176" lon="17.48565"><time>2026-07-30T09:50:06Z</time></trkpt><trkpt lat="50.14168" lon="17.48582"><time>2026-07-30T09:50:07Z</time></trkpt><trkpt lat="50.14161" lon="17.48599"><time>2026-07-30T09:50:08Z</time></trkpt><trkpt lat="50.14153" lon="17.48617"><time>2026-07-30T09:50:09Z</time></trkpt><trkpt lat="50.14146" lon="17.48636"><time>2026-07-30T09:50:10Z</time></trkpt><trkpt lat="50.14138" lon="17.48653"><time>2026-07-30T09:50:11Z</time></trkpt><trkpt lat="50.1413" lon="17.48671"><time>2026-07-30T09:50:12Z</time></trkpt><trkpt lat="50.14122" lon="17.48689"><time>2026-07-30T09:50:13Z</time></trkpt><trkpt lat="50.14113" lon="17.48705"><time>2026-07-30T09:50:14Z</time></trkpt><trkpt lat="50.14104" lon="17.48721"><time>2026-07-30T09:50:15Z</time></trkpt><trkpt lat="50.14093" lon="17.48735"><time>2026-07-30T09:50:16Z</time></trkpt><trkpt lat="50.14082" lon="17.48748"><time>2026-07-30T09:50:17Z</time></trkpt><trkpt lat="50.14072" lon="17.4876"><time>2026-07-30T09:50:18Z</time></trkpt><trkpt lat="50.14062" lon="17.48772"><time>2026-07-30T09:50:19Z</time></trkpt><trkpt lat="50.14053" lon="17.48783"><time>2026-07-30T09:50:20Z</time></trkpt><trkpt lat="50.14043" lon="17.48793"><time>2026-07-30T09:50:21Z</time></trkpt><trkpt lat="50.14035" lon="17.48802"><time>2026-07-30T09:50:22Z</time></trkpt><trkpt lat="50.14027" lon="17.4881"><time>2026-07-30T09:50:23Z</time></trkpt><trkpt lat="50.1402" lon="17.48816"><time>2026-07-30T09:50:24Z</time></trkpt><trkpt lat="50.14016" lon="17.48826"><time>2026-07-30T09:50:25Z</time></trkpt><trkpt lat="50.14012" lon="17.48835"><time>2026-07-30T09:50:26Z</time></trkpt><trkpt lat="50.1401" lon="17.48847"><time>2026-07-30T09:50:27Z</time></trkpt><trkpt lat="50.14012" lon="17.48858"><time>2026-07-30T09:50:28Z</time></trkpt><trkpt lat="50.14016" lon="17.48871"><time>2026-07-30T09:50:29Z</time></trkpt><trkpt lat="50.14024" lon="17.48882"><time>2026-07-30T09:50:30Z</time></trkpt><trkpt lat="50.14034" lon="17.48893"><time>2026-07-30T09:50:31Z</time></trkpt><trkpt lat="50.14045" lon="17.48903"><time>2026-07-30T09:50:32Z</time></trkpt><trkpt lat="50.14056" lon="17.48915"><time>2026-07-30T09:50:33Z</time></trkpt><trkpt lat="50.14067" lon="17.48928"><time>2026-07-30T09:50:34Z</time></trkpt><trkpt lat="50.14077" lon="17.48942"><time>2026-07-30T09:50:35Z</time></trkpt><trkpt lat="50.14086" lon="17.4896"><time>2026-07-30T09:50:36Z</time></trkpt><trkpt lat="50.14096" lon="17.4898"><time>2026-07-30T09:50:37Z</time></trkpt><trkpt lat="50.14106" lon="17.49002"><time>2026-07-30T09:50:38Z</time></trkpt><trkpt lat="50.14117" lon="17.49024"><time>2026-07-30T09:50:39Z</time></trkpt><trkpt lat="50.14127" lon="17.49046"><time>2026-07-30T09:50:40Z</time></trkpt><trkpt lat="50.14138" lon="17.49067"><time>2026-07-30T09:50:41Z</time></trkpt><trkpt lat="50.14148" lon="17.49088"><time>2026-07-30T09:50:42Z</time></trkpt><trkpt lat="50.14157" lon="17.49108"><time>2026-07-30T09:50:43Z</time></trkpt><trkpt lat="50.14166" lon="17.49126"><time>2026-07-30T09:50:44Z</time></trkpt><trkpt lat="50.14175" lon="17.49142"><time>2026-07-30T09:50:45Z</time></trkpt><trkpt lat="50.14184" lon="17.49156"><time>2026-07-30T09:50:46Z</time></trkpt><trkpt lat="50.14195" lon="17.49168"><time>2026-07-30T09:50:47Z</time></trkpt><trkpt lat="50.14204" lon="17.49183"><time>2026-07-30T09:50:48Z</time></trkpt><trkpt lat="50.14212" lon="17.49198"><time>2026-07-30T09:50:49Z</time></trkpt><trkpt lat="50.1422" lon="17.49215"><time>2026-07-30T09:50:50Z</time></trkpt><trkpt lat="50.14226" lon="17.49233"><time>2026-07-30T09:50:51Z</time></trkpt><trkpt lat="50.1423" lon="17.49251"><time>2026-07-30T09:50:52Z</time></trkpt><trkpt lat="50.14232" lon="17.49272"><time>2026-07-30T09:50:53Z</time></trkpt><trkpt lat="50.14234" lon="17.49293"><time>2026-07-30T09:50:54Z</time></trkpt><trkpt lat="50.14235" lon="17.49317"><time>2026-07-30T09:50:55Z</time></trkpt><trkpt lat="50.14237" lon="17.4934"><time>2026-07-30T09:50:56Z</time></trkpt><trkpt lat="50.14239" lon="17.49365"><time>2026-07-30T09:50:57Z</time></trkpt><trkpt lat="50.1424" lon="17.49389"><time>2026-07-30T09:50:58Z</time></trkpt><trkpt lat="50.14242" lon="17.49414"><time>2026-07-30T09:50:59Z</time></trkpt><trkpt lat="50.14244" lon="17.4944"><time>2026-07-30T09:51:00Z</time></trkpt><trkpt lat="50.14245" lon="17.49464"><time>2026-07-30T09:51:01Z</time></trkpt><trkpt lat="50.14247" lon="17.49489"><time>2026-07-30T09:51:02Z</time></trkpt><trkpt lat="50.14248" lon="17.49514"><time>2026-07-30T09:51:03Z</time></trkpt><trkpt lat="50.14249" lon="17.49538"><time>2026-07-30T09:51:04Z</time></trkpt><trkpt lat="50.1425" lon="17.4956"><time>2026-07-30T09:51:05Z</time></trkpt><trkpt lat="50.14252" lon="17.49583"><time>2026-07-30T09:51:06Z</time></trkpt><trkpt lat="50.14253" lon="17.49606"><time>2026-07-30T09:51:07Z</time></trkpt><trkpt lat="50.14255" lon="17.49629"><time>2026-07-30T09:51:08Z</time></trkpt><trkpt lat="50.14257" lon="17.49649"><time>2026-07-30T09:51:09Z</time></trkpt><trkpt lat="50.1426" lon="17.49669"><time>2026-07-30T09:51:10Z</time></trkpt><trkpt lat="50.14262" lon="17.49688"><time>2026-07-30T09:51:11Z</time></trkpt><trkpt lat="50.14263" lon="17.49707"><time>2026-07-30T09:51:12Z</time></trkpt><trkpt lat="50.14262" lon="17.49726"><time>2026-07-30T09:51:13Z</time></trkpt><trkpt lat="50.14262" lon="17.49744"><time>2026-07-30T09:51:14Z</time></trkpt><trkpt lat="50.14259" lon="17.49762"><time>2026-07-30T09:51:15Z</time></trkpt><trkpt lat="50.14254" lon="17.4978"><time>2026-07-30T09:51:16Z</time></trkpt><trkpt lat="50.1425" lon="17.49796"><time>2026-07-30T09:51:17Z</time></trkpt><trkpt lat="50.14246" lon="17.49813"><time>2026-07-30T09:51:18Z</time></trkpt><trkpt lat="50.14241" lon="17.4983"><time>2026-07-30T09:51:19Z</time></trkpt><trkpt lat="50.14237" lon="17.49848"><time>2026-07-30T09:51:20Z</time></trkpt><trkpt lat="50.14235" lon="17.49864"><time>2026-07-30T09:51:21Z</time></trkpt><trkpt lat="50.14233" lon="17.49881"><time>2026-07-30T09:51:22Z</time></trkpt><trkpt lat="50.14232" lon="17.49897"><time>2026-07-30T09:51:23Z</time></trkpt><trkpt lat="50.14231" lon="17.49912"><time>2026-07-30T09:51:24Z</time></trkpt><trkpt lat="50.14231" lon="17.49928"><time>2026-07-30T09:51:25Z</time></trkpt><trkpt lat="50.14233" lon="17.49946"><time>2026-07-30T09:51:26Z</time></trkpt><trkpt lat="50.14236" lon="17.49964"><time>2026-07-30T09:51:27Z</time></trkpt><trkpt lat="50.14239" lon="17.49984"><time>2026-07-30T09:51:28Z</time></trkpt><trkpt lat="50.14243" lon="17.50003"><time>2026-07-30T09:51:29Z</time></trkpt><trkpt lat="50.14248" lon="17.50023"><time>2026-07-30T09:51:30Z</time></trkpt><trkpt lat="50.14252" lon="17.5004"><time>2026-07-30T09:51:31Z</time></trkpt><trkpt lat="50.14257" lon="17.50057"><time>2026-07-30T09:51:32Z</time></trkpt><trkpt lat="50.14264" lon="17.50073"><time>2026-07-30T09:51:33Z</time></trkpt><trkpt lat="50.14273" lon="17.50089"><time>2026-07-30T09:51:34Z</time></trkpt><trkpt lat="50.14282" lon="17.50105"><time>2026-07-30T09:51:35Z</time></trkpt><trkpt lat="50.14292" lon="17.50121"><time>2026-07-30T09:51:36Z</time></trkpt><trkpt lat="50.14301" lon="17.50138"><time>2026-07-30T09:51:37Z</time></trkpt><trkpt lat="50.1431" lon="17.50154"><time>2026-07-30T09:51:38Z</time></trkpt><trkpt lat="50.14318" lon="17.5017"><time>2026-07-30T09:51:39Z</time></trkpt><trkpt lat="50.14328" lon="17.50184"><time>2026-07-30T09:51:40Z</time></trkpt><trkpt lat="50.14338" lon="17.50196"><time>2026-07-30T09:51:41Z</time></trkpt><trkpt lat="50.14348" lon="17.50208"><time>2026-07-30T09:51:42Z</time></trkpt><trkpt lat="50.14357" lon="17.5022"><time>2026-07-30T09:51:43Z</time></trkpt><trkpt lat="50.14367" lon="17.5023"><time>2026-07-30T09:51:44Z</time></trkpt><trkpt lat="50.14377" lon="17.50238"><time>2026-07-30T09:51:45Z</time></trkpt><trkpt lat="50.14388" lon="17.50245"><time>2026-07-30T09:51:46Z</time></trkpt><trkpt lat="50.14398" lon="17.50249"><time>2026-07-30T09:51:47Z</time></trkpt><trkpt lat="50.14409" lon="17.50252"><time>2026-07-30T09:51:48Z</time></trkpt><trkpt lat="50.14421" lon="17.50254"><time>2026-07-30T09:51:49Z</time></trkpt><trkpt lat="50.14435" lon="17.50254"><time>2026-07-30T09:51:50Z</time></trkpt><trkpt lat="50.1445" lon="17.50252"><time>2026-07-30T09:51:51Z</time></trkpt><trkpt lat="50.14463" lon="17.50249"><time>2026-07-30T09:51:52Z</time></trkpt><trkpt lat="50.14476" lon="17.50247"><time>2026-07-30T09:51:53Z</time></trkpt><trkpt lat="50.14488" lon="17.50244"><time>2026-07-30T09:51:54Z</time></trkpt><trkpt lat="50.14503" lon="17.50238"><time>2026-07-30T09:51:55Z</time></trkpt><trkpt lat="50.14513" lon="17.5023"><time>2026-07-30T09:51:56Z</time></trkpt><trkpt lat="50.14515" lon="17.5022"><time>2026-07-30T09:51:57Z</time></trkpt><trkpt lat="50.14522" lon="17.50209"><time>2026-07-30T09:51:58Z</time></trkpt><trkpt lat="50.14525" lon="17.50199"><time>2026-07-30T09:51:59Z</time></trkpt><trkpt lat="50.14526" lon="17.5019"><time>2026-07-30T09:52:00Z</time></trkpt><trkpt lat="50.14524" lon="17.50182"><time>2026-07-30T09:52:01Z</time></trkpt><trkpt lat="50.14519" lon="17.50174"><time>2026-07-30T09:52:02Z</time></trkpt><trkpt lat="50.14512" lon="17.5017"><time>2026-07-30T09:52:03Z</time></trkpt><trkpt lat="50.14503" lon="17.50167"><time>2026-07-30T09:52:04Z</time></trkpt><trkpt lat="50.14493" lon="17.50162"><time>2026-07-30T09:52:05Z</time></trkpt><trkpt lat="50.14482" lon="17.50156"><time>2026-07-30T09:52:06Z</time></trkpt><trkpt lat="50.1447" lon="17.50148"><time>2026-07-30T09:52:07Z</time></trkpt><trkpt lat="50.1446" lon="17.50138"><time>2026-07-30T09:52:08Z</time></trkpt><trkpt lat="50.14451" lon="17.5013"><time>2026-07-30T09:52:09Z</time></trkpt><trkpt lat="50.14443" lon="17.50121"><time>2026-07-30T09:52:10Z</time></trkpt><trkpt lat="50.14437" lon="17.50112"><time>2026-07-30T09:52:11Z</time></trkpt><trkpt lat="50.14434" lon="17.50101"><time>2026-07-30T09:52:12Z</time></trkpt><trkpt lat="50.14434" lon="17.50088"><time>2026-07-30T09:52:13Z</time></trkpt><trkpt lat="50.14434" lon="17.50077"><time>2026-07-30T09:52:14Z</time></trkpt><trkpt lat="50.14437" lon="17.50062"><time>2026-07-30T09:52:15Z</time></trkpt><trkpt lat="50.14445" lon="17.50048"><time>2026-07-30T09:52:16Z</time></trkpt><trkpt lat="50.1445" lon="17.50034"><time>2026-07-30T09:52:17Z</time></trkpt><trkpt lat="50.14457" lon="17.50021"><time>2026-07-30T09:52:18Z</time></trkpt><trkpt lat="50.14467" lon="17.5001"><time>2026-07-30T09:52:19Z</time></trkpt><trkpt lat="50.14477" lon="17.49999"><time>2026-07-30T09:52:20Z</time></trkpt><trkpt lat="50.14494" lon="17.49992"><time>2026-07-30T09:52:21Z</time></trkpt><trkpt lat="50.14508" lon="17.49984"><time>2026-07-30T09:52:22Z</time></trkpt><trkpt lat="50.14522" lon="17.49978"><time>2026-07-30T09:52:23Z</time></trkpt><trkpt lat="50.14536" lon="17.49972"><time>2026-07-30T09:52:24Z</time></trkpt><trkpt lat="50.1455" lon="17.49967"><time>2026-07-30T09:52:25Z</time></trkpt><trkpt lat="50.14563" lon="17.49963"><time>2026-07-30T09:52:26Z</time></trkpt><trkpt lat="50.14577" lon="17.49959"><time>2026-07-30T09:52:27Z</time></trkpt><trkpt lat="50.14589" lon="17.49953"><time>2026-07-30T09:52:28Z</time></trkpt><trkpt lat="50.14603" lon="17.49947"><time>2026-07-30T09:52:29Z</time></trkpt><trkpt lat="50.14611" lon="17.49937"><time>2026-07-30T09:52:30Z</time></trkpt><trkpt lat="50.14623" lon="17.49924"><time>2026-07-30T09:52:31Z</time></trkpt><trkpt lat="50.14636" lon="17.49906"><time>2026-07-30T09:52:32Z</time></trkpt><trkpt lat="50.14648" lon="17.49889"><time>2026-07-30T09:52:33Z</time></trkpt><trkpt lat="50.14658" lon="17.49871"><time>2026-07-30T09:52:34Z</time></trkpt><trkpt lat="50.14667" lon="17.49857"><time>2026-07-30T09:52:35Z</time></trkpt><trkpt lat="50.14677" lon="17.4984"><time>2026-07-30T09:52:36Z</time></trkpt><trkpt lat="50.14688" lon="17.49824"><time>2026-07-30T09:52:37Z</time></trkpt><trkpt lat="50.14699" lon="17.49809"><time>2026-07-30T09:52:38Z</time></trkpt><trkpt lat="50.14708" lon="17.49793"><time>2026-07-30T09:52:39Z</time></trkpt><trkpt lat="50.14718" lon="17.49778"><time>2026-07-30T09:52:40Z</time></trkpt><trkpt lat="50.1473" lon="17.49766"><time>2026-07-30T09:52:41Z</time></trkpt><trkpt lat="50.1474" lon="17.49756"><time>2026-07-30T09:52:42Z</time></trkpt><trkpt lat="50.14755" lon="17.4975"><time>2026-07-30T09:52:43Z</time></trkpt><trkpt lat="50.14767" lon="17.49746"><time>2026-07-30T09:52:44Z</time></trkpt><trkpt lat="50.1478" lon="17.49741"><time>2026-07-30T09:52:45Z</time></trkpt><trkpt lat="50.14794" lon="17.49735"><time>2026-07-30T09:52:46Z</time></trkpt><trkpt lat="50.14806" lon="17.49731"><time>2026-07-30T09:52:47Z</time></trkpt><trkpt lat="50.1482" lon="17.49725"><time>2026-07-30T09:52:48Z</time></trkpt><trkpt lat="50.14834" lon="17.4972"><time>2026-07-30T09:52:49Z</time></trkpt><trkpt lat="50.14849" lon="17.49713"><time>2026-07-30T09:52:50Z</time></trkpt><trkpt lat="50.14864" lon="17.49705"><time>2026-07-30T09:52:51Z</time></trkpt><trkpt lat="50.14879" lon="17.49696"><time>2026-07-30T09:52:52Z</time></trkpt><trkpt lat="50.14892" lon="17.49689"><time>2026-07-30T09:52:53Z</time></trkpt><trkpt lat="50.14907" lon="17.49679"><time>2026-07-30T09:52:54Z</time></trkpt><trkpt lat="50.14921" lon="17.49671"><time>2026-07-30T09:52:55Z</time></trkpt><trkpt lat="50.14935" lon="17.49663"><time>2026-07-30T09:52:56Z</time></trkpt><trkpt lat="50.14949" lon="17.49655"><time>2026-07-30T09:52:57Z</time></trkpt><trkpt lat="50.14964" lon="17.49649"><time>2026-07-30T09:52:58Z</time></trkpt><trkpt lat="50.14978" lon="17.4964"><time>2026-07-30T09:52:59Z</time></trkpt><trkpt lat="50.14992" lon="17.49635"><time>2026-07-30T09:53:00Z</time></trkpt><trkpt lat="50.15005" lon="17.49629"><time>2026-07-30T09:53:01Z</time></trkpt><trkpt lat="50.15018" lon="17.49624"><time>2026-07-30T09:53:02Z</time></trkpt><trkpt lat="50.15029" lon="17.49621"><time>2026-07-30T09:53:03Z</time></trkpt><trkpt lat="50.15041" lon="17.49618"><time>2026-07-30T09:53:04Z</time></trkpt><trkpt lat="50.15053" lon="17.49613"><time>2026-07-30T09:53:05Z</time></trkpt><trkpt lat="50.15066" lon="17.49607"><time>2026-07-30T09:53:06Z</time></trkpt><trkpt lat="50.15077" lon="17.49598"><time>2026-07-30T09:53:07Z</time></trkpt><trkpt lat="50.15089" lon="17.49586"><time>2026-07-30T09:53:08Z</time></trkpt><trkpt lat="50.15101" lon="17.49574"><time>2026-07-30T09:53:09Z</time></trkpt><trkpt lat="50.15112" lon="17.49562"><time>2026-07-30T09:53:10Z</time></trkpt><trkpt lat="50.15123" lon="17.4955"><time>2026-07-30T09:53:11Z</time></trkpt><trkpt lat="50.15134" lon="17.49539"><time>2026-07-30T09:53:12Z</time></trkpt><trkpt lat="50.15146" lon="17.49529"><time>2026-07-30T09:53:13Z</time></trkpt><trkpt lat="50.15158" lon="17.4952"><time>2026-07-30T09:53:14Z</time></trkpt><trkpt lat="50.1517" lon="17.49513"><time>2026-07-30T09:53:15Z</time></trkpt><trkpt lat="50.15183" lon="17.49507"><time>2026-07-30T09:53:16Z</time></trkpt><trkpt lat="50.15196" lon="17.49503"><time>2026-07-30T09:53:17Z</time></trkpt><trkpt lat="50.1521" lon="17.49499"><time>2026-07-30T09:53:18Z</time></trkpt><trkpt lat="50.15224" lon="17.49496"><time>2026-07-30T09:53:19Z</time></trkpt><trkpt lat="50.15238" lon="17.49493"><time>2026-07-30T09:53:20Z</time></trkpt><trkpt lat="50.15252" lon="17.49492"><time>2026-07-30T09:53:21Z</time></trkpt><trkpt lat="50.15265" lon="17.49491"><time>2026-07-30T09:53:22Z</time></trkpt><trkpt lat="50.15278" lon="17.49491"><time>2026-07-30T09:53:23Z</time></trkpt><trkpt lat="50.15292" lon="17.4949"><time>2026-07-30T09:53:24Z</time></trkpt><trkpt lat="50.15307" lon="17.49487"><time>2026-07-30T09:53:25Z</time></trkpt><trkpt lat="50.15321" lon="17.49489"><time>2026-07-30T09:53:26Z</time></trkpt><trkpt lat="50.15334" lon="17.4949"><time>2026-07-30T09:53:27Z</time></trkpt><trkpt lat="50.15348" lon="17.49494"><time>2026-07-30T09:53:28Z</time></trkpt><trkpt lat="50.15361" lon="17.49498"><time>2026-07-30T09:53:29Z</time></trkpt><trkpt lat="50.15377" lon="17.49501"><time>2026-07-30T09:53:30Z</time></trkpt><trkpt lat="50.1539" lon="17.49503"><time>2026-07-30T09:53:31Z</time></trkpt><trkpt lat="50.15406" lon="17.49506"><time>2026-07-30T09:53:32Z</time></trkpt><trkpt lat="50.15421" lon="17.49506"><time>2026-07-30T09:53:33Z</time></trkpt><trkpt lat="50.15435" lon="17.49509"><time>2026-07-30T09:53:34Z</time></trkpt><trkpt lat="50.15449" lon="17.49511"><time>2026-07-30T09:53:35Z</time></trkpt><trkpt lat="50.15465" lon="17.49514"><time>2026-07-30T09:53:36Z</time></trkpt><trkpt lat="50.15479" lon="17.49517"><time>2026-07-30T09:53:37Z</time></trkpt><trkpt lat="50.15491" lon="17.4952"><time>2026-07-30T09:53:38Z</time></trkpt><trkpt lat="50.15503" lon="17.49523"><time>2026-07-30T09:53:39Z</time></trkpt><trkpt lat="50.15514" lon="17.49524"><time>2026-07-30T09:53:40Z</time></trkpt><trkpt lat="50.15526" lon="17.49526"><time>2026-07-30T09:53:41Z</time></trkpt><trkpt lat="50.15535" lon="17.49525"><time>2026-07-30T09:53:42Z</time></trkpt><trkpt lat="50.15544" lon="17.49523"><time>2026-07-30T09:53:43Z</time></trkpt><trkpt lat="50.15552" lon="17.49518"><time>2026-07-30T09:53:44Z</time></trkpt><trkpt lat="50.15558" lon="17.4951"><time>2026-07-30T09:53:45Z</time></trkpt><trkpt lat="50.15564" lon="17.495"><time>2026-07-30T09:53:46Z</time></trkpt><trkpt lat="50.15568" lon="17.49488"><time>2026-07-30T09:53:47Z</time></trkpt><trkpt lat="50.1557" lon="17.49473"><time>2026-07-30T09:53:48Z</time></trkpt><trkpt lat="50.15572" lon="17.49458"><time>2026-07-30T09:53:49Z</time></trkpt><trkpt lat="50.15573" lon="17.49443"><time>2026-07-30T09:53:50Z</time></trkpt><trkpt lat="50.15575" lon="17.49429"><time>2026-07-30T09:53:51Z</time></trkpt><trkpt lat="50.15577" lon="17.49415"><time>2026-07-30T09:53:52Z</time></trkpt><trkpt lat="50.15581" lon="17.49403"><time>2026-07-30T09:53:53Z</time></trkpt><trkpt lat="50.15583" lon="17.49392"><time>2026-07-30T09:53:54Z</time></trkpt><trkpt lat="50.15587" lon="17.49382"><time>2026-07-30T09:53:55Z</time></trkpt><trkpt lat="50.15591" lon="17.49375"><time>2026-07-30T09:53:56Z</time></trkpt><trkpt lat="50.15596" lon="17.4937"><time>2026-07-30T09:53:57Z</time></trkpt><trkpt lat="50.15601" lon="17.49367"><time>2026-07-30T09:53:58Z</time></trkpt><trkpt lat="50.15608" lon="17.49364"><time>2026-07-30T09:53:59Z</time></trkpt><trkpt lat="50.15613" lon="17.49363"><time>2026-07-30T09:54:00Z</time></trkpt><trkpt lat="50.15619" lon="17.49362"><time>2026-07-30T09:54:01Z</time></trkpt><trkpt lat="50.15625" lon="17.49362"><time>2026-07-30T09:54:02Z</time></trkpt><trkpt lat="50.1563" lon="17.49361"><time>2026-07-30T09:54:03Z</time></trkpt><trkpt lat="50.15634" lon="17.49362"><time>2026-07-30T09:54:04Z</time></trkpt><trkpt lat="50.15638" lon="17.49364"><time>2026-07-30T09:54:05Z</time></trkpt><trkpt lat="50.15639" lon="17.49366"><time>2026-07-30T09:54:06Z</time></trkpt><trkpt lat="50.15642" lon="17.49369"><time>2026-07-30T09:54:07Z</time></trkpt><trkpt lat="50.15642" lon="17.49371"><time>2026-07-30T09:54:08Z</time></trkpt><trkpt lat="50.15646" lon="17.49377"><time>2026-07-30T09:54:09Z</time></trkpt><trkpt lat="50.15647" lon="17.49387"><time>2026-07-30T09:54:10Z</time></trkpt><trkpt lat="50.15648" lon="17.49398"><time>2026-07-30T09:54:11Z</time></trkpt><trkpt lat="50.1565" lon="17.49412"><time>2026-07-30T09:54:12Z</time></trkpt><trkpt lat="50.15652" lon="17.49429"><time>2026-07-30T09:54:13Z</time></trkpt><trkpt lat="50.15653" lon="17.49445"><time>2026-07-30T09:54:14Z</time></trkpt><trkpt lat="50.15655" lon="17.49461"><time>2026-07-30T09:54:15Z</time></trkpt><trkpt lat="50.15656" lon="17.49478"><time>2026-07-30T09:54:16Z</time></trkpt><trkpt lat="50.15657" lon="17.49495"><time>2026-07-30T09:54:17Z</time></trkpt><trkpt lat="50.15658" lon="17.49513"><time>2026-07-30T09:54:18Z</time></trkpt><trkpt lat="50.1566" lon="17.49532"><time>2026-07-30T09:54:19Z</time></trkpt><trkpt lat="50.15662" lon="17.49552"><time>2026-07-30T09:54:20Z</time></trkpt><trkpt lat="50.15666" lon="17.49571"><time>2026-07-30T09:54:21Z</time></trkpt><trkpt lat="50.1567" lon="17.49592"><time>2026-07-30T09:54:22Z</time></trkpt><trkpt lat="50.15674" lon="17.49612"><time>2026-07-30T09:54:23Z</time></trkpt><trkpt lat="50.15679" lon="17.49633"><time>2026-07-30T09:54:24Z</time></trkpt><trkpt lat="50.15684" lon="17.49655"><time>2026-07-30T09:54:25Z</time></trkpt><trkpt lat="50.15691" lon="17.49677"><time>2026-07-30T09:54:26Z</time></trkpt><trkpt lat="50.15697" lon="17.49698"><time>2026-07-30T09:54:27Z</time></trkpt><trkpt lat="50.15704" lon="17.49718"><time>2026-07-30T09:54:28Z</time></trkpt><trkpt lat="50.15711" lon="17.49738"><time>2026-07-30T09:54:29Z</time></trkpt><trkpt lat="50.15717" lon="17.49757"><time>2026-07-30T09:54:30Z</time></trkpt><trkpt lat="50.15724" lon="17.49777"><time>2026-07-30T09:54:31Z</time></trkpt><trkpt lat="50.15732" lon="17.49797"><time>2026-07-30T09:54:32Z</time></trkpt><trkpt lat="50.15738" lon="17.49818"><time>2026-07-30T09:54:33Z</time></trkpt><trkpt lat="50.15746" lon="17.49838"><time>2026-07-30T09:54:34Z</time></trkpt><trkpt lat="50.15753" lon="17.49857"><time>2026-07-30T09:54:35Z</time></trkpt><trkpt lat="50.15761" lon="17.49874"><time>2026-07-30T09:54:36Z</time></trkpt><trkpt lat="50.15769" lon="17.49892"><time>2026-07-30T09:54:37Z</time></trkpt><trkpt lat="50.15777" lon="17.49908"><time>2026-07-30T09:54:38Z</time></trkpt><trkpt lat="50.15787" lon="17.49925"><time>2026-07-30T09:54:39Z</time></trkpt><trkpt lat="50.15798" lon="17.49941"><time>2026-07-30T09:54:40Z</time></trkpt><trkpt lat="50.15808" lon="17.49956"><time>2026-07-30T09:54:41Z</time></trkpt><trkpt lat="50.15819" lon="17.49971"><time>2026-07-30T09:54:42Z</time></trkpt><trkpt lat="50.15829" lon="17.49985"><time>2026-07-30T09:54:43Z</time></trkpt><trkpt lat="50.1584" lon="17.49999"><time>2026-07-30T09:54:44Z</time></trkpt><trkpt lat="50.15849" lon="17.50015"><time>2026-07-30T09:54:45Z</time></trkpt><trkpt lat="50.15858" lon="17.50032"><time>2026-07-30T09:54:46Z</time></trkpt><trkpt lat="50.15865" lon="17.50047"><time>2026-07-30T09:54:47Z</time></trkpt><trkpt lat="50.1587" lon="17.50067"><time>2026-07-30T09:54:48Z</time></trkpt><trkpt lat="50.15876" lon="17.50087"><time>2026-07-30T09:54:49Z</time></trkpt><trkpt lat="50.15883" lon="17.50109"><time>2026-07-30T09:54:50Z</time></trkpt><trkpt lat="50.15888" lon="17.5013"><time>2026-07-30T09:54:51Z</time></trkpt><trkpt lat="50.15893" lon="17.50151"><time>2026-07-30T09:54:52Z</time></trkpt><trkpt lat="50.15899" lon="17.50169"><time>2026-07-30T09:54:53Z</time></trkpt><trkpt lat="50.15905" lon="17.50189"><time>2026-07-30T09:54:54Z</time></trkpt><trkpt lat="50.15911" lon="17.50209"><time>2026-07-30T09:54:55Z</time></trkpt><trkpt lat="50.15919" lon="17.50227"><time>2026-07-30T09:54:56Z</time></trkpt><trkpt lat="50.15927" lon="17.50244"><time>2026-07-30T09:54:57Z</time></trkpt><trkpt lat="50.15936" lon="17.50258"><time>2026-07-30T09:54:58Z</time></trkpt><trkpt lat="50.15945" lon="17.50273"><time>2026-07-30T09:54:59Z</time></trkpt><trkpt lat="50.15955" lon="17.50289"><time>2026-07-30T09:55:00Z</time></trkpt><trkpt lat="50.15968" lon="17.50299"><time>2026-07-30T09:55:01Z</time></trkpt><trkpt lat="50.15981" lon="17.50307"><time>2026-07-30T09:55:02Z</time></trkpt><trkpt lat="50.15994" lon="17.50317"><time>2026-07-30T09:55:03Z</time></trkpt><trkpt lat="50.16007" lon="17.50325"><time>2026-07-30T09:55:04Z</time></trkpt><trkpt lat="50.16021" lon="17.50333"><time>2026-07-30T09:55:05Z</time></trkpt><trkpt lat="50.16035" lon="17.50339"><time>2026-07-30T09:55:06Z</time></trkpt><trkpt lat="50.16049" lon="17.50346"><time>2026-07-30T09:55:07Z</time></trkpt><trkpt lat="50.16063" lon="17.50354"><time>2026-07-30T09:55:08Z</time></trkpt><trkpt lat="50.16077" lon="17.50361"><time>2026-07-30T09:55:09Z</time></trkpt><trkpt lat="50.1609" lon="17.50368"><time>2026-07-30T09:55:10Z</time></trkpt><trkpt lat="50.16104" lon="17.50376"><time>2026-07-30T09:55:11Z</time></trkpt><trkpt lat="50.16119" lon="17.50383"><time>2026-07-30T09:55:12Z</time></trkpt><trkpt lat="50.16133" lon="17.50392"><time>2026-07-30T09:55:13Z</time></trkpt><trkpt lat="50.16146" lon="17.504"><time>2026-07-30T09:55:14Z</time></trkpt><trkpt lat="50.16158" lon="17.50406"><time>2026-07-30T09:55:15Z</time></trkpt><trkpt lat="50.16171" lon="17.50415"><time>2026-07-30T09:55:16Z</time></trkpt><trkpt lat="50.16183" lon="17.50423"><time>2026-07-30T09:55:17Z</time></trkpt><trkpt lat="50.16194" lon="17.50433"><time>2026-07-30T09:55:18Z</time></trkpt><trkpt lat="50.16207" lon="17.5044"><time>2026-07-30T09:55:19Z</time></trkpt><trkpt lat="50.16218" lon="17.50449"><time>2026-07-30T09:55:20Z</time></trkpt><trkpt lat="50.16228" lon="17.5046"><time>2026-07-30T09:55:21Z</time></trkpt><trkpt lat="50.16239" lon="17.5047"><time>2026-07-30T09:55:22Z</time></trkpt><trkpt lat="50.16251" lon="17.50481"><time>2026-07-30T09:55:23Z</time></trkpt><trkpt lat="50.16262" lon="17.50491"><time>2026-07-30T09:55:24Z</time></trkpt><trkpt lat="50.16274" lon="17.50502"><time>2026-07-30T09:55:25Z</time></trkpt><trkpt lat="50.16285" lon="17.50513"><time>2026-07-30T09:55:26Z</time></trkpt><trkpt lat="50.16297" lon="17.50524"><time>2026-07-30T09:55:27Z</time></trkpt><trkpt lat="50.16309" lon="17.50535"><time>2026-07-30T09:55:28Z</time></trkpt><trkpt lat="50.16322" lon="17.50547"><time>2026-07-30T09:55:29Z</time></trkpt><trkpt lat="50.16336" lon="17.5056"><time>2026-07-30T09:55:30Z</time></trkpt><trkpt lat="50.16349" lon="17.50573"><time>2026-07-30T09:55:31Z</time></trkpt><trkpt lat="50.16364" lon="17.50585"><time>2026-07-30T09:55:32Z</time></trkpt><trkpt lat="50.16378" lon="17.50598"><time>2026-07-30T09:55:33Z</time></trkpt><trkpt lat="50.16391" lon="17.50612"><time>2026-07-30T09:55:34Z</time></trkpt><trkpt lat="50.16405" lon="17.50624"><time>2026-07-30T09:55:35Z</time></trkpt><trkpt lat="50.16419" lon="17.50639"><time>2026-07-30T09:55:36Z</time></trkpt><trkpt lat="50.16433" lon="17.50652"><time>2026-07-30T09:55:37Z</time></trkpt><trkpt lat="50.16448" lon="17.50665"><time>2026-07-30T09:55:38Z</time></trkpt><trkpt lat="50.16461" lon="17.50678"><time>2026-07-30T09:55:39Z</time></trkpt><trkpt lat="50.16474" lon="17.50691"><time>2026-07-30T09:55:40Z</time></trkpt><trkpt lat="50.16488" lon="17.50704"><time>2026-07-30T09:55:41Z</time></trkpt><trkpt lat="50.16502" lon="17.50715"><time>2026-07-30T09:55:42Z</time></trkpt><trkpt lat="50.16515" lon="17.50726"><time>2026-07-30T09:55:43Z</time></trkpt><trkpt lat="50.16528" lon="17.50737"><time>2026-07-30T09:55:44Z</time></trkpt><trkpt lat="50.16541" lon="17.5075"><time>2026-07-30T09:55:45Z</time></trkpt><trkpt lat="50.16554" lon="17.50763"><time>2026-07-30T09:55:46Z</time></trkpt><trkpt lat="50.16566" lon="17.50778"><time>2026-07-30T09:55:47Z</time></trkpt><trkpt lat="50.16578" lon="17.50795"><time>2026-07-30T09:55:48Z</time></trkpt><trkpt lat="50.16589" lon="17.50813"><time>2026-07-30T09:55:49Z</time></trkpt><trkpt lat="50.16601" lon="17.5083"><time>2026-07-30T09:55:50Z</time></trkpt><trkpt lat="50.16612" lon="17.50847"><time>2026-07-30T09:55:51Z</time></trkpt><trkpt lat="50.16623" lon="17.50863"><time>2026-07-30T09:55:52Z</time></trkpt><trkpt lat="50.16634" lon="17.50879"><time>2026-07-30T09:55:53Z</time></trkpt><trkpt lat="50.16645" lon="17.50894"><time>2026-07-30T09:55:54Z</time></trkpt><trkpt lat="50.16658" lon="17.50907"><time>2026-07-30T09:55:55Z</time></trkpt><trkpt lat="50.16672" lon="17.50919"><time>2026-07-30T09:55:56Z</time></trkpt><trkpt lat="50.16686" lon="17.50929"><time>2026-07-30T09:55:57Z</time></trkpt><trkpt lat="50.16702" lon="17.50937"><time>2026-07-30T09:55:58Z</time></trkpt><trkpt lat="50.16715" lon="17.50944"><time>2026-07-30T09:55:59Z</time></trkpt><trkpt lat="50.16728" lon="17.50953"><time>2026-07-30T09:56:00Z</time></trkpt><trkpt lat="50.16742" lon="17.50962"><time>2026-07-30T09:56:01Z</time></trkpt><trkpt lat="50.16755" lon="17.50975"><time>2026-07-30T09:56:02Z</time></trkpt><trkpt lat="50.16768" lon="17.50989"><time>2026-07-30T09:56:03Z</time></trkpt><trkpt lat="50.1678" lon="17.51004"><time>2026-07-30T09:56:04Z</time></trkpt><trkpt lat="50.1679" lon="17.5102"><time>2026-07-30T09:56:05Z</time></trkpt><trkpt lat="50.16801" lon="17.51035"><time>2026-07-30T09:56:06Z</time></trkpt><trkpt lat="50.1681" lon="17.51051"><time>2026-07-30T09:56:07Z</time></trkpt><trkpt lat="50.1682" lon="17.51066"><time>2026-07-30T09:56:08Z</time></trkpt><trkpt lat="50.16831" lon="17.51078"><time>2026-07-30T09:56:09Z</time></trkpt><trkpt lat="50.16843" lon="17.51088"><time>2026-07-30T09:56:10Z</time></trkpt><trkpt lat="50.16856" lon="17.51095"><time>2026-07-30T09:56:11Z</time></trkpt><trkpt lat="50.1687" lon="17.511"><time>2026-07-30T09:56:12Z</time></trkpt><trkpt lat="50.16884" lon="17.51103"><time>2026-07-30T09:56:13Z</time></trkpt><trkpt lat="50.169" lon="17.51105"><time>2026-07-30T09:56:14Z</time></trkpt><trkpt lat="50.16916" lon="17.51108"><time>2026-07-30T09:56:15Z</time></trkpt><trkpt lat="50.16932" lon="17.51111"><time>2026-07-30T09:56:16Z</time></trkpt><trkpt lat="50.16948" lon="17.51115"><time>2026-07-30T09:56:17Z</time></trkpt><trkpt lat="50.16962" lon="17.5112"><time>2026-07-30T09:56:18Z</time></trkpt><trkpt lat="50.16977" lon="17.51128"><time>2026-07-30T09:56:19Z</time></trkpt><trkpt lat="50.16992" lon="17.51135"><time>2026-07-30T09:56:20Z</time></trkpt><trkpt lat="50.17007" lon="17.51143"><time>2026-07-30T09:56:21Z</time></trkpt><trkpt lat="50.17023" lon="17.51152"><time>2026-07-30T09:56:22Z</time></trkpt><trkpt lat="50.17039" lon="17.5116"><time>2026-07-30T09:56:23Z</time></trkpt><trkpt lat="50.17055" lon="17.51169"><time>2026-07-30T09:56:24Z</time></trkpt><trkpt lat="50.1707" lon="17.51178"><time>2026-07-30T09:56:25Z</time></trkpt><trkpt lat="50.17086" lon="17.51186"><time>2026-07-30T09:56:26Z</time></trkpt><trkpt lat="50.17101" lon="17.51195"><time>2026-07-30T09:56:27Z</time></trkpt><trkpt lat="50.17116" lon="17.51205"><time>2026-07-30T09:56:28Z</time></trkpt><trkpt lat="50.17131" lon="17.51213"><time>2026-07-30T09:56:29Z</time></trkpt><trkpt lat="50.17145" lon="17.5122"><time>2026-07-30T09:56:30Z</time></trkpt><trkpt lat="50.17159" lon="17.51228"><time>2026-07-30T09:56:31Z</time></trkpt><trkpt lat="50.17173" lon="17.51235"><time>2026-07-30T09:56:32Z</time></trkpt><trkpt lat="50.17185" lon="17.5124"><time>2026-07-30T09:56:33Z</time></trkpt><trkpt lat="50.17198" lon="17.51242"><time>2026-07-30T09:56:34Z</time></trkpt><trkpt lat="50.17211" lon="17.51241"><time>2026-07-30T09:56:35Z</time></trkpt><trkpt lat="50.17224" lon="17.51238"><time>2026-07-30T09:56:36Z</time></trkpt><trkpt lat="50.17238" lon="17.51235"><time>2026-07-30T09:56:37Z</time></trkpt><trkpt lat="50.17252" lon="17.51232"><time>2026-07-30T09:56:38Z</time></trkpt><trkpt lat="50.17266" lon="17.51234"><time>2026-07-30T09:56:39Z</time></trkpt><trkpt lat="50.17281" lon="17.51237"><time>2026-07-30T09:56:40Z</time></trkpt><trkpt lat="50.17294" lon="17.51244"><time>2026-07-30T09:56:41Z</time></trkpt><trkpt lat="50.17307" lon="17.51253"><time>2026-07-30T09:56:42Z</time></trkpt><trkpt lat="50.1732" lon="17.51261"><time>2026-07-30T09:56:43Z</time></trkpt><trkpt lat="50.17331" lon="17.51268"><time>2026-07-30T09:56:44Z</time></trkpt><trkpt lat="50.17343" lon="17.51274"><time>2026-07-30T09:56:45Z</time></trkpt><trkpt lat="50.17355" lon="17.51281"><time>2026-07-30T09:56:46Z</time></trkpt><trkpt lat="50.17366" lon="17.51288"><time>2026-07-30T09:56:47Z</time></trkpt><trkpt lat="50.17378" lon="17.51294"><time>2026-07-30T09:56:48Z</time></trkpt><trkpt lat="50.17389" lon="17.51301"><time>2026-07-30T09:56:49Z</time></trkpt><trkpt lat="50.17399" lon="17.51307"><time>2026-07-30T09:56:50Z</time></trkpt><trkpt lat="50.17409" lon="17.51313"><time>2026-07-30T09:56:51Z</time></trkpt><trkpt lat="50.17418" lon="17.51318"><time>2026-07-30T09:56:52Z</time></trkpt><trkpt lat="50.17428" lon="17.51324"><time>2026-07-30T09:56:53Z</time></trkpt><trkpt lat="50.17437" lon="17.51328"><time>2026-07-30T09:56:54Z</time></trkpt><trkpt lat="50.17446" lon="17.51331"><time>2026-07-30T09:56:55Z</time></trkpt><trkpt lat="50.17455" lon="17.51335"><time>2026-07-30T09:56:56Z</time></trkpt><trkpt lat="50.17466" lon="17.51338"><time>2026-07-30T09:56:57Z</time></trkpt><trkpt lat="50.17477" lon="17.5134"><time>2026-07-30T09:56:58Z</time></trkpt><trkpt lat="50.17488" lon="17.51342"><time>2026-07-30T09:56:59Z</time></trkpt><trkpt lat="50.175" lon="17.51344"><time>2026-07-30T09:57:00Z</time></trkpt><trkpt lat="50.17513" lon="17.51343"><time>2026-07-30T09:57:01Z</time></trkpt><trkpt lat="50.17525" lon="17.51343"><time>2026-07-30T09:57:02Z</time></trkpt><trkpt lat="50.17539" lon="17.51342"><time>2026-07-30T09:57:03Z</time></trkpt><trkpt lat="50.17551" lon="17.5134"><time>2026-07-30T09:57:04Z</time></trkpt><trkpt lat="50.17564" lon="17.51339"><time>2026-07-30T09:57:05Z</time></trkpt><trkpt lat="50.17574" lon="17.51337"><time>2026-07-30T09:57:06Z</time></trkpt><trkpt lat="50.17587" lon="17.51335"><time>2026-07-30T09:57:07Z</time></trkpt><trkpt lat="50.176" lon="17.51334"><time>2026-07-30T09:57:08Z</time></trkpt><trkpt lat="50.17611" lon="17.51336"><time>2026-07-30T09:57:09Z</time></trkpt><trkpt lat="50.17624" lon="17.51336"><time>2026-07-30T09:57:10Z</time></trkpt><trkpt lat="50.17636" lon="17.51336"><time>2026-07-30T09:57:11Z</time></trkpt><trkpt lat="50.17649" lon="17.51338"><time>2026-07-30T09:57:12Z</time></trkpt><trkpt lat="50.17662" lon="17.51343"><time>2026-07-30T09:57:13Z</time></trkpt><trkpt lat="50.17676" lon="17.5135"><time>2026-07-30T09:57:14Z</time></trkpt><trkpt lat="50.17689" lon="17.51357"><time>2026-07-30T09:57:15Z</time></trkpt><trkpt lat="50.177" lon="17.51364"><time>2026-07-30T09:57:16Z</time></trkpt><trkpt lat="50.17714" lon="17.5137"><time>2026-07-30T09:57:17Z</time></trkpt><trkpt lat="50.17724" lon="17.5138"><time>2026-07-30T09:57:18Z</time></trkpt><trkpt lat="50.17736" lon="17.51388"><time>2026-07-30T09:57:19Z</time></trkpt><trkpt lat="50.17747" lon="17.51397"><time>2026-07-30T09:57:20Z</time></trkpt><trkpt lat="50.17757" lon="17.51408"><time>2026-07-30T09:57:21Z</time></trkpt><trkpt lat="50.17766" lon="17.51419"><time>2026-07-30T09:57:22Z</time></trkpt><trkpt lat="50.17776" lon="17.51429"><time>2026-07-30T09:57:23Z</time></trkpt><trkpt lat="50.17785" lon="17.51443"><time>2026-07-30T09:57:24Z</time></trkpt><trkpt lat="50.17793" lon="17.51456"><time>2026-07-30T09:57:25Z</time></trkpt><trkpt lat="50.17801" lon="17.51472"><time>2026-07-30T09:57:26Z</time></trkpt><trkpt lat="50.17807" lon="17.51487"><time>2026-07-30T09:57:27Z</time></trkpt><trkpt lat="50.17813" lon="17.51502"><time>2026-07-30T09:57:28Z</time></trkpt><trkpt lat="50.17821" lon="17.51517"><time>2026-07-30T09:57:29Z</time></trkpt><trkpt lat="50.17828" lon="17.51533"><time>2026-07-30T09:57:30Z</time></trkpt><trkpt lat="50.17834" lon="17.5155"><time>2026-07-30T09:57:31Z</time></trkpt><trkpt lat="50.1784" lon="17.51568"><time>2026-07-30T09:57:32Z</time></trkpt><trkpt lat="50.17845" lon="17.51588"><time>2026-07-30T09:57:33Z</time></trkpt><trkpt lat="50.1785" lon="17.51607"><time>2026-07-30T09:57:34Z</time></trkpt><trkpt lat="50.17856" lon="17.51628"><time>2026-07-30T09:57:35Z</time></trkpt><trkpt lat="50.1786" lon="17.5165"><time>2026-07-30T09:57:36Z</time></trkpt><trkpt lat="50.17864" lon="17.51672"><time>2026-07-30T09:57:37Z</time></trkpt><trkpt lat="50.17867" lon="17.51694"><time>2026-07-30T09:57:38Z</time></trkpt><trkpt lat="50.1787" lon="17.51716"><time>2026-07-30T09:57:39Z</time></trkpt><trkpt lat="50.17873" lon="17.51737"><time>2026-07-30T09:57:40Z</time></trkpt><trkpt lat="50.17877" lon="17.51757"><time>2026-07-30T09:57:41Z</time></trkpt><trkpt lat="50.17881" lon="17.51779"><time>2026-07-30T09:57:42Z</time></trkpt><trkpt lat="50.17886" lon="17.518"><time>2026-07-30T09:57:43Z</time></trkpt><trkpt lat="50.17892" lon="17.51821"><time>2026-07-30T09:57:44Z</time></trkpt><trkpt lat="50.17899" lon="17.51843"><time>2026-07-30T09:57:45Z</time></trkpt><trkpt lat="50.17907" lon="17.51864"><time>2026-07-30T09:57:46Z</time></trkpt><trkpt lat="50.17916" lon="17.51885"><time>2026-07-30T09:57:47Z</time></trkpt><trkpt lat="50.17925" lon="17.51905"><time>2026-07-30T09:57:48Z</time></trkpt><trkpt lat="50.17933" lon="17.51923"><time>2026-07-30T09:57:49Z</time></trkpt><trkpt lat="50.17941" lon="17.51943"><time>2026-07-30T09:57:50Z</time></trkpt><trkpt lat="50.17948" lon="17.51962"><time>2026-07-30T09:57:51Z</time></trkpt><trkpt lat="50.17954" lon="17.51983"><time>2026-07-30T09:57:52Z</time></trkpt><trkpt lat="50.17959" lon="17.52005"><time>2026-07-30T09:57:53Z</time></trkpt><trkpt lat="50.17963" lon="17.52028"><time>2026-07-30T09:57:54Z</time></trkpt><trkpt lat="50.17967" lon="17.52049"><time>2026-07-30T09:57:55Z</time></trkpt><trkpt lat="50.17969" lon="17.52071"><time>2026-07-30T09:57:56Z</time></trkpt><trkpt lat="50.1797" lon="17.52093"><time>2026-07-30T09:57:57Z</time></trkpt><trkpt lat="50.17971" lon="17.52117"><time>2026-07-30T09:57:58Z</time></trkpt><trkpt lat="50.1797" lon="17.52141"><time>2026-07-30T09:57:59Z</time></trkpt><trkpt lat="50.17969" lon="17.52166"><time>2026-07-30T09:58:00Z</time></trkpt><trkpt lat="50.17968" lon="17.52191"><time>2026-07-30T09:58:01Z</time></trkpt><trkpt lat="50.17966" lon="17.52215"><time>2026-07-30T09:58:02Z</time></trkpt><trkpt lat="50.17966" lon="17.52238"><time>2026-07-30T09:58:03Z</time></trkpt><trkpt lat="50.17965" lon="17.5226"><time>2026-07-30T09:58:04Z</time></trkpt><trkpt lat="50.17963" lon="17.5228"><time>2026-07-30T09:58:05Z</time></trkpt><trkpt lat="50.17962" lon="17.52301"><time>2026-07-30T09:58:06Z</time></trkpt><trkpt lat="50.1796" lon="17.52322"><time>2026-07-30T09:58:07Z</time></trkpt><trkpt lat="50.17957" lon="17.52342"><time>2026-07-30T09:58:08Z</time></trkpt><trkpt lat="50.17955" lon="17.52362"><time>2026-07-30T09:58:09Z</time></trkpt><trkpt lat="50.17953" lon="17.52381"><time>2026-07-30T09:58:10Z</time></trkpt><trkpt lat="50.1795" lon="17.524"><time>2026-07-30T09:58:11Z</time></trkpt><trkpt lat="50.17948" lon="17.52422"><time>2026-07-30T09:58:12Z</time></trkpt><trkpt lat="50.17946" lon="17.52444"><time>2026-07-30T09:58:13Z</time></trkpt><trkpt lat="50.17944" lon="17.52467"><time>2026-07-30T09:58:14Z</time></trkpt><trkpt lat="50.17942" lon="17.52491"><time>2026-07-30T09:58:15Z</time></trkpt><trkpt lat="50.17942" lon="17.52513"><time>2026-07-30T09:58:16Z</time></trkpt><trkpt lat="50.17941" lon="17.52535"><time>2026-07-30T09:58:17Z</time></trkpt><trkpt lat="50.17941" lon="17.52555"><time>2026-07-30T09:58:18Z</time></trkpt><trkpt lat="50.17942" lon="17.52575"><time>2026-07-30T09:58:19Z</time></trkpt><trkpt lat="50.17944" lon="17.52596"><time>2026-07-30T09:58:20Z</time></trkpt><trkpt lat="50.17946" lon="17.52617"><time>2026-07-30T09:58:21Z</time></trkpt><trkpt lat="50.17948" lon="17.52638"><time>2026-07-30T09:58:22Z</time></trkpt><trkpt lat="50.1795" lon="17.52657"><time>2026-07-30T09:58:23Z</time></trkpt><trkpt lat="50.17952" lon="17.52678"><time>2026-07-30T09:58:24Z</time></trkpt><trkpt lat="50.17953" lon="17.52699"><time>2026-07-30T09:58:25Z</time></trkpt><trkpt lat="50.17954" lon="17.5272"><time>2026-07-30T09:58:26Z</time></trkpt><trkpt lat="50.17954" lon="17.5274"><time>2026-07-30T09:58:27Z</time></trkpt><trkpt lat="50.17954" lon="17.52759"><time>2026-07-30T09:58:28Z</time></trkpt><trkpt lat="50.17952" lon="17.52778"><time>2026-07-30T09:58:29Z</time></trkpt><trkpt lat="50.17951" lon="17.52797"><time>2026-07-30T09:58:30Z</time></trkpt><trkpt lat="50.17948" lon="17.52817"><time>2026-07-30T09:58:31Z</time></trkpt><trkpt lat="50.17945" lon="17.52838"><time>2026-07-30T09:58:32Z</time></trkpt><trkpt lat="50.17942" lon="17.52858"><time>2026-07-30T09:58:33Z</time></trkpt><trkpt lat="50.17938" lon="17.52877"><time>2026-07-30T09:58:34Z</time></trkpt><trkpt lat="50.17935" lon="17.52897"><time>2026-07-30T09:58:35Z</time></trkpt><trkpt lat="50.17931" lon="17.5292"><time>2026-07-30T09:58:36Z</time></trkpt><trkpt lat="50.17927" lon="17.52943"><time>2026-07-30T09:58:37Z</time></trkpt><trkpt lat="50.17924" lon="17.52964"><time>2026-07-30T09:58:38Z</time></trkpt><trkpt lat="50.17921" lon="17.52984"><time>2026-07-30T09:58:39Z</time></trkpt><trkpt lat="50.17918" lon="17.53004"><time>2026-07-30T09:58:40Z</time></trkpt><trkpt lat="50.17915" lon="17.53025"><time>2026-07-30T09:58:41Z</time></trkpt><trkpt lat="50.17912" lon="17.53048"><time>2026-07-30T09:58:42Z</time></trkpt><trkpt lat="50.17909" lon="17.53069"><time>2026-07-30T09:58:43Z</time></trkpt><trkpt lat="50.17907" lon="17.53089"><time>2026-07-30T09:58:44Z</time></trkpt><trkpt lat="50.17906" lon="17.53108"><time>2026-07-30T09:58:45Z</time></trkpt><trkpt lat="50.17905" lon="17.53128"><time>2026-07-30T09:58:46Z</time></trkpt><trkpt lat="50.17905" lon="17.53149"><time>2026-07-30T09:58:47Z</time></trkpt><trkpt lat="50.17905" lon="17.53171"><time>2026-07-30T09:58:48Z</time></trkpt><trkpt lat="50.17906" lon="17.53193"><time>2026-07-30T09:58:49Z</time></trkpt><trkpt lat="50.17906" lon="17.53214"><time>2026-07-30T09:58:50Z</time></trkpt><trkpt lat="50.17907" lon="17.53237"><time>2026-07-30T09:58:51Z</time></trkpt><trkpt lat="50.17909" lon="17.53256"><time>2026-07-30T09:58:52Z</time></trkpt><trkpt lat="50.17911" lon="17.53276"><time>2026-07-30T09:58:53Z</time></trkpt><trkpt lat="50.17913" lon="17.53296"><time>2026-07-30T09:58:54Z</time></trkpt><trkpt lat="50.17913" lon="17.53317"><time>2026-07-30T09:58:55Z</time></trkpt><trkpt lat="50.17913" lon="17.53337"><time>2026-07-30T09:58:56Z</time></trkpt><trkpt lat="50.1791" lon="17.53358"><time>2026-07-30T09:58:57Z</time></trkpt><trkpt lat="50.17909" lon="17.5338"><time>2026-07-30T09:58:58Z</time></trkpt><trkpt lat="50.17905" lon="17.53401"><time>2026-07-30T09:58:59Z</time></trkpt><trkpt lat="50.179" lon="17.5342"><time>2026-07-30T09:59:00Z</time></trkpt><trkpt lat="50.17894" lon="17.53439"><time>2026-07-30T09:59:01Z</time></trkpt><trkpt lat="50.17887" lon="17.53455"><time>2026-07-30T09:59:02Z</time></trkpt><trkpt lat="50.17877" lon="17.53473"><time>2026-07-30T09:59:03Z</time></trkpt><trkpt lat="50.17869" lon="17.53489"><time>2026-07-30T09:59:04Z</time></trkpt><trkpt lat="50.17859" lon="17.53505"><time>2026-07-30T09:59:05Z</time></trkpt><trkpt lat="50.1785" lon="17.53519"><time>2026-07-30T09:59:06Z</time></trkpt><trkpt lat="50.17842" lon="17.53532"><time>2026-07-30T09:59:07Z</time></trkpt><trkpt lat="50.17834" lon="17.53544"><time>2026-07-30T09:59:08Z</time></trkpt><trkpt lat="50.17825" lon="17.53558"><time>2026-07-30T09:59:09Z</time></trkpt><trkpt lat="50.17817" lon="17.53572"><time>2026-07-30T09:59:10Z</time></trkpt><trkpt lat="50.1781" lon="17.53589"><time>2026-07-30T09:59:11Z</time></trkpt><trkpt lat="50.17804" lon="17.53607"><time>2026-07-30T09:59:12Z</time></trkpt><trkpt lat="50.17799" lon="17.53624"><time>2026-07-30T09:59:13Z</time></trkpt><trkpt lat="50.17793" lon="17.53642"><time>2026-07-30T09:59:14Z</time></trkpt><trkpt lat="50.17788" lon="17.53661"><time>2026-07-30T09:59:15Z</time></trkpt><trkpt lat="50.17782" lon="17.53681"><time>2026-07-30T09:59:16Z</time></trkpt><trkpt lat="50.17777" lon="17.53701"><time>2026-07-30T09:59:17Z</time></trkpt><trkpt lat="50.17771" lon="17.53719"><time>2026-07-30T09:59:18Z</time></trkpt><trkpt lat="50.17765" lon="17.53739"><time>2026-07-30T09:59:19Z</time></trkpt><trkpt lat="50.17759" lon="17.53758"><time>2026-07-30T09:59:20Z</time></trkpt><trkpt lat="50.17753" lon="17.53776"><time>2026-07-30T09:59:21Z</time></trkpt><trkpt lat="50.17747" lon="17.53794"><time>2026-07-30T09:59:22Z</time></trkpt><trkpt lat="50.17741" lon="17.53812"><time>2026-07-30T09:59:23Z</time></trkpt><trkpt lat="50.17736" lon="17.53829"><time>2026-07-30T09:59:24Z</time></trkpt><trkpt lat="50.17731" lon="17.53847"><time>2026-07-30T09:59:25Z</time></trkpt><trkpt lat="50.17729" lon="17.53865"><time>2026-07-30T09:59:26Z</time></trkpt><trkpt lat="50.17727" lon="17.53887"><time>2026-07-30T09:59:27Z</time></trkpt><trkpt lat="50.17727" lon="17.5391"><time>2026-07-30T09:59:28Z</time></trkpt><trkpt lat="50.17728" lon="17.53933"><time>2026-07-30T09:59:29Z</time></trkpt><trkpt lat="50.17729" lon="17.53956"><time>2026-07-30T09:59:30Z</time></trkpt><trkpt lat="50.1773" lon="17.53978"><time>2026-07-30T09:59:31Z</time></trkpt><trkpt lat="50.17729" lon="17.53999"><time>2026-07-30T09:59:32Z</time></trkpt><trkpt lat="50.17728" lon="17.5402"><time>2026-07-30T09:59:33Z</time></trkpt><trkpt lat="50.17725" lon="17.5404"><time>2026-07-30T09:59:34Z</time></trkpt><trkpt lat="50.17721" lon="17.5406"><time>2026-07-30T09:59:35Z</time></trkpt><trkpt lat="50.17715" lon="17.5408"><time>2026-07-30T09:59:36Z</time></trkpt><trkpt lat="50.17709" lon="17.54099"><time>2026-07-30T09:59:37Z</time></trkpt><trkpt lat="50.177" lon="17.54115"><time>2026-07-30T09:59:38Z</time></trkpt><trkpt lat="50.1769" lon="17.54131"><time>2026-07-30T09:59:39Z</time></trkpt><trkpt lat="50.17679" lon="17.54148"><time>2026-07-30T09:59:40Z</time></trkpt><trkpt lat="50.17668" lon="17.54165"><time>2026-07-30T09:59:41Z</time></trkpt><trkpt lat="50.17658" lon="17.54182"><time>2026-07-30T09:59:42Z</time></trkpt><trkpt lat="50.17648" lon="17.54199"><time>2026-07-30T09:59:43Z</time></trkpt><trkpt lat="50.17638" lon="17.54215"><time>2026-07-30T09:59:44Z</time></trkpt><trkpt lat="50.17628" lon="17.5423"><time>2026-07-30T09:59:45Z</time></trkpt><trkpt lat="50.17618" lon="17.54245"><time>2026-07-30T09:59:46Z</time></trkpt><trkpt lat="50.17609" lon="17.5426"><time>2026-07-30T09:59:47Z</time></trkpt><trkpt lat="50.176" lon="17.54274"><time>2026-07-30T09:59:48Z</time></trkpt><trkpt lat="50.1759" lon="17.54287"><time>2026-07-30T09:59:49Z</time></trkpt><trkpt lat="50.1758" lon="17.54302"><time>2026-07-30T09:59:50Z</time></trkpt><trkpt lat="50.17572" lon="17.54317"><time>2026-07-30T09:59:51Z</time></trkpt><trkpt lat="50.17563" lon="17.54332"><time>2026-07-30T09:59:52Z</time></trkpt><trkpt lat="50.17556" lon="17.54348"><time>2026-07-30T09:59:53Z</time></trkpt><trkpt lat="50.17549" lon="17.54365"><time>2026-07-30T09:59:54Z</time></trkpt><trkpt lat="50.17542" lon="17.54383"><time>2026-07-30T09:59:55Z</time></trkpt><trkpt lat="50.17535" lon="17.54402"><time>2026-07-30T09:59:56Z</time></trkpt><trkpt lat="50.17528" lon="17.5442"><time>2026-07-30T09:59:57Z</time></trkpt><trkpt lat="50.17521" lon="17.54437"><time>2026-07-30T09:59:58Z</time></trkpt><trkpt lat="50.17514" lon="17.54454"><time>2026-07-30T09:59:59Z</time></trkpt><trkpt lat="50.17505" lon="17.54471"><time>2026-07-30T10:00:00Z</time></trkpt><trkpt lat="50.17496" lon="17.54488"><time>2026-07-30T10:00:01Z</time></trkpt><trkpt lat="50.17486" lon="17.54504"><time>2026-07-30T10:00:02Z</time></trkpt><trkpt lat="50.17476" lon="17.5452"><time>2026-07-30T10:00:03Z</time></trkpt><trkpt lat="50.17467" lon="17.54535"><time>2026-07-30T10:00:04Z</time></trkpt><trkpt lat="50.17457" lon="17.54552"><time>2026-07-30T10:00:05Z</time></trkpt><trkpt lat="50.17447" lon="17.54567"><time>2026-07-30T10:00:06Z</time></trkpt><trkpt lat="50.17438" lon="17.54582"><time>2026-07-30T10:00:07Z</time></trkpt><trkpt lat="50.1743" lon="17.54595"><time>2026-07-30T10:00:08Z</time></trkpt><trkpt lat="50.1742" lon="17.5461"><time>2026-07-30T10:00:09Z</time></trkpt><trkpt lat="50.17411" lon="17.54624"><time>2026-07-30T10:00:10Z</time></trkpt><trkpt lat="50.17402" lon="17.54638"><time>2026-07-30T10:00:11Z</time></trkpt><trkpt lat="50.17393" lon="17.54652"><time>2026-07-30T10:00:12Z</time></trkpt><trkpt lat="50.17384" lon="17.54666"><time>2026-07-30T10:00:13Z</time></trkpt><trkpt lat="50.17376" lon="17.5468"><time>2026-07-30T10:00:14Z</time></trkpt><trkpt lat="50.17367" lon="17.54696"><time>2026-07-30T10:00:15Z</time></trkpt><trkpt lat="50.17361" lon="17.54713"><time>2026-07-30T10:00:16Z</time></trkpt><trkpt lat="50.17355" lon="17.54734"><time>2026-07-30T10:00:17Z</time></trkpt><trkpt lat="50.17353" lon="17.54753"><time>2026-07-30T10:00:18Z</time></trkpt><trkpt lat="50.17352" lon="17.54771"><time>2026-07-30T10:00:19Z</time></trkpt><trkpt lat="50.17351" lon="17.5479"><time>2026-07-30T10:00:20Z</time></trkpt><trkpt lat="50.1735" lon="17.5481"><time>2026-07-30T10:00:21Z</time></trkpt><trkpt lat="50.17348" lon="17.5483"><time>2026-07-30T10:00:22Z</time></trkpt><trkpt lat="50.17346" lon="17.5485"><time>2026-07-30T10:00:23Z</time></trkpt><trkpt lat="50.17345" lon="17.54871"><time>2026-07-30T10:00:24Z</time></trkpt><trkpt lat="50.17343" lon="17.54891"><time>2026-07-30T10:00:25Z</time></trkpt><trkpt lat="50.17342" lon="17.54912"><time>2026-07-30T10:00:26Z</time></trkpt><trkpt lat="50.17341" lon="17.54931"><time>2026-07-30T10:00:27Z</time></trkpt><trkpt lat="50.1734" lon="17.54949"><time>2026-07-30T10:00:28Z</time></trkpt><trkpt lat="50.17338" lon="17.54967"><time>2026-07-30T10:00:29Z</time></trkpt><trkpt lat="50.17337" lon="17.54986"><time>2026-07-30T10:00:30Z</time></trkpt><trkpt lat="50.17335" lon="17.55003"><time>2026-07-30T10:00:31Z</time></trkpt><trkpt lat="50.17332" lon="17.55019"><time>2026-07-30T10:00:32Z</time></trkpt><trkpt lat="50.17328" lon="17.55035"><time>2026-07-30T10:00:33Z</time></trkpt><trkpt lat="50.17323" lon="17.55052"><time>2026-07-30T10:00:34Z</time></trkpt><trkpt lat="50.17318" lon="17.55068"><time>2026-07-30T10:00:35Z</time></trkpt><trkpt lat="50.17313" lon="17.55083"><time>2026-07-30T10:00:36Z</time></trkpt><trkpt lat="50.17308" lon="17.55098"><time>2026-07-30T10:00:37Z</time></trkpt><trkpt lat="50.17302" lon="17.55112"><time>2026-07-30T10:00:38Z</time></trkpt><trkpt lat="50.17295" lon="17.55127"><time>2026-07-30T10:00:39Z</time></trkpt><trkpt lat="50.17288" lon="17.55139"><time>2026-07-30T10:00:40Z</time></trkpt><trkpt lat="50.17281" lon="17.55151"><time>2026-07-30T10:00:41Z</time></trkpt><trkpt lat="50.17272" lon="17.55161"><time>2026-07-30T10:00:42Z</time></trkpt><trkpt lat="50.17263" lon="17.5517"><time>2026-07-30T10:00:43Z</time></trkpt><trkpt lat="50.17253" lon="17.55179"><time>2026-07-30T10:00:44Z</time></trkpt><trkpt lat="50.17244" lon="17.55187"><time>2026-07-30T10:00:45Z</time></trkpt><trkpt lat="50.17234" lon="17.55197"><time>2026-07-30T10:00:46Z</time></trkpt><trkpt lat="50.17226" lon="17.55209"><time>2026-07-30T10:00:47Z</time></trkpt><trkpt lat="50.17218" lon="17.55222"><time>2026-07-30T10:00:48Z</time></trkpt><trkpt lat="50.17211" lon="17.55235"><time>2026-07-30T10:00:49Z</time></trkpt><trkpt lat="50.17205" lon="17.55249"><time>2026-07-30T10:00:50Z</time></trkpt><trkpt lat="50.17199" lon="17.55266"><time>2026-07-30T10:00:51Z</time></trkpt><trkpt lat="50.17194" lon="17.55283"><time>2026-07-30T10:00:52Z</time></trkpt><trkpt lat="50.17189" lon="17.55303"><time>2026-07-30T10:00:53Z</time></trkpt><trkpt lat="50.17185" lon="17.55323"><time>2026-07-30T10:00:54Z</time></trkpt><trkpt lat="50.1718" lon="17.55344"><time>2026-07-30T10:00:55Z</time></trkpt><trkpt lat="50.17177" lon="17.55366"><time>2026-07-30T10:00:56Z</time></trkpt><trkpt lat="50.17172" lon="17.55388"><time>2026-07-30T10:00:57Z</time></trkpt><trkpt lat="50.17169" lon="17.5541"><time>2026-07-30T10:00:58Z</time></trkpt><trkpt lat="50.17164" lon="17.5543"><time>2026-07-30T10:00:59Z</time></trkpt><trkpt lat="50.1716" lon="17.55449"><time>2026-07-30T10:01:00Z</time></trkpt><trkpt lat="50.17154" lon="17.55469"><time>2026-07-30T10:01:01Z</time></trkpt><trkpt lat="50.17146" lon="17.55487"><time>2026-07-30T10:01:02Z</time></trkpt><trkpt lat="50.17139" lon="17.55506"><time>2026-07-30T10:01:03Z</time></trkpt><trkpt lat="50.17129" lon="17.55522"><time>2026-07-30T10:01:04Z</time></trkpt><trkpt lat="50.17119" lon="17.55533"><time>2026-07-30T10:01:05Z</time></trkpt><trkpt lat="50.17111" lon="17.55546"><time>2026-07-30T10:01:06Z</time></trkpt><trkpt lat="50.17102" lon="17.5556"><time>2026-07-30T10:01:07Z</time></trkpt><trkpt lat="50.17094" lon="17.55576"><time>2026-07-30T10:01:08Z</time></trkpt><trkpt lat="50.17087" lon="17.55593"><time>2026-07-30T10:01:09Z</time></trkpt><trkpt lat="50.17082" lon="17.55613"><time>2026-07-30T10:01:10Z</time></trkpt><trkpt lat="50.17077" lon="17.55634"><time>2026-07-30T10:01:11Z</time></trkpt><trkpt lat="50.17072" lon="17.55653"><time>2026-07-30T10:01:12Z</time></trkpt><trkpt lat="50.17068" lon="17.55674"><time>2026-07-30T10:01:13Z</time></trkpt><trkpt lat="50.17064" lon="17.55696"><time>2026-07-30T10:01:14Z</time></trkpt><trkpt lat="50.17061" lon="17.55716"><time>2026-07-30T10:01:15Z</time></trkpt><trkpt lat="50.17056" lon="17.55736"><time>2026-07-30T10:01:16Z</time></trkpt><trkpt lat="50.17052" lon="17.55756"><time>2026-07-30T10:01:17Z</time></trkpt><trkpt lat="50.17048" lon="17.55777"><time>2026-07-30T10:01:18Z</time></trkpt><trkpt lat="50.17043" lon="17.55796"><time>2026-07-30T10:01:19Z</time></trkpt><trkpt lat="50.17038" lon="17.55815"><time>2026-07-30T10:01:20Z</time></trkpt><trkpt lat="50.17033" lon="17.55833"><time>2026-07-30T10:01:21Z</time></trkpt><trkpt lat="50.17029" lon="17.55854"><time>2026-07-30T10:01:22Z</time></trkpt><trkpt lat="50.17026" lon="17.55876"><time>2026-07-30T10:01:23Z</time></trkpt><trkpt lat="50.17024" lon="17.55897"><time>2026-07-30T10:01:24Z</time></trkpt><trkpt lat="50.17023" lon="17.5592"><time>2026-07-30T10:01:25Z</time></trkpt><trkpt lat="50.17023" lon="17.55942"><time>2026-07-30T10:01:26Z</time></trkpt><trkpt lat="50.17022" lon="17.55964"><time>2026-07-30T10:01:27Z</time></trkpt><trkpt lat="50.17022" lon="17.55984"><time>2026-07-30T10:01:28Z</time></trkpt><trkpt lat="50.17021" lon="17.56006"><time>2026-07-30T10:01:29Z</time></trkpt><trkpt lat="50.1702" lon="17.56028"><time>2026-07-30T10:01:30Z</time></trkpt><trkpt lat="50.17019" lon="17.5605"><time>2026-07-30T10:01:31Z</time></trkpt><trkpt lat="50.17018" lon="17.56073"><time>2026-07-30T10:01:32Z</time></trkpt><trkpt lat="50.17015" lon="17.56095"><time>2026-07-30T10:01:33Z</time></trkpt><trkpt lat="50.17013" lon="17.56118"><time>2026-07-30T10:01:34Z</time></trkpt><trkpt lat="50.17009" lon="17.56141"><time>2026-07-30T10:01:35Z</time></trkpt><trkpt lat="50.17005" lon="17.56165"><time>2026-07-30T10:01:36Z</time></trkpt><trkpt lat="50.17001" lon="17.56189"><time>2026-07-30T10:01:37Z</time></trkpt><trkpt lat="50.16997" lon="17.56213"><time>2026-07-30T10:01:38Z</time></trkpt><trkpt lat="50.16992" lon="17.56237"><time>2026-07-30T10:01:39Z</time></trkpt><trkpt lat="50.16988" lon="17.56261"><time>2026-07-30T10:01:40Z</time></trkpt><trkpt lat="50.16983" lon="17.56285"><time>2026-07-30T10:01:41Z</time></trkpt><trkpt lat="50.16979" lon="17.56309"><time>2026-07-30T10:01:42Z</time></trkpt><trkpt lat="50.16975" lon="17.56333"><time>2026-07-30T10:01:43Z</time></trkpt><trkpt lat="50.1697" lon="17.56357"><time>2026-07-30T10:01:44Z</time></trkpt><trkpt lat="50.16965" lon="17.56382"><time>2026-07-30T10:01:45Z</time></trkpt><trkpt lat="50.1696" lon="17.56407"><time>2026-07-30T10:01:46Z</time></trkpt><trkpt lat="50.16954" lon="17.56431"><time>2026-07-30T10:01:47Z</time></trkpt><trkpt lat="50.16946" lon="17.56456"><time>2026-07-30T10:01:48Z</time></trkpt><trkpt lat="50.16939" lon="17.56479"><time>2026-07-30T10:01:49Z</time></trkpt><trkpt lat="50.16931" lon="17.56502"><time>2026-07-30T10:01:50Z</time></trkpt><trkpt lat="50.16924" lon="17.56526"><time>2026-07-30T10:01:51Z</time></trkpt><trkpt lat="50.16916" lon="17.56549"><time>2026-07-30T10:01:52Z</time></trkpt><trkpt lat="50.16908" lon="17.56571"><time>2026-07-30T10:01:53Z</time></trkpt><trkpt lat="50.169" lon="17.56594"><time>2026-07-30T10:01:54Z</time></trkpt><trkpt lat="50.16892" lon="17.56615"><time>2026-07-30T10:01:55Z</time></trkpt><trkpt lat="50.16884" lon="17.56637"><time>2026-07-30T10:01:56Z</time></trkpt><trkpt lat="50.16877" lon="17.56658"><time>2026-07-30T10:01:57Z</time></trkpt><trkpt lat="50.1687" lon="17.56679"><time>2026-07-30T10:01:58Z</time></trkpt><trkpt lat="50.16863" lon="17.567"><time>2026-07-30T10:01:59Z</time></trkpt><trkpt lat="50.16856" lon="17.56721"><time>2026-07-30T10:02:00Z</time></trkpt><trkpt lat="50.16849" lon="17.56741"><time>2026-07-30T10:02:01Z</time></trkpt><trkpt lat="50.16842" lon="17.56762"><time>2026-07-30T10:02:02Z</time></trkpt><trkpt lat="50.16835" lon="17.56783"><time>2026-07-30T10:02:03Z</time></trkpt><trkpt lat="50.16827" lon="17.56803"><time>2026-07-30T10:02:04Z</time></trkpt><trkpt lat="50.1682" lon="17.56823"><time>2026-07-30T10:02:05Z</time></trkpt><trkpt lat="50.16813" lon="17.56844"><time>2026-07-30T10:02:06Z</time></trkpt><trkpt lat="50.16806" lon="17.56864"><time>2026-07-30T10:02:07Z</time></trkpt><trkpt lat="50.168" lon="17.56883"><time>2026-07-30T10:02:08Z</time></trkpt><trkpt lat="50.16793" lon="17.56902"><time>2026-07-30T10:02:09Z</time></trkpt><trkpt lat="50.16787" lon="17.56918"><time>2026-07-30T10:02:10Z</time></trkpt><trkpt lat="50.16781" lon="17.56934"><time>2026-07-30T10:02:11Z</time></trkpt><trkpt lat="50.16777" lon="17.56948"><time>2026-07-30T10:02:12Z</time></trkpt><trkpt lat="50.16772" lon="17.5696"><time>2026-07-30T10:02:13Z</time></trkpt><trkpt lat="50.16769" lon="17.56971"><time>2026-07-30T10:02:14Z</time></trkpt><trkpt lat="50.16765" lon="17.56982"><time>2026-07-30T10:02:15Z</time></trkpt><trkpt lat="50.16761" lon="17.56992"><time>2026-07-30T10:02:16Z</time></trkpt><trkpt lat="50.16757" lon="17.57003"><time>2026-07-30T10:02:17Z</time></trkpt><trkpt lat="50.16753" lon="17.57015"><time>2026-07-30T10:02:18Z</time></trkpt><trkpt lat="50.16749" lon="17.57023"><time>2026-07-30T10:02:19Z</time></trkpt><trkpt lat="50.16746" lon="17.5703"><time>2026-07-30T10:02:20Z</time></trkpt><trkpt lat="50.16744" lon="17.57035"><time>2026-07-30T10:02:21Z</time></trkpt><trkpt lat="50.16742" lon="17.57041"><time>2026-07-30T10:02:22Z</time></trkpt><trkpt lat="50.16739" lon="17.57045"><time>2026-07-30T10:02:23Z</time></trkpt><trkpt lat="50.16737" lon="17.57051"><time>2026-07-30T10:02:24Z</time></trkpt><trkpt lat="50.16734" lon="17.57057"><time>2026-07-30T10:02:25Z</time></trkpt><trkpt lat="50.16731" lon="17.57065"><time>2026-07-30T10:02:26Z</time></trkpt><trkpt lat="50.16728" lon="17.57074"><time>2026-07-30T10:02:27Z</time></trkpt><trkpt lat="50.16724" lon="17.57084"><time>2026-07-30T10:02:28Z</time></trkpt><trkpt lat="50.1672" lon="17.57096"><time>2026-07-30T10:02:29Z</time></trkpt><trkpt lat="50.16715" lon="17.57109"><time>2026-07-30T10:02:30Z</time></trkpt><trkpt lat="50.1671" lon="17.57124"><time>2026-07-30T10:02:31Z</time></trkpt><trkpt lat="50.16706" lon="17.57137"><time>2026-07-30T10:02:32Z</time></trkpt><trkpt lat="50.16701" lon="17.5715"><time>2026-07-30T10:02:33Z</time></trkpt><trkpt lat="50.16696" lon="17.57162"><time>2026-07-30T10:02:34Z</time></trkpt><trkpt lat="50.16691" lon="17.57176"><time>2026-07-30T10:02:35Z</time></trkpt><trkpt lat="50.16687" lon="17.57189"><time>2026-07-30T10:02:37Z</time></trkpt><trkpt lat="50.16682" lon="17.57201"><time>2026-07-30T10:02:37Z</time></trkpt><trkpt lat="50.16677" lon="17.57215"><time>2026-07-30T10:02:38Z</time></trkpt><trkpt lat="50.16672" lon="17.57228"><time>2026-07-30T10:02:39Z</time></trkpt><trkpt lat="50.16668" lon="17.57242"><time>2026-07-30T10:02:40Z</time></trkpt><trkpt lat="50.16663" lon="17.57254"><time>2026-07-30T10:02:41Z</time></trkpt><trkpt lat="50.16659" lon="17.57268"><time>2026-07-30T10:02:42Z</time></trkpt><trkpt lat="50.16654" lon="17.57282"><time>2026-07-30T10:02:43Z</time></trkpt><trkpt lat="50.16649" lon="17.57294"><time>2026-07-30T10:02:44Z</time></trkpt><trkpt lat="50.16645" lon="17.57306"><time>2026-07-30T10:02:45Z</time></trkpt><trkpt lat="50.16641" lon="17.57319"><time>2026-07-30T10:02:46Z</time></trkpt><trkpt lat="50.16637" lon="17.57329"><time>2026-07-30T10:02:47Z</time></trkpt><trkpt lat="50.16634" lon="17.57338"><time>2026-07-30T10:02:48Z</time></trkpt><trkpt lat="50.16632" lon="17.57347"><time>2026-07-30T10:02:49Z</time></trkpt><trkpt lat="50.16629" lon="17.57354"><time>2026-07-30T10:02:50Z</time></trkpt><trkpt lat="50.16628" lon="17.5736"><time>2026-07-30T10:02:51Z</time></trkpt><trkpt lat="50.16626" lon="17.57364"><time>2026-07-30T10:02:52Z</time></trkpt><trkpt lat="50.16624" lon="17.57369"><time>2026-07-30T10:02:53Z</time></trkpt><trkpt lat="50.16623" lon="17.57372"><time>2026-07-30T10:02:54Z</time></trkpt><trkpt lat="50.16621" lon="17.57374"><time>2026-07-30T10:02:55Z</time></trkpt><trkpt lat="50.1662" lon="17.57376"><time>2026-07-30T10:02:56Z</time></trkpt><trkpt lat="50.16619" lon="17.57378"><time>2026-07-30T10:02:57Z</time></trkpt><trkpt lat="50.16617" lon="17.57384"><time>2026-07-30T10:03:21Z</time></trkpt><trkpt lat="50.16615" lon="17.57387"><time>2026-07-30T10:03:22Z</time></trkpt><trkpt lat="50.16614" lon="17.57389"><time>2026-07-30T10:03:23Z</time></trkpt><trkpt lat="50.16608" lon="17.57393"><time>2026-07-30T10:03:31Z</time></trkpt><trkpt lat="50.16604" lon="17.5739"><time>2026-07-30T10:03:32Z</time></trkpt><trkpt lat="50.16601" lon="17.57387"><time>2026-07-30T10:03:33Z</time></trkpt><trkpt lat="50.16598" lon="17.57385"><time>2026-07-30T10:03:34Z</time></trkpt><trkpt lat="50.16595" lon="17.57382"><time>2026-07-30T10:03:35Z</time></trkpt><trkpt lat="50.16592" lon="17.5738"><time>2026-07-30T10:03:36Z</time></trkpt><trkpt lat="50.16586" lon="17.57376"><time>2026-07-30T10:03:37Z</time></trkpt><trkpt lat="50.1658" lon="17.57371"><time>2026-07-30T10:03:38Z</time></trkpt><trkpt lat="50.16575" lon="17.57366"><time>2026-07-30T10:03:39Z</time></trkpt><trkpt lat="50.16569" lon="17.57361"><time>2026-07-30T10:03:40Z</time></trkpt><trkpt lat="50.16564" lon="17.57355"><time>2026-07-30T10:03:41Z</time></trkpt><trkpt lat="50.16556" lon="17.57348"><time>2026-07-30T10:03:42Z</time></trkpt><trkpt lat="50.1655" lon="17.57342"><time>2026-07-30T10:03:43Z</time></trkpt><trkpt lat="50.16542" lon="17.57334"><time>2026-07-30T10:03:44Z</time></trkpt><trkpt lat="50.16536" lon="17.57328"><time>2026-07-30T10:03:45Z</time></trkpt><trkpt lat="50.16528" lon="17.57321"><time>2026-07-30T10:03:46Z</time></trkpt><trkpt lat="50.1652" lon="17.57313"><time>2026-07-30T10:03:47Z</time></trkpt><trkpt lat="50.1651" lon="17.57304"><time>2026-07-30T10:03:48Z</time></trkpt><trkpt lat="50.165" lon="17.57294"><time>2026-07-30T10:03:49Z</time></trkpt><trkpt lat="50.16491" lon="17.57285"><time>2026-07-30T10:03:50Z</time></trkpt><trkpt lat="50.16481" lon="17.57276"><time>2026-07-30T10:03:51Z</time></trkpt><trkpt lat="50.16471" lon="17.57267"><time>2026-07-30T10:03:52Z</time></trkpt><trkpt lat="50.16461" lon="17.57257"><time>2026-07-30T10:03:53Z</time></trkpt><trkpt lat="50.1645" lon="17.57245"><time>2026-07-30T10:03:54Z</time></trkpt><trkpt lat="50.1644" lon="17.57235"><time>2026-07-30T10:03:55Z</time></trkpt><trkpt lat="50.16429" lon="17.57225"><time>2026-07-30T10:03:56Z</time></trkpt><trkpt lat="50.16419" lon="17.57216"><time>2026-07-30T10:03:57Z</time></trkpt><trkpt lat="50.16409" lon="17.57205"><time>2026-07-30T10:03:58Z</time></trkpt><trkpt lat="50.16399" lon="17.57196"><time>2026-07-30T10:03:59Z</time></trkpt><trkpt lat="50.16388" lon="17.57188"><time>2026-07-30T10:04:00Z</time></trkpt><trkpt lat="50.16376" lon="17.57176"><time>2026-07-30T10:04:01Z</time></trkpt><trkpt lat="50.16365" lon="17.5717"><time>2026-07-30T10:04:02Z</time></trkpt><trkpt lat="50.16354" lon="17.57166"><time>2026-07-30T10:04:03Z</time></trkpt><trkpt lat="50.16342" lon="17.5716"><time>2026-07-30T10:04:04Z</time></trkpt><trkpt lat="50.16332" lon="17.57157"><time>2026-07-30T10:04:05Z</time></trkpt><trkpt lat="50.16321" lon="17.57154"><time>2026-07-30T10:04:06Z</time></trkpt><trkpt lat="50.16311" lon="17.57153"><time>2026-07-30T10:04:07Z</time></trkpt><trkpt lat="50.16301" lon="17.57153"><time>2026-07-30T10:04:08Z</time></trkpt><trkpt lat="50.1629" lon="17.57155"><time>2026-07-30T10:04:09Z</time></trkpt><trkpt lat="50.16279" lon="17.57158"><time>2026-07-30T10:04:10Z</time></trkpt><trkpt lat="50.16269" lon="17.57161"><time>2026-07-30T10:04:11Z</time></trkpt><trkpt lat="50.1626" lon="17.57164"><time>2026-07-30T10:04:12Z</time></trkpt><trkpt lat="50.16252" lon="17.57168"><time>2026-07-30T10:04:13Z</time></trkpt><trkpt lat="50.16243" lon="17.57172"><time>2026-07-30T10:04:14Z</time></trkpt><trkpt lat="50.16235" lon="17.57176"><time>2026-07-30T10:04:15Z</time></trkpt><trkpt lat="50.16226" lon="17.57181"><time>2026-07-30T10:04:16Z</time></trkpt><trkpt lat="50.16217" lon="17.57185"><time>2026-07-30T10:04:17Z</time></trkpt><trkpt lat="50.16207" lon="17.5719"><time>2026-07-30T10:04:18Z</time></trkpt><trkpt lat="50.16197" lon="17.57196"><time>2026-07-30T10:04:19Z</time></trkpt><trkpt lat="50.16188" lon="17.57201"><time>2026-07-30T10:04:20Z</time></trkpt><trkpt lat="50.16178" lon="17.57205"><time>2026-07-30T10:04:21Z</time></trkpt><trkpt lat="50.1617" lon="17.5721"><time>2026-07-30T10:04:22Z</time></trkpt><trkpt lat="50.16161" lon="17.57215"><time>2026-07-30T10:04:23Z</time></trkpt><trkpt lat="50.16151" lon="17.57219"><time>2026-07-30T10:04:24Z</time></trkpt><trkpt lat="50.16141" lon="17.57224"><time>2026-07-30T10:04:25Z</time></trkpt><trkpt lat="50.16129" lon="17.5723"><time>2026-07-30T10:04:26Z</time></trkpt><trkpt lat="50.16119" lon="17.57235"><time>2026-07-30T10:04:27Z</time></trkpt><trkpt lat="50.16108" lon="17.57241"><time>2026-07-30T10:04:28Z</time></trkpt><trkpt lat="50.16098" lon="17.57246"><time>2026-07-30T10:04:29Z</time></trkpt><trkpt lat="50.16087" lon="17.57252"><time>2026-07-30T10:04:30Z</time></trkpt><trkpt lat="50.16077" lon="17.57258"><time>2026-07-30T10:04:31Z</time></trkpt><trkpt lat="50.16067" lon="17.57264"><time>2026-07-30T10:04:32Z</time></trkpt><trkpt lat="50.16056" lon="17.57269"><time>2026-07-30T10:04:33Z</time></trkpt><trkpt lat="50.16046" lon="17.57276"><time>2026-07-30T10:04:34Z</time></trkpt><trkpt lat="50.16038" lon="17.57279"><time>2026-07-30T10:04:35Z</time></trkpt><trkpt lat="50.16029" lon="17.57283"><time>2026-07-30T10:04:36Z</time></trkpt><trkpt lat="50.1602" lon="17.57288"><time>2026-07-30T10:04:38Z</time></trkpt><trkpt lat="50.1601" lon="17.57293"><time>2026-07-30T10:04:38Z</time></trkpt><trkpt lat="50.16004" lon="17.57296"><time>2026-07-30T10:04:39Z</time></trkpt><trkpt lat="50.15996" lon="17.57301"><time>2026-07-30T10:04:40Z</time></trkpt><trkpt lat="50.15987" lon="17.57305"><time>2026-07-30T10:04:41Z</time></trkpt><trkpt lat="50.15978" lon="17.5731"><time>2026-07-30T10:04:42Z</time></trkpt><trkpt lat="50.1597" lon="17.57314"><time>2026-07-30T10:04:43Z</time></trkpt><trkpt lat="50.15962" lon="17.57318"><time>2026-07-30T10:04:44Z</time></trkpt><trkpt lat="50.15953" lon="17.57324"><time>2026-07-30T10:04:45Z</time></trkpt><trkpt lat="50.15944" lon="17.57328"><time>2026-07-30T10:04:46Z</time></trkpt><trkpt lat="50.15935" lon="17.57333"><time>2026-07-30T10:04:47Z</time></trkpt><trkpt lat="50.15927" lon="17.57337"><time>2026-07-30T10:04:48Z</time></trkpt><trkpt lat="50.15918" lon="17.57341"><time>2026-07-30T10:04:49Z</time></trkpt><trkpt lat="50.1591" lon="17.57346"><time>2026-07-30T10:04:50Z</time></trkpt><trkpt lat="50.159" lon="17.5735"><time>2026-07-30T10:04:51Z</time></trkpt><trkpt lat="50.15892" lon="17.57354"><time>2026-07-30T10:04:52Z</time></trkpt><trkpt lat="50.15883" lon="17.57358"><time>2026-07-30T10:04:53Z</time></trkpt><trkpt lat="50.15875" lon="17.57362"><time>2026-07-30T10:04:54Z</time></trkpt><trkpt lat="50.15867" lon="17.57366"><time>2026-07-30T10:04:55Z</time></trkpt><trkpt lat="50.15858" lon="17.5737"><time>2026-07-30T10:04:56Z</time></trkpt><trkpt lat="50.15848" lon="17.57375"><time>2026-07-30T10:04:57Z</time></trkpt><trkpt lat="50.15839" lon="17.57379"><time>2026-07-30T10:04:58Z</time></trkpt><trkpt lat="50.15829" lon="17.57384"><time>2026-07-30T10:04:59Z</time></trkpt><trkpt lat="50.15819" lon="17.5739"><time>2026-07-30T10:05:00Z</time></trkpt><trkpt lat="50.15808" lon="17.57395"><time>2026-07-30T10:05:01Z</time></trkpt><trkpt lat="50.15797" lon="17.57401"><time>2026-07-30T10:05:02Z</time></trkpt><trkpt lat="50.15784" lon="17.57407"><time>2026-07-30T10:05:03Z</time></trkpt><trkpt lat="50.15773" lon="17.57414"><time>2026-07-30T10:05:04Z</time></trkpt><trkpt lat="50.1576" lon="17.5742"><time>2026-07-30T10:05:05Z</time></trkpt><trkpt lat="50.15749" lon="17.57426"><time>2026-07-30T10:05:06Z</time></trkpt><trkpt lat="50.15736" lon="17.57434"><time>2026-07-30T10:05:07Z</time></trkpt><trkpt lat="50.15724" lon="17.57442"><time>2026-07-30T10:05:08Z</time></trkpt><trkpt lat="50.15712" lon="17.57448"><time>2026-07-30T10:05:09Z</time></trkpt><trkpt lat="50.15699" lon="17.57456"><time>2026-07-30T10:05:10Z</time></trkpt><trkpt lat="50.15687" lon="17.57463"><time>2026-07-30T10:05:11Z</time></trkpt><trkpt lat="50.15676" lon="17.5747"><time>2026-07-30T10:05:12Z</time></trkpt><trkpt lat="50.15664" lon="17.57477"><time>2026-07-30T10:05:13Z</time></trkpt><trkpt lat="50.15652" lon="17.57483"><time>2026-07-30T10:05:14Z</time></trkpt><trkpt lat="50.1564" lon="17.5749"><time>2026-07-30T10:05:15Z</time></trkpt><trkpt lat="50.15627" lon="17.57497"><time>2026-07-30T10:05:16Z</time></trkpt><trkpt lat="50.15615" lon="17.57503"><time>2026-07-30T10:05:17Z</time></trkpt><trkpt lat="50.15603" lon="17.5751"><time>2026-07-30T10:05:18Z</time></trkpt><trkpt lat="50.15589" lon="17.57517"><time>2026-07-30T10:05:19Z</time></trkpt><trkpt lat="50.15575" lon="17.57524"><time>2026-07-30T10:05:20Z</time></trkpt><trkpt lat="50.1556" lon="17.57532"><time>2026-07-30T10:05:21Z</time></trkpt><trkpt lat="50.15545" lon="17.57541"><time>2026-07-30T10:05:22Z</time></trkpt><trkpt lat="50.15529" lon="17.5755"><time>2026-07-30T10:05:23Z</time></trkpt><trkpt lat="50.15512" lon="17.57558"><time>2026-07-30T10:05:24Z</time></trkpt><trkpt lat="50.15496" lon="17.57567"><time>2026-07-30T10:05:25Z</time></trkpt><trkpt lat="50.1548" lon="17.57576"><time>2026-07-30T10:05:26Z</time></trkpt><trkpt lat="50.15463" lon="17.57585"><time>2026-07-30T10:05:27Z</time></trkpt><trkpt lat="50.15446" lon="17.57594"><time>2026-07-30T10:05:28Z</time></trkpt><trkpt lat="50.15429" lon="17.57605"><time>2026-07-30T10:05:29Z</time></trkpt><trkpt lat="50.15414" lon="17.57614"><time>2026-07-30T10:05:30Z</time></trkpt><trkpt lat="50.15398" lon="17.57622"><time>2026-07-30T10:05:31Z</time></trkpt><trkpt lat="50.15383" lon="17.57631"><time>2026-07-30T10:05:32Z</time></trkpt><trkpt lat="50.15368" lon="17.57639"><time>2026-07-30T10:05:33Z</time></trkpt><trkpt lat="50.15352" lon="17.57648"><time>2026-07-30T10:05:34Z</time></trkpt><trkpt lat="50.15336" lon="17.57656"><time>2026-07-30T10:05:35Z</time></trkpt><trkpt lat="50.1532" lon="17.57664"><time>2026-07-30T10:05:36Z</time></trkpt><trkpt lat="50.15305" lon="17.57672"><time>2026-07-30T10:05:37Z</time></trkpt><trkpt lat="50.1529" lon="17.5768"><time>2026-07-30T10:05:38Z</time></trkpt><trkpt lat="50.15277" lon="17.57687"><time>2026-07-30T10:05:39Z</time></trkpt><trkpt lat="50.15264" lon="17.57693"><time>2026-07-30T10:05:40Z</time></trkpt><trkpt lat="50.15251" lon="17.577"><time>2026-07-30T10:05:41Z</time></trkpt><trkpt lat="50.15239" lon="17.57706"><time>2026-07-30T10:05:42Z</time></trkpt><trkpt lat="50.15228" lon="17.57713"><time>2026-07-30T10:05:43Z</time></trkpt><trkpt lat="50.15216" lon="17.57719"><time>2026-07-30T10:05:44Z</time></trkpt><trkpt lat="50.15209" lon="17.57723"><time>2026-07-30T10:05:45Z</time></trkpt><trkpt lat="50.15201" lon="17.57726"><time>2026-07-30T10:05:46Z</time></trkpt><trkpt lat="50.15191" lon="17.57731"><time>2026-07-30T10:05:47Z</time></trkpt><trkpt lat="50.15184" lon="17.57735"><time>2026-07-30T10:05:48Z</time></trkpt><trkpt lat="50.15174" lon="17.57741"><time>2026-07-30T10:05:49Z</time></trkpt><trkpt lat="50.15166" lon="17.57746"><time>2026-07-30T10:05:50Z</time></trkpt><trkpt lat="50.15157" lon="17.57751"><time>2026-07-30T10:05:51Z</time></trkpt><trkpt lat="50.15147" lon="17.57757"><time>2026-07-30T10:05:52Z</time></trkpt><trkpt lat="50.1514" lon="17.5776"><time>2026-07-30T10:05:53Z</time></trkpt><trkpt lat="50.1513" lon="17.57766"><time>2026-07-30T10:05:54Z</time></trkpt><trkpt lat="50.15121" lon="17.5777"><time>2026-07-30T10:05:55Z</time></trkpt><trkpt lat="50.15111" lon="17.57776"><time>2026-07-30T10:05:56Z</time></trkpt><trkpt lat="50.15101" lon="17.57781"><time>2026-07-30T10:05:57Z</time></trkpt><trkpt lat="50.1509" lon="17.57789"><time>2026-07-30T10:05:58Z</time></trkpt><trkpt lat="50.15079" lon="17.57795"><time>2026-07-30T10:05:59Z</time></trkpt><trkpt lat="50.15068" lon="17.578"><time>2026-07-30T10:06:00Z</time></trkpt><trkpt lat="50.15058" lon="17.57807"><time>2026-07-30T10:06:01Z</time></trkpt><trkpt lat="50.15047" lon="17.57813"><time>2026-07-30T10:06:02Z</time></trkpt><trkpt lat="50.15038" lon="17.57818"><time>2026-07-30T10:06:03Z</time></trkpt><trkpt lat="50.15028" lon="17.57822"><time>2026-07-30T10:06:04Z</time></trkpt><trkpt lat="50.15018" lon="17.57827"><time>2026-07-30T10:06:05Z</time></trkpt><trkpt lat="50.15008" lon="17.57832"><time>2026-07-30T10:06:06Z</time></trkpt><trkpt lat="50.14998" lon="17.57837"><time>2026-07-30T10:06:07Z</time></trkpt><trkpt lat="50.14988" lon="17.57842"><time>2026-07-30T10:06:08Z</time></trkpt><trkpt lat="50.14979" lon="17.57847"><time>2026-07-30T10:06:09Z</time></trkpt><trkpt lat="50.1497" lon="17.57852"><time>2026-07-30T10:06:10Z</time></trkpt><trkpt lat="50.14961" lon="17.57857"><time>2026-07-30T10:06:11Z</time></trkpt><trkpt lat="50.14952" lon="17.57862"><time>2026-07-30T10:06:12Z</time></trkpt><trkpt lat="50.14942" lon="17.57867"><time>2026-07-30T10:06:13Z</time></trkpt><trkpt lat="50.14931" lon="17.57873"><time>2026-07-30T10:06:14Z</time></trkpt><trkpt lat="50.14921" lon="17.57878"><time>2026-07-30T10:06:15Z</time></trkpt><trkpt lat="50.14911" lon="17.57883"><time>2026-07-30T10:06:16Z</time></trkpt><trkpt lat="50.14901" lon="17.57888"><time>2026-07-30T10:06:17Z</time></trkpt><trkpt lat="50.14891" lon="17.57893"><time>2026-07-30T10:06:18Z</time></trkpt><trkpt lat="50.14881" lon="17.57899"><time>2026-07-30T10:06:19Z</time></trkpt><trkpt lat="50.14871" lon="17.57904"><time>2026-07-30T10:06:20Z</time></trkpt><trkpt lat="50.1486" lon="17.57911"><time>2026-07-30T10:06:21Z</time></trkpt><trkpt lat="50.14849" lon="17.57917"><time>2026-07-30T10:06:22Z</time></trkpt><trkpt lat="50.14838" lon="17.57923"><time>2026-07-30T10:06:23Z</time></trkpt><trkpt lat="50.14826" lon="17.5793"><time>2026-07-30T10:06:24Z</time></trkpt><trkpt lat="50.14814" lon="17.57939"><time>2026-07-30T10:06:25Z</time></trkpt><trkpt lat="50.148" lon="17.57947"><time>2026-07-30T10:06:26Z</time></trkpt><trkpt lat="50.14783" lon="17.57957"><time>2026-07-30T10:06:27Z</time></trkpt><trkpt lat="50.14767" lon="17.57966"><time>2026-07-30T10:06:28Z</time></trkpt><trkpt lat="50.14749" lon="17.57977"><time>2026-07-30T10:06:29Z</time></trkpt><trkpt lat="50.14731" lon="17.57987"><time>2026-07-30T10:06:30Z</time></trkpt><trkpt lat="50.14713" lon="17.57997"><time>2026-07-30T10:06:31Z</time></trkpt><trkpt lat="50.14695" lon="17.58006"><time>2026-07-30T10:06:32Z</time></trkpt><trkpt lat="50.14679" lon="17.58015"><time>2026-07-30T10:06:33Z</time></trkpt><trkpt lat="50.14662" lon="17.58023"><time>2026-07-30T10:06:34Z</time></trkpt><trkpt lat="50.14647" lon="17.58031"><time>2026-07-30T10:06:35Z</time></trkpt><trkpt lat="50.14632" lon="17.58039"><time>2026-07-30T10:06:36Z</time></trkpt><trkpt lat="50.14617" lon="17.58046"><time>2026-07-30T10:06:37Z</time></trkpt><trkpt lat="50.14604" lon="17.58052"><time>2026-07-30T10:06:38Z</time></trkpt><trkpt lat="50.14591" lon="17.58059"><time>2026-07-30T10:06:39Z</time></trkpt><trkpt lat="50.14578" lon="17.58066"><time>2026-07-30T10:06:40Z</time></trkpt><trkpt lat="50.14566" lon="17.58073"><time>2026-07-30T10:06:41Z</time></trkpt><trkpt lat="50.14556" lon="17.58078"><time>2026-07-30T10:06:42Z</time></trkpt><trkpt lat="50.14547" lon="17.58083"><time>2026-07-30T10:06:43Z</time></trkpt><trkpt lat="50.14539" lon="17.58089"><time>2026-07-30T10:06:44Z</time></trkpt><trkpt lat="50.14532" lon="17.58093"><time>2026-07-30T10:06:45Z</time></trkpt><trkpt lat="50.14526" lon="17.58098"><time>2026-07-30T10:06:46Z</time></trkpt><trkpt lat="50.1452" lon="17.58105"><time>2026-07-30T10:06:47Z</time></trkpt><trkpt lat="50.14514" lon="17.58113"><time>2026-07-30T10:06:48Z</time></trkpt><trkpt lat="50.14507" lon="17.58123"><time>2026-07-30T10:06:49Z</time></trkpt><trkpt lat="50.145" lon="17.58134"><time>2026-07-30T10:06:50Z</time></trkpt><trkpt lat="50.14491" lon="17.58149"><time>2026-07-30T10:06:51Z</time></trkpt><trkpt lat="50.14485" lon="17.58173"><time>2026-07-30T10:06:52Z</time></trkpt><trkpt lat="50.14477" lon="17.58196"><time>2026-07-30T10:06:53Z</time></trkpt><trkpt lat="50.14467" lon="17.58223"><time>2026-07-30T10:06:54Z</time></trkpt><trkpt lat="50.14457" lon="17.58252"><time>2026-07-30T10:06:55Z</time></trkpt><trkpt lat="50.14446" lon="17.58281"><time>2026-07-30T10:06:56Z</time></trkpt><trkpt lat="50.14433" lon="17.58312"><time>2026-07-30T10:06:57Z</time></trkpt><trkpt lat="50.14422" lon="17.58343"><time>2026-07-30T10:06:58Z</time></trkpt><trkpt lat="50.1441" lon="17.58377"><time>2026-07-30T10:06:59Z</time></trkpt><trkpt lat="50.14398" lon="17.5841"><time>2026-07-30T10:07:00Z</time></trkpt><trkpt lat="50.14384" lon="17.58444"><time>2026-07-30T10:07:01Z</time></trkpt><trkpt lat="50.14372" lon="17.58477"><time>2026-07-30T10:07:02Z</time></trkpt><trkpt lat="50.14358" lon="17.58511"><time>2026-07-30T10:07:03Z</time></trkpt><trkpt lat="50.14345" lon="17.58545"><time>2026-07-30T10:07:04Z</time></trkpt><trkpt lat="50.14333" lon="17.58577"><time>2026-07-30T10:07:05Z</time></trkpt><trkpt lat="50.1432" lon="17.5861"><time>2026-07-30T10:07:06Z</time></trkpt><trkpt lat="50.14308" lon="17.58642"><time>2026-07-30T10:07:07Z</time></trkpt><trkpt lat="50.14296" lon="17.58674"><time>2026-07-30T10:07:08Z</time></trkpt><trkpt lat="50.14283" lon="17.58707"><time>2026-07-30T10:07:09Z</time></trkpt><trkpt lat="50.14272" lon="17.58739"><time>2026-07-30T10:07:10Z</time></trkpt><trkpt lat="50.1426" lon="17.58771"><time>2026-07-30T10:07:11Z</time></trkpt><trkpt lat="50.14248" lon="17.58803"><time>2026-07-30T10:07:12Z</time></trkpt><trkpt lat="50.14235" lon="17.58836"><time>2026-07-30T10:07:13Z</time></trkpt><trkpt lat="50.14222" lon="17.58868"><time>2026-07-30T10:07:14Z</time></trkpt><trkpt lat="50.1421" lon="17.58902"><time>2026-07-30T10:07:15Z</time></trkpt><trkpt lat="50.14198" lon="17.58935"><time>2026-07-30T10:07:16Z</time></trkpt><trkpt lat="50.14184" lon="17.58969"><time>2026-07-30T10:07:17Z</time></trkpt><trkpt lat="50.14172" lon="17.59002"><time>2026-07-30T10:07:18Z</time></trkpt><trkpt lat="50.14159" lon="17.59037"><time>2026-07-30T10:07:19Z</time></trkpt><trkpt lat="50.14147" lon="17.5907"><time>2026-07-30T10:07:20Z</time></trkpt><trkpt lat="50.14134" lon="17.59104"><time>2026-07-30T10:07:21Z</time></trkpt><trkpt lat="50.14122" lon="17.59137"><time>2026-07-30T10:07:22Z</time></trkpt><trkpt lat="50.14111" lon="17.5917"><time>2026-07-30T10:07:23Z</time></trkpt><trkpt lat="50.14099" lon="17.59203"><time>2026-07-30T10:07:24Z</time></trkpt><trkpt lat="50.14091" lon="17.59235"><time>2026-07-30T10:07:25Z</time></trkpt><trkpt lat="50.14082" lon="17.5927"><time>2026-07-30T10:07:26Z</time></trkpt><trkpt lat="50.14074" lon="17.59301"><time>2026-07-30T10:07:27Z</time></trkpt><trkpt lat="50.14062" lon="17.59335"><time>2026-07-30T10:07:28Z</time></trkpt><trkpt lat="50.14052" lon="17.59366"><time>2026-07-30T10:07:29Z</time></trkpt><trkpt lat="50.14042" lon="17.59396"><time>2026-07-30T10:07:30Z</time></trkpt><trkpt lat="50.14034" lon="17.59425"><time>2026-07-30T10:07:31Z</time></trkpt><trkpt lat="50.14024" lon="17.59453"><time>2026-07-30T10:07:32Z</time></trkpt><trkpt lat="50.14017" lon="17.59479"><time>2026-07-30T10:07:33Z</time></trkpt><trkpt lat="50.14008" lon="17.59504"><time>2026-07-30T10:07:34Z</time></trkpt><trkpt lat="50.13997" lon="17.5953"><time>2026-07-30T10:07:35Z</time></trkpt><trkpt lat="50.13986" lon="17.59554"><time>2026-07-30T10:07:36Z</time></trkpt><trkpt lat="50.13975" lon="17.59577"><time>2026-07-30T10:07:37Z</time></trkpt><trkpt lat="50.13963" lon="17.596"><time>2026-07-30T10:07:38Z</time></trkpt><trkpt lat="50.13952" lon="17.59622"><time>2026-07-30T10:07:39Z</time></trkpt><trkpt lat="50.13939" lon="17.59643"><time>2026-07-30T10:07:40Z</time></trkpt><trkpt lat="50.13927" lon="17.59658"><time>2026-07-30T10:07:41Z</time></trkpt><trkpt lat="50.13911" lon="17.59674"><time>2026-07-30T10:07:42Z</time></trkpt><trkpt lat="50.13894" lon="17.59687"><time>2026-07-30T10:07:43Z</time></trkpt><trkpt lat="50.13875" lon="17.59698"><time>2026-07-30T10:07:44Z</time></trkpt><trkpt lat="50.13856" lon="17.59708"><time>2026-07-30T10:07:45Z</time></trkpt><trkpt lat="50.13839" lon="17.59719"><time>2026-07-30T10:07:46Z</time></trkpt><trkpt lat="50.13822" lon="17.59728"><time>2026-07-30T10:07:47Z</time></trkpt><trkpt lat="50.13806" lon="17.59738"><time>2026-07-30T10:07:48Z</time></trkpt><trkpt lat="50.1379" lon="17.59746"><time>2026-07-30T10:07:49Z</time></trkpt><trkpt lat="50.13773" lon="17.59754"><time>2026-07-30T10:07:50Z</time></trkpt><trkpt lat="50.13756" lon="17.59759"><time>2026-07-30T10:07:51Z</time></trkpt><trkpt lat="50.13738" lon="17.59761"><time>2026-07-30T10:07:52Z</time></trkpt><trkpt lat="50.13721" lon="17.5976"><time>2026-07-30T10:07:53Z</time></trkpt><trkpt lat="50.13701" lon="17.59757"><time>2026-07-30T10:07:54Z</time></trkpt><trkpt lat="50.13681" lon="17.59752"><time>2026-07-30T10:07:55Z</time></trkpt><trkpt lat="50.13663" lon="17.59747"><time>2026-07-30T10:07:56Z</time></trkpt><trkpt lat="50.13644" lon="17.5974"><time>2026-07-30T10:07:57Z</time></trkpt><trkpt lat="50.13626" lon="17.59733"><time>2026-07-30T10:07:58Z</time></trkpt><trkpt lat="50.13609" lon="17.59727"><time>2026-07-30T10:07:59Z</time></trkpt><trkpt lat="50.13592" lon="17.59721"><time>2026-07-30T10:08:00Z</time></trkpt><trkpt lat="50.13575" lon="17.59718"><time>2026-07-30T10:08:01Z</time></trkpt><trkpt lat="50.13556" lon="17.59716"><time>2026-07-30T10:08:02Z</time></trkpt><trkpt lat="50.13539" lon="17.59718"><time>2026-07-30T10:08:03Z</time></trkpt><trkpt lat="50.13521" lon="17.5972"><time>2026-07-30T10:08:04Z</time></trkpt><trkpt lat="50.13503" lon="17.59723"><time>2026-07-30T10:08:05Z</time></trkpt><trkpt lat="50.13486" lon="17.59727"><time>2026-07-30T10:08:06Z</time></trkpt><trkpt lat="50.1347" lon="17.59731"><time>2026-07-30T10:08:07Z</time></trkpt><trkpt lat="50.13453" lon="17.59735"><time>2026-07-30T10:08:08Z</time></trkpt><trkpt lat="50.13438" lon="17.5974"><time>2026-07-30T10:08:09Z</time></trkpt><trkpt lat="50.13423" lon="17.59745"><time>2026-07-30T10:08:10Z</time></trkpt><trkpt lat="50.13408" lon="17.59754"><time>2026-07-30T10:08:11Z</time></trkpt><trkpt lat="50.13395" lon="17.59767"><time>2026-07-30T10:08:12Z</time></trkpt><trkpt lat="50.13382" lon="17.59784"><time>2026-07-30T10:08:13Z</time></trkpt><trkpt lat="50.13369" lon="17.59803"><time>2026-07-30T10:08:14Z</time></trkpt><trkpt lat="50.13358" lon="17.59825"><time>2026-07-30T10:08:15Z</time></trkpt><trkpt lat="50.13347" lon="17.59848"><time>2026-07-30T10:08:16Z</time></trkpt><trkpt lat="50.13335" lon="17.59872"><time>2026-07-30T10:08:17Z</time></trkpt><trkpt lat="50.13325" lon="17.59897"><time>2026-07-30T10:08:18Z</time></trkpt><trkpt lat="50.13315" lon="17.59921"><time>2026-07-30T10:08:19Z</time></trkpt><trkpt lat="50.13305" lon="17.59946"><time>2026-07-30T10:08:20Z</time></trkpt><trkpt lat="50.13296" lon="17.59972"><time>2026-07-30T10:08:21Z</time></trkpt><trkpt lat="50.13285" lon="17.6"><time>2026-07-30T10:08:22Z</time></trkpt><trkpt lat="50.13277" lon="17.60025"><time>2026-07-30T10:08:23Z</time></trkpt><trkpt lat="50.13269" lon="17.60053"><time>2026-07-30T10:08:24Z</time></trkpt><trkpt lat="50.13264" lon="17.60081"><time>2026-07-30T10:08:25Z</time></trkpt><trkpt lat="50.1326" lon="17.6011"><time>2026-07-30T10:08:26Z</time></trkpt><trkpt lat="50.13259" lon="17.60138"><time>2026-07-30T10:08:27Z</time></trkpt><trkpt lat="50.1326" lon="17.60166"><time>2026-07-30T10:08:28Z</time></trkpt><trkpt lat="50.13262" lon="17.60198"><time>2026-07-30T10:08:29Z</time></trkpt><trkpt lat="50.13265" lon="17.60231"><time>2026-07-30T10:08:30Z</time></trkpt><trkpt lat="50.13269" lon="17.60264"><time>2026-07-30T10:08:31Z</time></trkpt><trkpt lat="50.13273" lon="17.60296"><time>2026-07-30T10:08:32Z</time></trkpt><trkpt lat="50.13278" lon="17.60328"><time>2026-07-30T10:08:33Z</time></trkpt><trkpt lat="50.13284" lon="17.60361"><time>2026-07-30T10:08:34Z</time></trkpt><trkpt lat="50.13292" lon="17.60394"><time>2026-07-30T10:08:35Z</time></trkpt><trkpt lat="50.133" lon="17.60428"><time>2026-07-30T10:08:36Z</time></trkpt><trkpt lat="50.13309" lon="17.60461"><time>2026-07-30T10:08:37Z</time></trkpt><trkpt lat="50.13318" lon="17.60497"><time>2026-07-30T10:08:38Z</time></trkpt><trkpt lat="50.13327" lon="17.60533"><time>2026-07-30T10:08:39Z</time></trkpt><trkpt lat="50.13336" lon="17.60567"><time>2026-07-30T10:08:40Z</time></trkpt><trkpt lat="50.13345" lon="17.606"><time>2026-07-30T10:08:41Z</time></trkpt><trkpt lat="50.13354" lon="17.60632"><time>2026-07-30T10:08:42Z</time></trkpt><trkpt lat="50.13362" lon="17.60663"><time>2026-07-30T10:08:43Z</time></trkpt><trkpt lat="50.1337" lon="17.60694"><time>2026-07-30T10:08:44Z</time></trkpt><trkpt lat="50.13378" lon="17.60724"><time>2026-07-30T10:08:45Z</time></trkpt><trkpt lat="50.13386" lon="17.60753"><time>2026-07-30T10:08:46Z</time></trkpt><trkpt lat="50.13393" lon="17.60782"><time>2026-07-30T10:08:47Z</time></trkpt><trkpt lat="50.13401" lon="17.6081"><time>2026-07-30T10:08:48Z</time></trkpt><trkpt lat="50.13408" lon="17.6084"><time>2026-07-30T10:08:49Z</time></trkpt><trkpt lat="50.13416" lon="17.60869"><time>2026-07-30T10:08:50Z</time></trkpt><trkpt lat="50.13422" lon="17.60897"><time>2026-07-30T10:08:51Z</time></trkpt><trkpt lat="50.13428" lon="17.60923"><time>2026-07-30T10:08:52Z</time></trkpt><trkpt lat="50.13433" lon="17.60952"><time>2026-07-30T10:08:53Z</time></trkpt><trkpt lat="50.13439" lon="17.60981"><time>2026-07-30T10:08:54Z</time></trkpt><trkpt lat="50.13443" lon="17.61015"><time>2026-07-30T10:08:55Z</time></trkpt><trkpt lat="50.13443" lon="17.61054"><time>2026-07-30T10:08:56Z</time></trkpt><trkpt lat="50.13443" lon="17.6109"><time>2026-07-30T10:08:57Z</time></trkpt><trkpt lat="50.13446" lon="17.61126"><time>2026-07-30T10:08:58Z</time></trkpt><trkpt lat="50.13447" lon="17.61163"><time>2026-07-30T10:08:59Z</time></trkpt><trkpt lat="50.1345" lon="17.61197"><time>2026-07-30T10:09:00Z</time></trkpt><trkpt lat="50.13452" lon="17.61229"><time>2026-07-30T10:09:01Z</time></trkpt><trkpt lat="50.13454" lon="17.61261"><time>2026-07-30T10:09:02Z</time></trkpt><trkpt lat="50.13456" lon="17.61295"><time>2026-07-30T10:09:03Z</time></trkpt><trkpt lat="50.13458" lon="17.61329"><time>2026-07-30T10:09:04Z</time></trkpt><trkpt lat="50.1346" lon="17.61361"><time>2026-07-30T10:09:05Z</time></trkpt><trkpt lat="50.13462" lon="17.61394"><time>2026-07-30T10:09:06Z</time></trkpt><trkpt lat="50.13463" lon="17.61427"><time>2026-07-30T10:09:07Z</time></trkpt><trkpt lat="50.13464" lon="17.61458"><time>2026-07-30T10:09:08Z</time></trkpt><trkpt lat="50.13463" lon="17.61489"><time>2026-07-30T10:09:09Z</time></trkpt><trkpt lat="50.13462" lon="17.6152"><time>2026-07-30T10:09:10Z</time></trkpt><trkpt lat="50.13459" lon="17.61552"><time>2026-07-30T10:09:11Z</time></trkpt><trkpt lat="50.13456" lon="17.61583"><time>2026-07-30T10:09:12Z</time></trkpt><trkpt lat="50.13452" lon="17.61611"><time>2026-07-30T10:09:13Z</time></trkpt><trkpt lat="50.13447" lon="17.6164"><time>2026-07-30T10:09:14Z</time></trkpt><trkpt lat="50.13442" lon="17.61669"><time>2026-07-30T10:09:15Z</time></trkpt><trkpt lat="50.13436" lon="17.61697"><time>2026-07-30T10:09:16Z</time></trkpt><trkpt lat="50.1343" lon="17.61726"><time>2026-07-30T10:09:17Z</time></trkpt><trkpt lat="50.13422" lon="17.61756"><time>2026-07-30T10:09:18Z</time></trkpt><trkpt lat="50.13413" lon="17.61786"><time>2026-07-30T10:09:19Z</time></trkpt><trkpt lat="50.13404" lon="17.61815"><time>2026-07-30T10:09:20Z</time></trkpt><trkpt lat="50.13394" lon="17.61846"><time>2026-07-30T10:09:21Z</time></trkpt><trkpt lat="50.13384" lon="17.61875"><time>2026-07-30T10:09:22Z</time></trkpt><trkpt lat="50.13373" lon="17.61902"><time>2026-07-30T10:09:23Z</time></trkpt><trkpt lat="50.13362" lon="17.61929"><time>2026-07-30T10:09:24Z</time></trkpt><trkpt lat="50.1335" lon="17.61956"><time>2026-07-30T10:09:25Z</time></trkpt><trkpt lat="50.13338" lon="17.61984"><time>2026-07-30T10:09:26Z</time></trkpt><trkpt lat="50.13326" lon="17.62012"><time>2026-07-30T10:09:27Z</time></trkpt><trkpt lat="50.13313" lon="17.62038"><time>2026-07-30T10:09:28Z</time></trkpt><trkpt lat="50.13301" lon="17.62065"><time>2026-07-30T10:09:29Z</time></trkpt><trkpt lat="50.13289" lon="17.62092"><time>2026-07-30T10:09:30Z</time></trkpt><trkpt lat="50.13276" lon="17.6212"><time>2026-07-30T10:09:31Z</time></trkpt><trkpt lat="50.13263" lon="17.62147"><time>2026-07-30T10:09:32Z</time></trkpt><trkpt lat="50.13252" lon="17.62175"><time>2026-07-30T10:09:33Z</time></trkpt><trkpt lat="50.13239" lon="17.62202"><time>2026-07-30T10:09:34Z</time></trkpt><trkpt lat="50.13226" lon="17.62232"><time>2026-07-30T10:09:35Z</time></trkpt><trkpt lat="50.13213" lon="17.62262"><time>2026-07-30T10:09:36Z</time></trkpt><trkpt lat="50.13198" lon="17.62292"><time>2026-07-30T10:09:37Z</time></trkpt><trkpt lat="50.13185" lon="17.62322"><time>2026-07-30T10:09:38Z</time></trkpt><trkpt lat="50.13171" lon="17.62352"><time>2026-07-30T10:09:39Z</time></trkpt><trkpt lat="50.13157" lon="17.62382"><time>2026-07-30T10:09:40Z</time></trkpt><trkpt lat="50.13144" lon="17.62411"><time>2026-07-30T10:09:41Z</time></trkpt><trkpt lat="50.13132" lon="17.62439"><time>2026-07-30T10:09:42Z</time></trkpt><trkpt lat="50.13119" lon="17.62468"><time>2026-07-30T10:09:43Z</time></trkpt><trkpt lat="50.13106" lon="17.62497"><time>2026-07-30T10:09:44Z</time></trkpt><trkpt lat="50.13093" lon="17.62526"><time>2026-07-30T10:09:45Z</time></trkpt><trkpt lat="50.1308" lon="17.62553"><time>2026-07-30T10:09:46Z</time></trkpt><trkpt lat="50.13066" lon="17.62582"><time>2026-07-30T10:09:47Z</time></trkpt><trkpt lat="50.13053" lon="17.62611"><time>2026-07-30T10:09:48Z</time></trkpt><trkpt lat="50.13039" lon="17.62641"><time>2026-07-30T10:09:49Z</time></trkpt><trkpt lat="50.13024" lon="17.62672"><time>2026-07-30T10:09:50Z</time></trkpt><trkpt lat="50.13013" lon="17.62693"><time>2026-07-30T10:09:51Z</time></trkpt><trkpt lat="50.12998" lon="17.62723"><time>2026-07-30T10:09:52Z</time></trkpt><trkpt lat="50.12985" lon="17.62752"><time>2026-07-30T10:09:53Z</time></trkpt><trkpt lat="50.12973" lon="17.62781"><time>2026-07-30T10:09:54Z</time></trkpt><trkpt lat="50.12959" lon="17.6281"><time>2026-07-30T10:09:55Z</time></trkpt><trkpt lat="50.12947" lon="17.62838"><time>2026-07-30T10:09:56Z</time></trkpt><trkpt lat="50.12935" lon="17.62865"><time>2026-07-30T10:09:57Z</time></trkpt><trkpt lat="50.12923" lon="17.62892"><time>2026-07-30T10:09:58Z</time></trkpt><trkpt lat="50.12912" lon="17.62918"><time>2026-07-30T10:09:59Z</time></trkpt><trkpt lat="50.129" lon="17.62944"><time>2026-07-30T10:10:00Z</time></trkpt><trkpt lat="50.12887" lon="17.62972"><time>2026-07-30T10:10:01Z</time></trkpt><trkpt lat="50.12875" lon="17.63001"><time>2026-07-30T10:10:02Z</time></trkpt><trkpt lat="50.12863" lon="17.6303"><time>2026-07-30T10:10:03Z</time></trkpt><trkpt lat="50.1285" lon="17.63059"><time>2026-07-30T10:10:04Z</time></trkpt><trkpt lat="50.12836" lon="17.63089"><time>2026-07-30T10:10:05Z</time></trkpt><trkpt lat="50.12822" lon="17.63117"><time>2026-07-30T10:10:06Z</time></trkpt><trkpt lat="50.12811" lon="17.63144"><time>2026-07-30T10:10:07Z</time></trkpt><trkpt lat="50.128" lon="17.63169"><time>2026-07-30T10:10:08Z</time></trkpt><trkpt lat="50.12787" lon="17.63195"><time>2026-07-30T10:10:09Z</time></trkpt><trkpt lat="50.12774" lon="17.63222"><time>2026-07-30T10:10:10Z</time></trkpt><trkpt lat="50.12762" lon="17.63248"><time>2026-07-30T10:10:11Z</time></trkpt><trkpt lat="50.1275" lon="17.63275"><time>2026-07-30T10:10:12Z</time></trkpt><trkpt lat="50.12736" lon="17.63302"><time>2026-07-30T10:10:13Z</time></trkpt><trkpt lat="50.12725" lon="17.63329"><time>2026-07-30T10:10:14Z</time></trkpt><trkpt lat="50.12711" lon="17.63356"><time>2026-07-30T10:10:15Z</time></trkpt><trkpt lat="50.12701" lon="17.63377"><time>2026-07-30T10:10:16Z</time></trkpt><trkpt lat="50.12688" lon="17.63401"><time>2026-07-30T10:10:17Z</time></trkpt><trkpt lat="50.12676" lon="17.63425"><time>2026-07-30T10:10:18Z</time></trkpt><trkpt lat="50.12661" lon="17.63451"><time>2026-07-30T10:10:19Z</time></trkpt><trkpt lat="50.12647" lon="17.63475"><time>2026-07-30T10:10:20Z</time></trkpt><trkpt lat="50.12632" lon="17.63498"><time>2026-07-30T10:10:21Z</time></trkpt><trkpt lat="50.12618" lon="17.63518"><time>2026-07-30T10:10:22Z</time></trkpt><trkpt lat="50.12604" lon="17.63539"><time>2026-07-30T10:10:23Z</time></trkpt><trkpt lat="50.12591" lon="17.63559"><time>2026-07-30T10:10:24Z</time></trkpt><trkpt lat="50.12579" lon="17.63576"><time>2026-07-30T10:10:25Z</time></trkpt><trkpt lat="50.12569" lon="17.63591"><time>2026-07-30T10:10:26Z</time></trkpt><trkpt lat="50.12559" lon="17.63607"><time>2026-07-30T10:10:27Z</time></trkpt><trkpt lat="50.1255" lon="17.6362"><time>2026-07-30T10:10:28Z</time></trkpt><trkpt lat="50.1254" lon="17.63632"><time>2026-07-30T10:10:29Z</time></trkpt><trkpt lat="50.1253" lon="17.63646"><time>2026-07-30T10:10:30Z</time></trkpt><trkpt lat="50.12519" lon="17.63659"><time>2026-07-30T10:10:31Z</time></trkpt><trkpt lat="50.12507" lon="17.63673"><time>2026-07-30T10:10:32Z</time></trkpt><trkpt lat="50.12496" lon="17.63686"><time>2026-07-30T10:10:33Z</time></trkpt><trkpt lat="50.12484" lon="17.63699"><time>2026-07-30T10:10:34Z</time></trkpt><trkpt lat="50.12472" lon="17.6371"><time>2026-07-30T10:10:35Z</time></trkpt><trkpt lat="50.12459" lon="17.63721"><time>2026-07-30T10:10:36Z</time></trkpt><trkpt lat="50.12446" lon="17.63733"><time>2026-07-30T10:10:37Z</time></trkpt><trkpt lat="50.12433" lon="17.63744"><time>2026-07-30T10:10:38Z</time></trkpt><trkpt lat="50.12421" lon="17.63757"><time>2026-07-30T10:10:39Z</time></trkpt><trkpt lat="50.12408" lon="17.63768"><time>2026-07-30T10:10:40Z</time></trkpt><trkpt lat="50.12397" lon="17.6378"><time>2026-07-30T10:10:41Z</time></trkpt><trkpt lat="50.12385" lon="17.63788"><time>2026-07-30T10:10:42Z</time></trkpt><trkpt lat="50.12374" lon="17.63797"><time>2026-07-30T10:10:43Z</time></trkpt><trkpt lat="50.12361" lon="17.63808"><time>2026-07-30T10:10:44Z</time></trkpt><trkpt lat="50.1235" lon="17.63816"><time>2026-07-30T10:10:45Z</time></trkpt><trkpt lat="50.12338" lon="17.63826"><time>2026-07-30T10:10:46Z</time></trkpt><trkpt lat="50.12327" lon="17.63834"><time>2026-07-30T10:10:47Z</time></trkpt><trkpt lat="50.12314" lon="17.63844"><time>2026-07-30T10:10:48Z</time></trkpt><trkpt lat="50.123" lon="17.63854"><time>2026-07-30T10:10:49Z</time></trkpt><trkpt lat="50.12288" lon="17.63865"><time>2026-07-30T10:10:50Z</time></trkpt><trkpt lat="50.12275" lon="17.63874"><time>2026-07-30T10:10:51Z</time></trkpt><trkpt lat="50.1226" lon="17.63886"><time>2026-07-30T10:10:52Z</time></trkpt><trkpt lat="50.12246" lon="17.63896"><time>2026-07-30T10:10:53Z</time></trkpt><trkpt lat="50.12231" lon="17.63907"><time>2026-07-30T10:10:54Z</time></trkpt><trkpt lat="50.12216" lon="17.63918"><time>2026-07-30T10:10:55Z</time></trkpt><trkpt lat="50.12201" lon="17.6393"><time>2026-07-30T10:10:56Z</time></trkpt><trkpt lat="50.12186" lon="17.63942"><time>2026-07-30T10:10:57Z</time></trkpt><trkpt lat="50.1217" lon="17.63954"><time>2026-07-30T10:10:58Z</time></trkpt><trkpt lat="50.12156" lon="17.63966"><time>2026-07-30T10:10:59Z</time></trkpt><trkpt lat="50.12142" lon="17.63976"><time>2026-07-30T10:11:00Z</time></trkpt><trkpt lat="50.12128" lon="17.63986"><time>2026-07-30T10:11:01Z</time></trkpt><trkpt lat="50.12115" lon="17.63997"><time>2026-07-30T10:11:02Z</time></trkpt><trkpt lat="50.12102" lon="17.64008"><time>2026-07-30T10:11:03Z</time></trkpt><trkpt lat="50.12088" lon="17.64018"><time>2026-07-30T10:11:04Z</time></trkpt><trkpt lat="50.12074" lon="17.64029"><time>2026-07-30T10:11:05Z</time></trkpt><trkpt lat="50.12061" lon="17.6404"><time>2026-07-30T10:11:06Z</time></trkpt><trkpt lat="50.12046" lon="17.64053"><time>2026-07-30T10:11:07Z</time></trkpt><trkpt lat="50.12031" lon="17.64065"><time>2026-07-30T10:11:08Z</time></trkpt><trkpt lat="50.12015" lon="17.64078"><time>2026-07-30T10:11:09Z</time></trkpt><trkpt lat="50.11999" lon="17.6409"><time>2026-07-30T10:11:10Z</time></trkpt><trkpt lat="50.11982" lon="17.64103"><time>2026-07-30T10:11:11Z</time></trkpt><trkpt lat="50.11963" lon="17.64117"><time>2026-07-30T10:11:12Z</time></trkpt><trkpt lat="50.11945" lon="17.64131"><time>2026-07-30T10:11:13Z</time></trkpt><trkpt lat="50.11927" lon="17.64146"><time>2026-07-30T10:11:14Z</time></trkpt><trkpt lat="50.11909" lon="17.6416"><time>2026-07-30T10:11:15Z</time></trkpt><trkpt lat="50.11891" lon="17.64174"><time>2026-07-30T10:11:16Z</time></trkpt><trkpt lat="50.11872" lon="17.64188"><time>2026-07-30T10:11:17Z</time></trkpt><trkpt lat="50.11852" lon="17.64203"><time>2026-07-30T10:11:18Z</time></trkpt><trkpt lat="50.11832" lon="17.64219"><time>2026-07-30T10:11:19Z</time></trkpt><trkpt lat="50.11811" lon="17.64236"><time>2026-07-30T10:11:20Z</time></trkpt><trkpt lat="50.1179" lon="17.64252"><time>2026-07-30T10:11:21Z</time></trkpt><trkpt lat="50.11768" lon="17.64269"><time>2026-07-30T10:11:22Z</time></trkpt><trkpt lat="50.11746" lon="17.64286"><time>2026-07-30T10:11:23Z</time></trkpt><trkpt lat="50.11724" lon="17.64304"><time>2026-07-30T10:11:24Z</time></trkpt><trkpt lat="50.11701" lon="17.64321"><time>2026-07-30T10:11:25Z</time></trkpt><trkpt lat="50.11679" lon="17.64338"><time>2026-07-30T10:11:26Z</time></trkpt><trkpt lat="50.11658" lon="17.64355"><time>2026-07-30T10:11:27Z</time></trkpt><trkpt lat="50.11636" lon="17.64372"><time>2026-07-30T10:11:28Z</time></trkpt><trkpt lat="50.11615" lon="17.64388"><time>2026-07-30T10:11:29Z</time></trkpt><trkpt lat="50.11594" lon="17.64405"><time>2026-07-30T10:11:30Z</time></trkpt><trkpt lat="50.11573" lon="17.64422"><time>2026-07-30T10:11:31Z</time></trkpt><trkpt lat="50.11551" lon="17.64438"><time>2026-07-30T10:11:32Z</time></trkpt><trkpt lat="50.11529" lon="17.64455"><time>2026-07-30T10:11:33Z</time></trkpt><trkpt lat="50.11507" lon="17.64472"><time>2026-07-30T10:11:34Z</time></trkpt><trkpt lat="50.11486" lon="17.64489"><time>2026-07-30T10:11:35Z</time></trkpt><trkpt lat="50.11465" lon="17.64506"><time>2026-07-30T10:11:36Z</time></trkpt><trkpt lat="50.11443" lon="17.64522"><time>2026-07-30T10:11:37Z</time></trkpt><trkpt lat="50.11421" lon="17.64539"><time>2026-07-30T10:11:38Z</time></trkpt><trkpt lat="50.11401" lon="17.64556"><time>2026-07-30T10:11:39Z</time></trkpt><trkpt lat="50.11379" lon="17.64572"><time>2026-07-30T10:11:40Z</time></trkpt><trkpt lat="50.11358" lon="17.64588"><time>2026-07-30T10:11:41Z</time></trkpt><trkpt lat="50.11337" lon="17.64605"><time>2026-07-30T10:11:42Z</time></trkpt><trkpt lat="50.11315" lon="17.64622"><time>2026-07-30T10:11:43Z</time></trkpt><trkpt lat="50.11293" lon="17.64639"><time>2026-07-30T10:11:44Z</time></trkpt><trkpt lat="50.11271" lon="17.64657"><time>2026-07-30T10:11:45Z</time></trkpt><trkpt lat="50.11249" lon="17.64673"><time>2026-07-30T10:11:46Z</time></trkpt><trkpt lat="50.11227" lon="17.64689"><time>2026-07-30T10:11:47Z</time></trkpt><trkpt lat="50.11205" lon="17.64706"><time>2026-07-30T10:11:48Z</time></trkpt><trkpt lat="50.11183" lon="17.64723"><time>2026-07-30T10:11:49Z</time></trkpt><trkpt lat="50.11162" lon="17.64739"><time>2026-07-30T10:11:50Z</time></trkpt><trkpt lat="50.11142" lon="17.64755"><time>2026-07-30T10:11:51Z</time></trkpt><trkpt lat="50.1112" lon="17.64771"><time>2026-07-30T10:11:52Z</time></trkpt><trkpt lat="50.11099" lon="17.64787"><time>2026-07-30T10:11:53Z</time></trkpt><trkpt lat="50.11077" lon="17.64803"><time>2026-07-30T10:11:54Z</time></trkpt><trkpt lat="50.11056" lon="17.64819"><time>2026-07-30T10:11:55Z</time></trkpt><trkpt lat="50.11036" lon="17.64836"><time>2026-07-30T10:11:56Z</time></trkpt><trkpt lat="50.11016" lon="17.64852"><time>2026-07-30T10:11:57Z</time></trkpt><trkpt lat="50.10995" lon="17.64868"><time>2026-07-30T10:11:58Z</time></trkpt><trkpt lat="50.10974" lon="17.64885"><time>2026-07-30T10:11:59Z</time></trkpt><trkpt lat="50.10952" lon="17.64902"><time>2026-07-30T10:12:00Z</time></trkpt><trkpt lat="50.10932" lon="17.64918"><time>2026-07-30T10:12:01Z</time></trkpt><trkpt lat="50.10911" lon="17.64933"><time>2026-07-30T10:12:02Z</time></trkpt><trkpt lat="50.10891" lon="17.6495"><time>2026-07-30T10:12:03Z</time></trkpt><trkpt lat="50.10872" lon="17.64965"><time>2026-07-30T10:12:04Z</time></trkpt><trkpt lat="50.10853" lon="17.6498"><time>2026-07-30T10:12:05Z</time></trkpt><trkpt lat="50.10835" lon="17.64996"><time>2026-07-30T10:12:06Z</time></trkpt><trkpt lat="50.10817" lon="17.65012"><time>2026-07-30T10:12:07Z</time></trkpt><trkpt lat="50.10799" lon="17.6503"><time>2026-07-30T10:12:08Z</time></trkpt><trkpt lat="50.10781" lon="17.65047"><time>2026-07-30T10:12:09Z</time></trkpt><trkpt lat="50.10765" lon="17.65065"><time>2026-07-30T10:12:10Z</time></trkpt><trkpt lat="50.10748" lon="17.65084"><time>2026-07-30T10:12:11Z</time></trkpt><trkpt lat="50.10732" lon="17.65104"><time>2026-07-30T10:12:12Z</time></trkpt><trkpt lat="50.10715" lon="17.65125"><time>2026-07-30T10:12:13Z</time></trkpt><trkpt lat="50.107" lon="17.65146"><time>2026-07-30T10:12:14Z</time></trkpt><trkpt lat="50.10685" lon="17.65167"><time>2026-07-30T10:12:15Z</time></trkpt><trkpt lat="50.10672" lon="17.65187"><time>2026-07-30T10:12:16Z</time></trkpt><trkpt lat="50.10658" lon="17.65208"><time>2026-07-30T10:12:17Z</time></trkpt><trkpt lat="50.10645" lon="17.65229"><time>2026-07-30T10:12:18Z</time></trkpt><trkpt lat="50.10632" lon="17.65252"><time>2026-07-30T10:12:19Z</time></trkpt><trkpt lat="50.10619" lon="17.65277"><time>2026-07-30T10:12:20Z</time></trkpt><trkpt lat="50.10606" lon="17.65302"><time>2026-07-30T10:12:21Z</time></trkpt><trkpt lat="50.10595" lon="17.65328"><time>2026-07-30T10:12:22Z</time></trkpt><trkpt lat="50.10586" lon="17.65355"><time>2026-07-30T10:12:23Z</time></trkpt><trkpt lat="50.10575" lon="17.65381"><time>2026-07-30T10:12:24Z</time></trkpt><trkpt lat="50.10564" lon="17.65407"><time>2026-07-30T10:12:25Z</time></trkpt><trkpt lat="50.10553" lon="17.65433"><time>2026-07-30T10:12:26Z</time></trkpt><trkpt lat="50.10545" lon="17.6546"><time>2026-07-30T10:12:27Z</time></trkpt><trkpt lat="50.10537" lon="17.65487"><time>2026-07-30T10:12:28Z</time></trkpt><trkpt lat="50.10528" lon="17.65514"><time>2026-07-30T10:12:29Z</time></trkpt><trkpt lat="50.10521" lon="17.65541"><time>2026-07-30T10:12:30Z</time></trkpt><trkpt lat="50.10512" lon="17.6557"><time>2026-07-30T10:12:31Z</time></trkpt><trkpt lat="50.10507" lon="17.65598"><time>2026-07-30T10:12:32Z</time></trkpt><trkpt lat="50.10501" lon="17.65624"><time>2026-07-30T10:12:33Z</time></trkpt><trkpt lat="50.10495" lon="17.65652"><time>2026-07-30T10:12:34Z</time></trkpt><trkpt lat="50.1049" lon="17.65679"><time>2026-07-30T10:12:35Z</time></trkpt><trkpt lat="50.10484" lon="17.65706"><time>2026-07-30T10:12:36Z</time></trkpt><trkpt lat="50.1048" lon="17.65733"><time>2026-07-30T10:12:37Z</time></trkpt><trkpt lat="50.10476" lon="17.6576"><time>2026-07-30T10:12:38Z</time></trkpt><trkpt lat="50.10472" lon="17.65787"><time>2026-07-30T10:12:39Z</time></trkpt><trkpt lat="50.10469" lon="17.65816"><time>2026-07-30T10:12:40Z</time></trkpt><trkpt lat="50.10465" lon="17.65844"><time>2026-07-30T10:12:41Z</time></trkpt><trkpt lat="50.10463" lon="17.65874"><time>2026-07-30T10:12:42Z</time></trkpt><trkpt lat="50.10462" lon="17.65904"><time>2026-07-30T10:12:43Z</time></trkpt><trkpt lat="50.10461" lon="17.65933"><time>2026-07-30T10:12:44Z</time></trkpt><trkpt lat="50.1046" lon="17.65964"><time>2026-07-30T10:12:45Z</time></trkpt><trkpt lat="50.1046" lon="17.65994"><time>2026-07-30T10:12:46Z</time></trkpt><trkpt lat="50.10459" lon="17.66023"><time>2026-07-30T10:12:47Z</time></trkpt><trkpt lat="50.1046" lon="17.66053"><time>2026-07-30T10:12:48Z</time></trkpt><trkpt lat="50.1046" lon="17.66084"><time>2026-07-30T10:12:49Z</time></trkpt><trkpt lat="50.1046" lon="17.66115"><time>2026-07-30T10:12:50Z</time></trkpt><trkpt lat="50.1046" lon="17.66147"><time>2026-07-30T10:12:51Z</time></trkpt><trkpt lat="50.1046" lon="17.66179"><time>2026-07-30T10:12:52Z</time></trkpt><trkpt lat="50.10461" lon="17.66211"><time>2026-07-30T10:12:53Z</time></trkpt><trkpt lat="50.10462" lon="17.66241"><time>2026-07-30T10:12:54Z</time></trkpt><trkpt lat="50.10462" lon="17.66274"><time>2026-07-30T10:12:55Z</time></trkpt><trkpt lat="50.10463" lon="17.66305"><time>2026-07-30T10:12:56Z</time></trkpt><trkpt lat="50.10463" lon="17.66338"><time>2026-07-30T10:12:57Z</time></trkpt><trkpt lat="50.10463" lon="17.66368"><time>2026-07-30T10:12:58Z</time></trkpt><trkpt lat="50.10463" lon="17.66398"><time>2026-07-30T10:12:59Z</time></trkpt><trkpt lat="50.10463" lon="17.66429"><time>2026-07-30T10:13:00Z</time></trkpt><trkpt lat="50.10463" lon="17.6646"><time>2026-07-30T10:13:01Z</time></trkpt><trkpt lat="50.10462" lon="17.66491"><time>2026-07-30T10:13:02Z</time></trkpt><trkpt lat="50.10461" lon="17.66523"><time>2026-07-30T10:13:03Z</time></trkpt><trkpt lat="50.10459" lon="17.66556"><time>2026-07-30T10:13:04Z</time></trkpt><trkpt lat="50.10457" lon="17.66588"><time>2026-07-30T10:13:05Z</time></trkpt><trkpt lat="50.10453" lon="17.66622"><time>2026-07-30T10:13:06Z</time></trkpt><trkpt lat="50.10448" lon="17.66656"><time>2026-07-30T10:13:07Z</time></trkpt><trkpt lat="50.10442" lon="17.66689"><time>2026-07-30T10:13:08Z</time></trkpt><trkpt lat="50.10436" lon="17.66723"><time>2026-07-30T10:13:09Z</time></trkpt><trkpt lat="50.10429" lon="17.66757"><time>2026-07-30T10:13:10Z</time></trkpt><trkpt lat="50.1042" lon="17.66791"><time>2026-07-30T10:13:11Z</time></trkpt><trkpt lat="50.1041" lon="17.66824"><time>2026-07-30T10:13:12Z</time></trkpt><trkpt lat="50.10399" lon="17.66857"><time>2026-07-30T10:13:13Z</time></trkpt><trkpt lat="50.10388" lon="17.66889"><time>2026-07-30T10:13:14Z</time></trkpt><trkpt lat="50.10376" lon="17.66921"><time>2026-07-30T10:13:15Z</time></trkpt><trkpt lat="50.10364" lon="17.66954"><time>2026-07-30T10:13:16Z</time></trkpt><trkpt lat="50.10351" lon="17.66987"><time>2026-07-30T10:13:17Z</time></trkpt><trkpt lat="50.10339" lon="17.67018"><time>2026-07-30T10:13:18Z</time></trkpt><trkpt lat="50.10328" lon="17.67047"><time>2026-07-30T10:13:19Z</time></trkpt><trkpt lat="50.10317" lon="17.67076"><time>2026-07-30T10:13:20Z</time></trkpt><trkpt lat="50.10307" lon="17.67104"><time>2026-07-30T10:13:21Z</time></trkpt><trkpt lat="50.10296" lon="17.67131"><time>2026-07-30T10:13:22Z</time></trkpt><trkpt lat="50.10286" lon="17.67157"><time>2026-07-30T10:13:23Z</time></trkpt><trkpt lat="50.10275" lon="17.67183"><time>2026-07-30T10:13:24Z</time></trkpt><trkpt lat="50.10265" lon="17.67209"><time>2026-07-30T10:13:25Z</time></trkpt><trkpt lat="50.10254" lon="17.67238"><time>2026-07-30T10:13:26Z</time></trkpt><trkpt lat="50.10244" lon="17.67266"><time>2026-07-30T10:13:27Z</time></trkpt><trkpt lat="50.10234" lon="17.67293"><time>2026-07-30T10:13:28Z</time></trkpt><trkpt lat="50.10224" lon="17.67319"><time>2026-07-30T10:13:29Z</time></trkpt><trkpt lat="50.10214" lon="17.67344"><time>2026-07-30T10:13:30Z</time></trkpt><trkpt lat="50.10205" lon="17.67368"><time>2026-07-30T10:13:31Z</time></trkpt><trkpt lat="50.10195" lon="17.67391"><time>2026-07-30T10:13:32Z</time></trkpt><trkpt lat="50.10186" lon="17.67413"><time>2026-07-30T10:13:33Z</time></trkpt><trkpt lat="50.10177" lon="17.67436"><time>2026-07-30T10:13:34Z</time></trkpt><trkpt lat="50.10168" lon="17.6746"><time>2026-07-30T10:13:35Z</time></trkpt><trkpt lat="50.10159" lon="17.67484"><time>2026-07-30T10:13:36Z</time></trkpt><trkpt lat="50.1015" lon="17.67507"><time>2026-07-30T10:13:37Z</time></trkpt><trkpt lat="50.10142" lon="17.67528"><time>2026-07-30T10:13:38Z</time></trkpt><trkpt lat="50.10134" lon="17.67549"><time>2026-07-30T10:13:39Z</time></trkpt><trkpt lat="50.10126" lon="17.6757"><time>2026-07-30T10:13:40Z</time></trkpt><trkpt lat="50.10118" lon="17.6759"><time>2026-07-30T10:13:41Z</time></trkpt><trkpt lat="50.1011" lon="17.67611"><time>2026-07-30T10:13:42Z</time></trkpt><trkpt lat="50.10102" lon="17.67631"><time>2026-07-30T10:13:43Z</time></trkpt><trkpt lat="50.10095" lon="17.67648"><time>2026-07-30T10:13:44Z</time></trkpt><trkpt lat="50.10087" lon="17.67669"><time>2026-07-30T10:13:45Z</time></trkpt><trkpt lat="50.10078" lon="17.6769"><time>2026-07-30T10:13:46Z</time></trkpt><trkpt lat="50.1007" lon="17.67712"><time>2026-07-30T10:13:47Z</time></trkpt><trkpt lat="50.10063" lon="17.67732"><time>2026-07-30T10:13:48Z</time></trkpt><trkpt lat="50.10055" lon="17.67753"><time>2026-07-30T10:13:49Z</time></trkpt><trkpt lat="50.10047" lon="17.67775"><time>2026-07-30T10:13:50Z</time></trkpt><trkpt lat="50.10038" lon="17.67796"><time>2026-07-30T10:13:51Z</time></trkpt><trkpt lat="50.1003" lon="17.67821"><time>2026-07-30T10:13:52Z</time></trkpt><trkpt lat="50.10022" lon="17.67843"><time>2026-07-30T10:13:53Z</time></trkpt><trkpt lat="50.10014" lon="17.67862"><time>2026-07-30T10:13:54Z</time></trkpt><trkpt lat="50.10006" lon="17.67881"><time>2026-07-30T10:13:55Z</time></trkpt><trkpt lat="50.09998" lon="17.67902"><time>2026-07-30T10:13:56Z</time></trkpt><trkpt lat="50.09991" lon="17.67921"><time>2026-07-30T10:13:57Z</time></trkpt><trkpt lat="50.09983" lon="17.6794"><time>2026-07-30T10:13:58Z</time></trkpt><trkpt lat="50.09975" lon="17.67962"><time>2026-07-30T10:13:59Z</time></trkpt><trkpt lat="50.09967" lon="17.67982"><time>2026-07-30T10:14:00Z</time></trkpt><trkpt lat="50.09959" lon="17.68003"><time>2026-07-30T10:14:01Z</time></trkpt><trkpt lat="50.0995" lon="17.68027"><time>2026-07-30T10:14:02Z</time></trkpt><trkpt lat="50.09941" lon="17.68049"><time>2026-07-30T10:14:03Z</time></trkpt><trkpt lat="50.09932" lon="17.68073"><time>2026-07-30T10:14:04Z</time></trkpt><trkpt lat="50.09923" lon="17.68101"><time>2026-07-30T10:14:05Z</time></trkpt><trkpt lat="50.09914" lon="17.68128"><time>2026-07-30T10:14:06Z</time></trkpt><trkpt lat="50.09905" lon="17.68152"><time>2026-07-30T10:14:07Z</time></trkpt><trkpt lat="50.09897" lon="17.68176"><time>2026-07-30T10:14:08Z</time></trkpt><trkpt lat="50.0989" lon="17.68201"><time>2026-07-30T10:14:09Z</time></trkpt><trkpt lat="50.09884" lon="17.68224"><time>2026-07-30T10:14:10Z</time></trkpt><trkpt lat="50.09877" lon="17.68248"><time>2026-07-30T10:14:11Z</time></trkpt><trkpt lat="50.09873" lon="17.68271"><time>2026-07-30T10:14:12Z</time></trkpt><trkpt lat="50.09868" lon="17.68294"><time>2026-07-30T10:14:13Z</time></trkpt><trkpt lat="50.09864" lon="17.68318"><time>2026-07-30T10:14:14Z</time></trkpt><trkpt lat="50.0986" lon="17.68344"><time>2026-07-30T10:14:15Z</time></trkpt><trkpt lat="50.09857" lon="17.68368"><time>2026-07-30T10:14:16Z</time></trkpt><trkpt lat="50.09854" lon="17.68396"><time>2026-07-30T10:14:17Z</time></trkpt><trkpt lat="50.09851" lon="17.68424"><time>2026-07-30T10:14:18Z</time></trkpt><trkpt lat="50.0985" lon="17.68452"><time>2026-07-30T10:14:19Z</time></trkpt><trkpt lat="50.09848" lon="17.68477"><time>2026-07-30T10:14:20Z</time></trkpt><trkpt lat="50.09848" lon="17.68502"><time>2026-07-30T10:14:21Z</time></trkpt><trkpt lat="50.09846" lon="17.68528"><time>2026-07-30T10:14:22Z</time></trkpt><trkpt lat="50.09847" lon="17.6855"><time>2026-07-30T10:14:23Z</time></trkpt><trkpt lat="50.09848" lon="17.68576"><time>2026-07-30T10:14:24Z</time></trkpt><trkpt lat="50.09849" lon="17.68602"><time>2026-07-30T10:14:25Z</time></trkpt><trkpt lat="50.09852" lon="17.68628"><time>2026-07-30T10:14:26Z</time></trkpt><trkpt lat="50.09854" lon="17.68654"><time>2026-07-30T10:14:27Z</time></trkpt><trkpt lat="50.09856" lon="17.68683"><time>2026-07-30T10:14:28Z</time></trkpt><trkpt lat="50.09858" lon="17.68709"><time>2026-07-30T10:14:29Z</time></trkpt><trkpt lat="50.0986" lon="17.68735"><time>2026-07-30T10:14:30Z</time></trkpt><trkpt lat="50.09862" lon="17.68761"><time>2026-07-30T10:14:31Z</time></trkpt><trkpt lat="50.09865" lon="17.68785"><time>2026-07-30T10:14:32Z</time></trkpt><trkpt lat="50.09867" lon="17.68806"><time>2026-07-30T10:14:33Z</time></trkpt><trkpt lat="50.0987" lon="17.68826"><time>2026-07-30T10:14:34Z</time></trkpt><trkpt lat="50.09872" lon="17.68846"><time>2026-07-30T10:14:35Z</time></trkpt><trkpt lat="50.09874" lon="17.68864"><time>2026-07-30T10:14:36Z</time></trkpt><trkpt lat="50.09875" lon="17.68881"><time>2026-07-30T10:14:37Z</time></trkpt><trkpt lat="50.09877" lon="17.68896"><time>2026-07-30T10:14:38Z</time></trkpt><trkpt lat="50.09877" lon="17.68912"><time>2026-07-30T10:14:39Z</time></trkpt><trkpt lat="50.09878" lon="17.68929"><time>2026-07-30T10:14:40Z</time></trkpt><trkpt lat="50.09879" lon="17.68946"><time>2026-07-30T10:14:41Z</time></trkpt><trkpt lat="50.0988" lon="17.68962"><time>2026-07-30T10:14:42Z</time></trkpt><trkpt lat="50.0988" lon="17.68978"><time>2026-07-30T10:14:43Z</time></trkpt><trkpt lat="50.0988" lon="17.68996"><time>2026-07-30T10:14:44Z</time></trkpt><trkpt lat="50.09879" lon="17.69014"><time>2026-07-30T10:14:45Z</time></trkpt><trkpt lat="50.09879" lon="17.69035"><time>2026-07-30T10:14:46Z</time></trkpt><trkpt lat="50.09878" lon="17.69056"><time>2026-07-30T10:14:47Z</time></trkpt><trkpt lat="50.09877" lon="17.69077"><time>2026-07-30T10:14:48Z</time></trkpt><trkpt lat="50.09875" lon="17.69101"><time>2026-07-30T10:14:49Z</time></trkpt><trkpt lat="50.09874" lon="17.69124"><time>2026-07-30T10:14:50Z</time></trkpt><trkpt lat="50.09873" lon="17.69145"><time>2026-07-30T10:14:51Z</time></trkpt><trkpt lat="50.09872" lon="17.69166"><time>2026-07-30T10:14:52Z</time></trkpt><trkpt lat="50.0987" lon="17.69186"><time>2026-07-30T10:14:53Z</time></trkpt><trkpt lat="50.0987" lon="17.69205"><time>2026-07-30T10:14:54Z</time></trkpt><trkpt lat="50.09869" lon="17.69225"><time>2026-07-30T10:14:55Z</time></trkpt><trkpt lat="50.09868" lon="17.69244"><time>2026-07-30T10:14:56Z</time></trkpt><trkpt lat="50.09866" lon="17.69264"><time>2026-07-30T10:14:57Z</time></trkpt><trkpt lat="50.09865" lon="17.69284"><time>2026-07-30T10:14:58Z</time></trkpt><trkpt lat="50.09863" lon="17.69304"><time>2026-07-30T10:14:59Z</time></trkpt><trkpt lat="50.09863" lon="17.69325"><time>2026-07-30T10:15:00Z</time></trkpt><trkpt lat="50.09861" lon="17.69346"><time>2026-07-30T10:15:01Z</time></trkpt><trkpt lat="50.0986" lon="17.69367"><time>2026-07-30T10:15:02Z</time></trkpt><trkpt lat="50.09859" lon="17.69386"><time>2026-07-30T10:15:03Z</time></trkpt><trkpt lat="50.09858" lon="17.69405"><time>2026-07-30T10:15:04Z</time></trkpt><trkpt lat="50.09856" lon="17.69425"><time>2026-07-30T10:15:05Z</time></trkpt><trkpt lat="50.09855" lon="17.69446"><time>2026-07-30T10:15:06Z</time></trkpt><trkpt lat="50.09854" lon="17.69465"><time>2026-07-30T10:15:07Z</time></trkpt><trkpt lat="50.09853" lon="17.69485"><time>2026-07-30T10:15:08Z</time></trkpt><trkpt lat="50.09852" lon="17.69505"><time>2026-07-30T10:15:09Z</time></trkpt><trkpt lat="50.0985" lon="17.69525"><time>2026-07-30T10:15:10Z</time></trkpt><trkpt lat="50.0985" lon="17.69545"><time>2026-07-30T10:15:11Z</time></trkpt><trkpt lat="50.09849" lon="17.69565"><time>2026-07-30T10:15:12Z</time></trkpt><trkpt lat="50.09846" lon="17.69587"><time>2026-07-30T10:15:13Z</time></trkpt><trkpt lat="50.09844" lon="17.69608"><time>2026-07-30T10:15:14Z</time></trkpt><trkpt lat="50.09843" lon="17.69629"><time>2026-07-30T10:15:15Z</time></trkpt><trkpt lat="50.09841" lon="17.69648"><time>2026-07-30T10:15:16Z</time></trkpt><trkpt lat="50.09839" lon="17.69666"><time>2026-07-30T10:15:17Z</time></trkpt><trkpt lat="50.09836" lon="17.69685"><time>2026-07-30T10:15:18Z</time></trkpt><trkpt lat="50.09835" lon="17.69705"><time>2026-07-30T10:15:19Z</time></trkpt><trkpt lat="50.09834" lon="17.69724"><time>2026-07-30T10:15:20Z</time></trkpt><trkpt lat="50.09833" lon="17.69741"><time>2026-07-30T10:15:21Z</time></trkpt><trkpt lat="50.09832" lon="17.69757"><time>2026-07-30T10:15:22Z</time></trkpt><trkpt lat="50.09831" lon="17.69775"><time>2026-07-30T10:15:23Z</time></trkpt><trkpt lat="50.09831" lon="17.69793"><time>2026-07-30T10:15:24Z</time></trkpt><trkpt lat="50.0983" lon="17.69807"><time>2026-07-30T10:15:25Z</time></trkpt><trkpt lat="50.09827" lon="17.69819"><time>2026-07-30T10:15:26Z</time></trkpt><trkpt lat="50.09824" lon="17.69832"><time>2026-07-30T10:15:27Z</time></trkpt><trkpt lat="50.09819" lon="17.69841"><time>2026-07-30T10:15:28Z</time></trkpt><trkpt lat="50.09814" lon="17.69848"><time>2026-07-30T10:15:29Z</time></trkpt><trkpt lat="50.09804" lon="17.69848"><time>2026-07-30T10:15:30Z</time></trkpt><trkpt lat="50.09794" lon="17.69851"><time>2026-07-30T10:15:31Z</time></trkpt><trkpt lat="50.09782" lon="17.69853"><time>2026-07-30T10:15:32Z</time></trkpt><trkpt lat="50.09771" lon="17.69856"><time>2026-07-30T10:15:33Z</time></trkpt><trkpt lat="50.09761" lon="17.69857"><time>2026-07-30T10:15:34Z</time></trkpt><trkpt lat="50.0975" lon="17.69858"><time>2026-07-30T10:15:35Z</time></trkpt><trkpt lat="50.09739" lon="17.6986"><time>2026-07-30T10:15:36Z</time></trkpt><trkpt lat="50.09727" lon="17.69861"><time>2026-07-30T10:15:37Z</time></trkpt><trkpt lat="50.09716" lon="17.69863"><time>2026-07-30T10:15:38Z</time></trkpt><trkpt lat="50.09704" lon="17.69864"><time>2026-07-30T10:15:39Z</time></trkpt><trkpt lat="50.09693" lon="17.69865"><time>2026-07-30T10:15:40Z</time></trkpt><trkpt lat="50.09682" lon="17.69864"><time>2026-07-30T10:15:41Z</time></trkpt><trkpt lat="50.09671" lon="17.69864"><time>2026-07-30T10:15:42Z</time></trkpt><trkpt lat="50.0966" lon="17.69864"><time>2026-07-30T10:15:43Z</time></trkpt><trkpt lat="50.09649" lon="17.69864"><time>2026-07-30T10:15:44Z</time></trkpt><trkpt lat="50.09637" lon="17.69864"><time>2026-07-30T10:15:45Z</time></trkpt><trkpt lat="50.09626" lon="17.69863"><time>2026-07-30T10:15:46Z</time></trkpt><trkpt lat="50.09615" lon="17.69863"><time>2026-07-30T10:15:47Z</time></trkpt><trkpt lat="50.09604" lon="17.69862"><time>2026-07-30T10:15:48Z</time></trkpt><trkpt lat="50.09593" lon="17.69862"><time>2026-07-30T10:15:49Z</time></trkpt><trkpt lat="50.09583" lon="17.69863"><time>2026-07-30T10:15:50Z</time></trkpt><trkpt lat="50.09573" lon="17.69864"><time>2026-07-30T10:15:51Z</time></trkpt><trkpt lat="50.09562" lon="17.69862"><time>2026-07-30T10:15:52Z</time></trkpt><trkpt lat="50.09552" lon="17.69861"><time>2026-07-30T10:15:53Z</time></trkpt><trkpt lat="50.0954" lon="17.6986"><time>2026-07-30T10:15:54Z</time></trkpt><trkpt lat="50.09529" lon="17.69859"><time>2026-07-30T10:15:55Z</time></trkpt><trkpt lat="50.09516" lon="17.69858"><time>2026-07-30T10:15:56Z</time></trkpt><trkpt lat="50.09504" lon="17.69857"><time>2026-07-30T10:15:57Z</time></trkpt><trkpt lat="50.09493" lon="17.69857"><time>2026-07-30T10:15:58Z</time></trkpt><trkpt lat="50.09482" lon="17.69857"><time>2026-07-30T10:15:59Z</time></trkpt><trkpt lat="50.09471" lon="17.69856"><time>2026-07-30T10:16:00Z</time></trkpt><trkpt lat="50.09461" lon="17.69856"><time>2026-07-30T10:16:01Z</time></trkpt><trkpt lat="50.09451" lon="17.69856"><time>2026-07-30T10:16:02Z</time></trkpt><trkpt lat="50.09441" lon="17.69856"><time>2026-07-30T10:16:03Z</time></trkpt><trkpt lat="50.09431" lon="17.69855"><time>2026-07-30T10:16:04Z</time></trkpt><trkpt lat="50.09421" lon="17.69855"><time>2026-07-30T10:16:05Z</time></trkpt><trkpt lat="50.09412" lon="17.69853"><time>2026-07-30T10:16:06Z</time></trkpt><trkpt lat="50.09402" lon="17.69853"><time>2026-07-30T10:16:07Z</time></trkpt><trkpt lat="50.09393" lon="17.69852"><time>2026-07-30T10:16:08Z</time></trkpt><trkpt lat="50.09385" lon="17.69852"><time>2026-07-30T10:16:09Z</time></trkpt><trkpt lat="50.09379" lon="17.69852"><time>2026-07-30T10:16:10Z</time></trkpt><trkpt lat="50.09373" lon="17.69852"><time>2026-07-30T10:16:11Z</time></trkpt><trkpt lat="50.09368" lon="17.69852"><time>2026-07-30T10:16:12Z</time></trkpt><trkpt lat="50.09361" lon="17.69852"><time>2026-07-30T10:16:13Z</time></trkpt><trkpt lat="50.09354" lon="17.69852"><time>2026-07-30T10:16:14Z</time></trkpt><trkpt lat="50.09346" lon="17.69851"><time>2026-07-30T10:16:15Z</time></trkpt><trkpt lat="50.09337" lon="17.69851"><time>2026-07-30T10:16:16Z</time></trkpt><trkpt lat="50.09329" lon="17.69851"><time>2026-07-30T10:16:17Z</time></trkpt><trkpt lat="50.0932" lon="17.6985"><time>2026-07-30T10:16:18Z</time></trkpt><trkpt lat="50.09312" lon="17.6985"><time>2026-07-30T10:16:19Z</time></trkpt><trkpt lat="50.09305" lon="17.6985"><time>2026-07-30T10:16:20Z</time></trkpt><trkpt lat="50.09295" lon="17.6985"><time>2026-07-30T10:16:21Z</time></trkpt><trkpt lat="50.09285" lon="17.6985"><time>2026-07-30T10:16:22Z</time></trkpt><trkpt lat="50.09276" lon="17.69849"><time>2026-07-30T10:16:23Z</time></trkpt><trkpt lat="50.09266" lon="17.69849"><time>2026-07-30T10:16:24Z</time></trkpt><trkpt lat="50.09256" lon="17.69848"><time>2026-07-30T10:16:25Z</time></trkpt><trkpt lat="50.09247" lon="17.69848"><time>2026-07-30T10:16:26Z</time></trkpt><trkpt lat="50.09238" lon="17.69848"><time>2026-07-30T10:16:27Z</time></trkpt><trkpt lat="50.0923" lon="17.69847"><time>2026-07-30T10:16:28Z</time></trkpt><trkpt lat="50.09222" lon="17.69846"><time>2026-07-30T10:16:29Z</time></trkpt><trkpt lat="50.09213" lon="17.69846"><time>2026-07-30T10:16:30Z</time></trkpt><trkpt lat="50.09207" lon="17.69846"><time>2026-07-30T10:16:31Z</time></trkpt><trkpt lat="50.092" lon="17.69848"><time>2026-07-30T10:16:32Z</time></trkpt><trkpt lat="50.09195" lon="17.69848"><time>2026-07-30T10:16:33Z</time></trkpt><trkpt lat="50.09191" lon="17.69848"><time>2026-07-30T10:16:34Z</time></trkpt><trkpt lat="50.09188" lon="17.69848"><time>2026-07-30T10:16:35Z</time></trkpt><trkpt lat="50.09183" lon="17.69848"><time>2026-07-30T10:16:36Z</time></trkpt><trkpt lat="50.09178" lon="17.69851"><time>2026-07-30T10:16:37Z</time></trkpt><trkpt lat="50.09172" lon="17.69855"><time>2026-07-30T10:16:38Z</time></trkpt><trkpt lat="50.09167" lon="17.69861"><time>2026-07-30T10:16:39Z</time></trkpt><trkpt lat="50.09163" lon="17.69868"><time>2026-07-30T10:16:40Z</time></trkpt><trkpt lat="50.09161" lon="17.69877"><time>2026-07-30T10:16:41Z</time></trkpt><trkpt lat="50.09161" lon="17.69887"><time>2026-07-30T10:16:42Z</time></trkpt><trkpt lat="50.09161" lon="17.69897"><time>2026-07-30T10:16:43Z</time></trkpt><trkpt lat="50.09162" lon="17.69909"><time>2026-07-30T10:16:44Z</time></trkpt><trkpt lat="50.09164" lon="17.69922"><time>2026-07-30T10:16:45Z</time></trkpt><trkpt lat="50.09165" lon="17.69935"><time>2026-07-30T10:16:46Z</time></trkpt><trkpt lat="50.09167" lon="17.69948"><time>2026-07-30T10:16:47Z</time></trkpt><trkpt lat="50.09167" lon="17.69962"><time>2026-07-30T10:16:48Z</time></trkpt><trkpt lat="50.09168" lon="17.69978"><time>2026-07-30T10:16:49Z</time></trkpt><trkpt lat="50.09168" lon="17.69994"><time>2026-07-30T10:16:50Z</time></trkpt><trkpt lat="50.09169" lon="17.70011"><time>2026-07-30T10:16:51Z</time></trkpt><trkpt lat="50.09169" lon="17.70026"><time>2026-07-30T10:16:52Z</time></trkpt><trkpt lat="50.0917" lon="17.70041"><time>2026-07-30T10:16:53Z</time></trkpt><trkpt lat="50.09171" lon="17.70057"><time>2026-07-30T10:16:54Z</time></trkpt><trkpt lat="50.09173" lon="17.70073"><time>2026-07-30T10:16:55Z</time></trkpt><trkpt lat="50.09177" lon="17.70089"><time>2026-07-30T10:16:56Z</time></trkpt><trkpt lat="50.09182" lon="17.70104"><time>2026-07-30T10:16:57Z</time></trkpt><trkpt lat="50.09188" lon="17.7012"><time>2026-07-30T10:16:58Z</time></trkpt><trkpt lat="50.09194" lon="17.70136"><time>2026-07-30T10:16:59Z</time></trkpt><trkpt lat="50.09199" lon="17.70152"><time>2026-07-30T10:17:00Z</time></trkpt><trkpt lat="50.09204" lon="17.70168"><time>2026-07-30T10:17:01Z</time></trkpt><trkpt lat="50.0921" lon="17.70184"><time>2026-07-30T10:17:02Z</time></trkpt><trkpt lat="50.09214" lon="17.70199"><time>2026-07-30T10:17:03Z</time></trkpt><trkpt lat="50.09219" lon="17.70214"><time>2026-07-30T10:17:04Z</time></trkpt><trkpt lat="50.09224" lon="17.70229"><time>2026-07-30T10:17:05Z</time></trkpt><trkpt lat="50.09228" lon="17.70245"><time>2026-07-30T10:17:06Z</time></trkpt><trkpt lat="50.09233" lon="17.7026"><time>2026-07-30T10:17:07Z</time></trkpt><trkpt lat="50.09236" lon="17.70277"><time>2026-07-30T10:17:08Z</time></trkpt><trkpt lat="50.09239" lon="17.70294"><time>2026-07-30T10:17:09Z</time></trkpt><trkpt lat="50.0924" lon="17.7031"><time>2026-07-30T10:17:10Z</time></trkpt><trkpt lat="50.0924" lon="17.70327"><time>2026-07-30T10:17:11Z</time></trkpt><trkpt lat="50.0924" lon="17.70343"><time>2026-07-30T10:17:12Z</time></trkpt><trkpt lat="50.0924" lon="17.70358"><time>2026-07-30T10:17:13Z</time></trkpt><trkpt lat="50.09239" lon="17.70375"><time>2026-07-30T10:17:14Z</time></trkpt><trkpt lat="50.09239" lon="17.7039"><time>2026-07-30T10:17:15Z</time></trkpt><trkpt lat="50.09239" lon="17.70405"><time>2026-07-30T10:17:16Z</time></trkpt><trkpt lat="50.0924" lon="17.70421"><time>2026-07-30T10:17:17Z</time></trkpt><trkpt lat="50.09241" lon="17.70436"><time>2026-07-30T10:17:18Z</time></trkpt><trkpt lat="50.09241" lon="17.70452"><time>2026-07-30T10:17:19Z</time></trkpt><trkpt lat="50.09241" lon="17.70466"><time>2026-07-30T10:17:20Z</time></trkpt><trkpt lat="50.09241" lon="17.70482"><time>2026-07-30T10:17:21Z</time></trkpt><trkpt lat="50.09241" lon="17.70494"><time>2026-07-30T10:17:22Z</time></trkpt><trkpt lat="50.09241" lon="17.70509"><time>2026-07-30T10:17:23Z</time></trkpt><trkpt lat="50.0924" lon="17.70525"><time>2026-07-30T10:17:24Z</time></trkpt><trkpt lat="50.0924" lon="17.70539"><time>2026-07-30T10:17:25Z</time></trkpt><trkpt lat="50.09241" lon="17.70553"><time>2026-07-30T10:17:26Z</time></trkpt><trkpt lat="50.0924" lon="17.70566"><time>2026-07-30T10:17:27Z</time></trkpt><trkpt lat="50.09239" lon="17.70577"><time>2026-07-30T10:17:28Z</time></trkpt><trkpt lat="50.09239" lon="17.70589"><time>2026-07-30T10:17:29Z</time></trkpt><trkpt lat="50.0924" lon="17.70603"><time>2026-07-30T10:17:30Z</time></trkpt><trkpt lat="50.09239" lon="17.70617"><time>2026-07-30T10:17:31Z</time></trkpt><trkpt lat="50.09239" lon="17.70631"><time>2026-07-30T10:17:32Z</time></trkpt><trkpt lat="50.09239" lon="17.70645"><time>2026-07-30T10:17:33Z</time></trkpt><trkpt lat="50.09238" lon="17.70657"><time>2026-07-30T10:17:34Z</time></trkpt><trkpt lat="50.09238" lon="17.70669"><time>2026-07-30T10:17:35Z</time></trkpt><trkpt lat="50.09238" lon="17.70679"><time>2026-07-30T10:17:36Z</time></trkpt><trkpt lat="50.09237" lon="17.70689"><time>2026-07-30T10:17:37Z</time></trkpt><trkpt lat="50.09236" lon="17.707"><time>2026-07-30T10:17:38Z</time></trkpt><trkpt lat="50.09234" lon="17.7071"><time>2026-07-30T10:17:39Z</time></trkpt><trkpt lat="50.09228" lon="17.70719"><time>2026-07-30T10:17:40Z</time></trkpt><trkpt lat="50.09222" lon="17.70727"><time>2026-07-30T10:17:41Z</time></trkpt><trkpt lat="50.09215" lon="17.70736"><time>2026-07-30T10:17:42Z</time></trkpt><trkpt lat="50.09207" lon="17.70743"><time>2026-07-30T10:17:43Z</time></trkpt><trkpt lat="50.09199" lon="17.70751"><time>2026-07-30T10:17:44Z</time></trkpt><trkpt lat="50.09192" lon="17.70758"><time>2026-07-30T10:17:45Z</time></trkpt><trkpt lat="50.09185" lon="17.70764"><time>2026-07-30T10:17:46Z</time></trkpt><trkpt lat="50.09178" lon="17.70769"><time>2026-07-30T10:17:47Z</time></trkpt><trkpt lat="50.09172" lon="17.70775"><time>2026-07-30T10:17:48Z</time></trkpt><trkpt lat="50.09166" lon="17.70778"><time>2026-07-30T10:17:49Z</time></trkpt><trkpt lat="50.0916" lon="17.70781"><time>2026-07-30T10:17:50Z</time></trkpt><trkpt lat="50.09153" lon="17.70783"><time>2026-07-30T10:17:51Z</time></trkpt><trkpt lat="50.09145" lon="17.70783"><time>2026-07-30T10:17:52Z</time></trkpt><trkpt lat="50.09137" lon="17.70783"><time>2026-07-30T10:17:53Z</time></trkpt><trkpt lat="50.09128" lon="17.70783"><time>2026-07-30T10:17:54Z</time></trkpt><trkpt lat="50.09118" lon="17.70784"><time>2026-07-30T10:17:55Z</time></trkpt><trkpt lat="50.09109" lon="17.70785"><time>2026-07-30T10:17:56Z</time></trkpt><trkpt lat="50.091" lon="17.70786"><time>2026-07-30T10:17:57Z</time></trkpt><trkpt lat="50.09089" lon="17.70786"><time>2026-07-30T10:17:58Z</time></trkpt><trkpt lat="50.09079" lon="17.70786"><time>2026-07-30T10:17:59Z</time></trkpt><trkpt lat="50.09068" lon="17.70786"><time>2026-07-30T10:18:00Z</time></trkpt><trkpt lat="50.09057" lon="17.70786"><time>2026-07-30T10:18:01Z</time></trkpt><trkpt lat="50.09045" lon="17.70786"><time>2026-07-30T10:18:02Z</time></trkpt><trkpt lat="50.09033" lon="17.70787"><time>2026-07-30T10:18:03Z</time></trkpt><trkpt lat="50.09023" lon="17.70786"><time>2026-07-30T10:18:04Z</time></trkpt><trkpt lat="50.09013" lon="17.70787"><time>2026-07-30T10:18:05Z</time></trkpt><trkpt lat="50.09003" lon="17.70787"><time>2026-07-30T10:18:06Z</time></trkpt><trkpt lat="50.08995" lon="17.70787"><time>2026-07-30T10:18:07Z</time></trkpt><trkpt lat="50.08987" lon="17.70786"><time>2026-07-30T10:18:08Z</time></trkpt><trkpt lat="50.08979" lon="17.70784"><time>2026-07-30T10:18:09Z</time></trkpt><trkpt lat="50.08973" lon="17.70782"><time>2026-07-30T10:18:10Z</time></trkpt><trkpt lat="50.08969" lon="17.70779"><time>2026-07-30T10:18:11Z</time></trkpt><trkpt lat="50.08968" lon="17.70777"><time>2026-07-30T10:18:12Z</time></trkpt><trkpt lat="50.08964" lon="17.70774"><time>2026-07-30T10:18:13Z</time></trkpt><trkpt lat="50.08961" lon="17.70773"><time>2026-07-30T10:18:14Z</time></trkpt><trkpt lat="50.08959" lon="17.70772"><time>2026-07-30T10:18:15Z</time></trkpt><trkpt lat="50.08956" lon="17.70772"><time>2026-07-30T10:18:16Z</time></trkpt><trkpt lat="50.08953" lon="17.70774"><time>2026-07-30T10:18:17Z</time></trkpt><trkpt lat="50.08949" lon="17.70775"><time>2026-07-30T10:18:18Z</time></trkpt><trkpt lat="50.0894" lon="17.70772"><time>2026-07-30T10:18:19Z</time></trkpt><trkpt lat="50.08934" lon="17.70771"><time>2026-07-30T10:18:20Z</time></trkpt><trkpt lat="50.08926" lon="17.70769"><time>2026-07-30T10:18:21Z</time></trkpt><trkpt lat="50.08916" lon="17.70765"><time>2026-07-30T10:18:22Z</time></trkpt><trkpt lat="50.08909" lon="17.70763"><time>2026-07-30T10:18:23Z</time></trkpt><trkpt lat="50.08902" lon="17.7076"><time>2026-07-30T10:18:24Z</time></trkpt><trkpt lat="50.08896" lon="17.70757"><time>2026-07-30T10:18:25Z</time></trkpt><trkpt lat="50.08892" lon="17.70754"><time>2026-07-30T10:18:26Z</time></trkpt><trkpt lat="50.08889" lon="17.7075"><time>2026-07-30T10:18:27Z</time></trkpt><trkpt lat="50.08887" lon="17.70745"><time>2026-07-30T10:18:28Z</time></trkpt><trkpt lat="50.08887" lon="17.70739"><time>2026-07-30T10:18:29Z</time></trkpt><trkpt lat="50.08887" lon="17.70732"><time>2026-07-30T10:18:30Z</time></trkpt><trkpt lat="50.0889" lon="17.70725"><time>2026-07-30T10:18:31Z</time></trkpt><trkpt lat="50.08894" lon="17.70715"><time>2026-07-30T10:18:32Z</time></trkpt><trkpt lat="50.08898" lon="17.70705"><time>2026-07-30T10:18:33Z</time></trkpt><trkpt lat="50.08904" lon="17.70693"><time>2026-07-30T10:18:34Z</time></trkpt><trkpt lat="50.08909" lon="17.70681"><time>2026-07-30T10:18:35Z</time></trkpt><trkpt lat="50.08915" lon="17.70669"><time>2026-07-30T10:18:36Z</time></trkpt><trkpt lat="50.0892" lon="17.70657"><time>2026-07-30T10:18:37Z</time></trkpt><trkpt lat="50.08924" lon="17.70645"><time>2026-07-30T10:18:38Z</time></trkpt><trkpt lat="50.08929" lon="17.70632"><time>2026-07-30T10:18:39Z</time></trkpt><trkpt lat="50.08931" lon="17.7062"><time>2026-07-30T10:18:40Z</time></trkpt><trkpt lat="50.08935" lon="17.70608"><time>2026-07-30T10:18:41Z</time></trkpt><trkpt lat="50.08938" lon="17.70595"><time>2026-07-30T10:18:42Z</time></trkpt><trkpt lat="50.08942" lon="17.70581"><time>2026-07-30T10:18:43Z</time></trkpt><trkpt lat="50.08946" lon="17.70565"><time>2026-07-30T10:18:44Z</time></trkpt><trkpt lat="50.08949" lon="17.70552"><time>2026-07-30T10:18:45Z</time></trkpt><trkpt lat="50.08953" lon="17.70539"><time>2026-07-30T10:18:46Z</time></trkpt><trkpt lat="50.08956" lon="17.7053"><time>2026-07-30T10:18:47Z</time></trkpt><trkpt lat="50.08959" lon="17.70522"><time>2026-07-30T10:18:48Z</time></trkpt><trkpt lat="50.08962" lon="17.70514"><time>2026-07-30T10:18:49Z</time></trkpt><trkpt lat="50.08964" lon="17.70506"><time>2026-07-30T10:18:50Z</time></trkpt><trkpt lat="50.08967" lon="17.70498"><time>2026-07-30T10:18:51Z</time></trkpt><trkpt lat="50.08969" lon="17.70488"><time>2026-07-30T10:18:52Z</time></trkpt><trkpt lat="50.08971" lon="17.70479"><time>2026-07-30T10:18:53Z</time></trkpt><trkpt lat="50.08973" lon="17.70471"><time>2026-07-30T10:18:54Z</time></trkpt><trkpt lat="50.08977" lon="17.70464"><time>2026-07-30T10:18:55Z</time></trkpt><trkpt lat="50.08982" lon="17.7046"><time>2026-07-30T10:18:56Z</time></trkpt><trkpt lat="50.08986" lon="17.70457"><time>2026-07-30T10:18:57Z</time></trkpt><trkpt lat="50.08991" lon="17.70455"><time>2026-07-30T10:18:58Z</time></trkpt><trkpt lat="50.08996" lon="17.70453"><time>2026-07-30T10:18:59Z</time></trkpt><trkpt lat="50.09001" lon="17.70453"><time>2026-07-30T10:19:00Z</time></trkpt><trkpt lat="50.09006" lon="17.70452"><time>2026-07-30T10:19:01Z</time></trkpt><trkpt lat="50.0901" lon="17.70453"><time>2026-07-30T10:19:02Z</time></trkpt><trkpt lat="50.09015" lon="17.70452"><time>2026-07-30T10:19:03Z</time></trkpt><trkpt lat="50.09018" lon="17.70454"><time>2026-07-30T10:19:04Z</time></trkpt><trkpt lat="50.09021" lon="17.70454"><time>2026-07-30T10:19:05Z</time></trkpt><trkpt lat="50.09023" lon="17.70455"><time>2026-07-30T10:19:06Z</time></trkpt><trkpt lat="50.09025" lon="17.70457"><time>2026-07-30T10:19:07Z</time></trkpt><trkpt lat="50.09028" lon="17.70458"><time>2026-07-30T10:19:08Z</time></trkpt><trkpt lat="50.09031" lon="17.70458"><time>2026-07-30T10:19:09Z</time></trkpt><trkpt lat="50.09034" lon="17.70459"><time>2026-07-30T10:19:10Z</time></trkpt><trkpt lat="50.09036" lon="17.70459"><time>2026-07-30T10:19:11Z</time></trkpt><trkpt lat="50.09038" lon="17.70461"><time>2026-07-30T10:19:12Z</time></trkpt><trkpt lat="50.0904" lon="17.70463"><time>2026-07-30T10:19:13Z</time></trkpt><trkpt lat="50.0904" lon="17.70465"><time>2026-07-30T10:19:14Z</time></trkpt><trkpt lat="50.09041" lon="17.70467"><time>2026-07-30T10:19:15Z</time></trkpt><trkpt lat="50.09039" lon="17.70473"><time>2026-07-30T10:20:20Z</time></trkpt><trkpt lat="50.09038" lon="17.70474"><time>2026-07-30T10:20:21Z</time></trkpt><trkpt lat="50.09037" lon="17.70475"><time>2026-07-30T10:20:22Z</time></trkpt><trkpt lat="50.09034" lon="17.70475"><time>2026-07-30T10:20:26Z</time></trkpt><trkpt lat="50.09033" lon="17.70475"><time>2026-07-30T10:20:27Z</time></trkpt><trkpt lat="50.09031" lon="17.70475"><time>2026-07-30T10:20:29Z</time></trkpt><trkpt lat="50.0903" lon="17.70485"><time>2026-07-30T10:21:17Z</time></trkpt><trkpt lat="50.09031" lon="17.70482"><time>2026-07-30T10:22:31Z</time></trkpt><trkpt lat="50.09034" lon="17.70481"><time>2026-07-30T10:22:32Z</time></trkpt><trkpt lat="50.09036" lon="17.7048"><time>2026-07-30T10:22:33Z</time></trkpt><trkpt lat="50.09038" lon="17.70479"><time>2026-07-30T10:22:34Z</time></trkpt><trkpt lat="50.09039" lon="17.70479"><time>2026-07-30T10:22:35Z</time></trkpt><trkpt lat="50.09041" lon="17.70479"><time>2026-07-30T10:22:36Z</time></trkpt><trkpt lat="50.09042" lon="17.70478"><time>2026-07-30T10:22:37Z</time></trkpt><trkpt lat="50.09042" lon="17.70479"><time>2026-07-30T10:22:38Z</time></trkpt><trkpt lat="50.09044" lon="17.70474"><time>2026-07-30T10:38:28Z</time></trkpt><trkpt lat="50.09045" lon="17.70473"><time>2026-07-30T10:38:29Z</time></trkpt><trkpt lat="50.09046" lon="17.70473"><time>2026-07-30T10:38:30Z</time></trkpt><trkpt lat="50.09047" lon="17.70473"><time>2026-07-30T10:38:31Z</time></trkpt><trkpt lat="50.09048" lon="17.70473"><time>2026-07-30T10:38:32Z</time></trkpt><trkpt lat="50.09049" lon="17.70473"><time>2026-07-30T10:38:33Z</time></trkpt><trkpt lat="50.0905" lon="17.70474"><time>2026-07-30T10:38:34Z</time></trkpt><trkpt lat="50.09051" lon="17.70473"><time>2026-07-30T10:38:35Z</time></trkpt><trkpt lat="50.09052" lon="17.70473"><time>2026-07-30T10:38:36Z</time></trkpt><trkpt lat="50.09038" lon="17.70477"><time>2026-07-30T10:38:40Z</time></trkpt><trkpt lat="50.09046" lon="17.70471"><time>2026-07-30T10:40:52Z</time></trkpt><trkpt lat="50.09049" lon="17.7047"><time>2026-07-30T10:40:53Z</time></trkpt><trkpt lat="50.09053" lon="17.70468"><time>2026-07-30T10:40:54Z</time></trkpt><trkpt lat="50.09057" lon="17.70467"><time>2026-07-30T10:40:55Z</time></trkpt><trkpt lat="50.09061" lon="17.70468"><time>2026-07-30T10:40:56Z</time></trkpt><trkpt lat="50.09064" lon="17.70471"><time>2026-07-30T10:40:57Z</time></trkpt><trkpt lat="50.09066" lon="17.70476"><time>2026-07-30T10:40:58Z</time></trkpt><trkpt lat="50.09068" lon="17.70483"><time>2026-07-30T10:40:59Z</time></trkpt><trkpt lat="50.09069" lon="17.70491"><time>2026-07-30T10:41:00Z</time></trkpt><trkpt lat="50.09071" lon="17.70498"><time>2026-07-30T10:41:01Z</time></trkpt><trkpt lat="50.09073" lon="17.70505"><time>2026-07-30T10:41:02Z</time></trkpt><trkpt lat="50.09075" lon="17.70513"><time>2026-07-30T10:41:03Z</time></trkpt><trkpt lat="50.09078" lon="17.70522"><time>2026-07-30T10:41:04Z</time></trkpt><trkpt lat="50.09081" lon="17.70532"><time>2026-07-30T10:41:05Z</time></trkpt><trkpt lat="50.09084" lon="17.70543"><time>2026-07-30T10:41:06Z</time></trkpt><trkpt lat="50.09087" lon="17.70554"><time>2026-07-30T10:41:07Z</time></trkpt><trkpt lat="50.0909" lon="17.70564"><time>2026-07-30T10:41:08Z</time></trkpt><trkpt lat="50.09092" lon="17.70573"><time>2026-07-30T10:41:09Z</time></trkpt><trkpt lat="50.09095" lon="17.70583"><time>2026-07-30T10:41:10Z</time></trkpt><trkpt lat="50.09098" lon="17.70594"><time>2026-07-30T10:41:11Z</time></trkpt><trkpt lat="50.09102" lon="17.70605"><time>2026-07-30T10:41:12Z</time></trkpt><trkpt lat="50.09105" lon="17.70614"><time>2026-07-30T10:41:13Z</time></trkpt><trkpt lat="50.09107" lon="17.70624"><time>2026-07-30T10:41:14Z</time></trkpt><trkpt lat="50.09109" lon="17.70634"><time>2026-07-30T10:41:15Z</time></trkpt><trkpt lat="50.0911" lon="17.70645"><time>2026-07-30T10:41:16Z</time></trkpt><trkpt lat="50.09111" lon="17.70657"><time>2026-07-30T10:41:17Z</time></trkpt><trkpt lat="50.09113" lon="17.70668"><time>2026-07-30T10:41:18Z</time></trkpt><trkpt lat="50.09115" lon="17.7068"><time>2026-07-30T10:41:19Z</time></trkpt><trkpt lat="50.09114" lon="17.7069"><time>2026-07-30T10:41:20Z</time></trkpt><trkpt lat="50.09115" lon="17.70699"><time>2026-07-30T10:41:21Z</time></trkpt><trkpt lat="50.09117" lon="17.7071"><time>2026-07-30T10:41:22Z</time></trkpt><trkpt lat="50.09119" lon="17.70721"><time>2026-07-30T10:41:23Z</time></trkpt><trkpt lat="50.09121" lon="17.70731"><time>2026-07-30T10:41:24Z</time></trkpt><trkpt lat="50.09123" lon="17.70739"><time>2026-07-30T10:41:25Z</time></trkpt><trkpt lat="50.09125" lon="17.70746"><time>2026-07-30T10:41:26Z</time></trkpt><trkpt lat="50.09127" lon="17.70753"><time>2026-07-30T10:41:27Z</time></trkpt><trkpt lat="50.09129" lon="17.70758"><time>2026-07-30T10:41:28Z</time></trkpt><trkpt lat="50.0913" lon="17.70762"><time>2026-07-30T10:41:29Z</time></trkpt><trkpt lat="50.09132" lon="17.70767"><time>2026-07-30T10:41:30Z</time></trkpt><trkpt lat="50.09133" lon="17.70772"><time>2026-07-30T10:41:31Z</time></trkpt><trkpt lat="50.09134" lon="17.70775"><time>2026-07-30T10:41:32Z</time></trkpt><trkpt lat="50.09134" lon="17.70778"><time>2026-07-30T10:41:33Z</time></trkpt><trkpt lat="50.09135" lon="17.70781"><time>2026-07-30T10:41:34Z</time></trkpt><trkpt lat="50.09136" lon="17.70784"><time>2026-07-30T10:41:35Z</time></trkpt><trkpt lat="50.09137" lon="17.70787"><time>2026-07-30T10:41:36Z</time></trkpt><trkpt lat="50.09139" lon="17.70792"><time>2026-07-30T10:41:37Z</time></trkpt><trkpt lat="50.09143" lon="17.70803"><time>2026-07-30T10:41:38Z</time></trkpt><trkpt lat="50.09146" lon="17.70812"><time>2026-07-30T10:41:39Z</time></trkpt><trkpt lat="50.09149" lon="17.70822"><time>2026-07-30T10:41:40Z</time></trkpt><trkpt lat="50.09154" lon="17.70832"><time>2026-07-30T10:41:41Z</time></trkpt><trkpt lat="50.09159" lon="17.70842"><time>2026-07-30T10:41:42Z</time></trkpt><trkpt lat="50.09164" lon="17.70853"><time>2026-07-30T10:41:43Z</time></trkpt><trkpt lat="50.09169" lon="17.70864"><time>2026-07-30T10:41:44Z</time></trkpt><trkpt lat="50.09175" lon="17.70875"><time>2026-07-30T10:41:45Z</time></trkpt><trkpt lat="50.0918" lon="17.70886"><time>2026-07-30T10:41:46Z</time></trkpt><trkpt lat="50.09185" lon="17.70897"><time>2026-07-30T10:41:47Z</time></trkpt><trkpt lat="50.09191" lon="17.70908"><time>2026-07-30T10:41:48Z</time></trkpt><trkpt lat="50.09196" lon="17.70919"><time>2026-07-30T10:41:49Z</time></trkpt><trkpt lat="50.09201" lon="17.7093"><time>2026-07-30T10:41:50Z</time></trkpt><trkpt lat="50.09206" lon="17.7094"><time>2026-07-30T10:41:51Z</time></trkpt><trkpt lat="50.09211" lon="17.70949"><time>2026-07-30T10:41:52Z</time></trkpt><trkpt lat="50.09216" lon="17.70959"><time>2026-07-30T10:41:53Z</time></trkpt><trkpt lat="50.09221" lon="17.7097"><time>2026-07-30T10:41:54Z</time></trkpt><trkpt lat="50.09226" lon="17.70982"><time>2026-07-30T10:41:55Z</time></trkpt><trkpt lat="50.09231" lon="17.70994"><time>2026-07-30T10:41:56Z</time></trkpt><trkpt lat="50.09236" lon="17.71007"><time>2026-07-30T10:41:57Z</time></trkpt><trkpt lat="50.09242" lon="17.7102"><time>2026-07-30T10:41:58Z</time></trkpt><trkpt lat="50.09248" lon="17.71033"><time>2026-07-30T10:41:59Z</time></trkpt><trkpt lat="50.09253" lon="17.71045"><time>2026-07-30T10:42:00Z</time></trkpt><trkpt lat="50.09259" lon="17.71057"><time>2026-07-30T10:42:01Z</time></trkpt><trkpt lat="50.09265" lon="17.71068"><time>2026-07-30T10:42:02Z</time></trkpt><trkpt lat="50.09271" lon="17.71079"><time>2026-07-30T10:42:03Z</time></trkpt><trkpt lat="50.09277" lon="17.71091"><time>2026-07-30T10:42:04Z</time></trkpt><trkpt lat="50.09284" lon="17.71102"><time>2026-07-30T10:42:05Z</time></trkpt><trkpt lat="50.09292" lon="17.71114"><time>2026-07-30T10:42:06Z</time></trkpt><trkpt lat="50.09299" lon="17.71125"><time>2026-07-30T10:42:07Z</time></trkpt><trkpt lat="50.09307" lon="17.71136"><time>2026-07-30T10:42:08Z</time></trkpt><trkpt lat="50.09314" lon="17.71147"><time>2026-07-30T10:42:09Z</time></trkpt><trkpt lat="50.09321" lon="17.71158"><time>2026-07-30T10:42:10Z</time></trkpt><trkpt lat="50.09328" lon="17.71168"><time>2026-07-30T10:42:11Z</time></trkpt><trkpt lat="50.09335" lon="17.71178"><time>2026-07-30T10:42:12Z</time></trkpt><trkpt lat="50.09342" lon="17.71186"><time>2026-07-30T10:42:13Z</time></trkpt><trkpt lat="50.09349" lon="17.71193"><time>2026-07-30T10:42:14Z</time></trkpt><trkpt lat="50.09356" lon="17.71195"><time>2026-07-30T10:42:15Z</time></trkpt><trkpt lat="50.09365" lon="17.71197"><time>2026-07-30T10:42:16Z</time></trkpt><trkpt lat="50.09375" lon="17.71197"><time>2026-07-30T10:42:17Z</time></trkpt><trkpt lat="50.09384" lon="17.71198"><time>2026-07-30T10:42:18Z</time></trkpt><trkpt lat="50.09394" lon="17.71198"><time>2026-07-30T10:42:19Z</time></trkpt><trkpt lat="50.09404" lon="17.71199"><time>2026-07-30T10:42:20Z</time></trkpt><trkpt lat="50.09413" lon="17.712"><time>2026-07-30T10:42:21Z</time></trkpt><trkpt lat="50.0942" lon="17.71202"><time>2026-07-30T10:42:22Z</time></trkpt><trkpt lat="50.09426" lon="17.71205"><time>2026-07-30T10:42:23Z</time></trkpt><trkpt lat="50.09433" lon="17.71208"><time>2026-07-30T10:42:24Z</time></trkpt><trkpt lat="50.09442" lon="17.71211"><time>2026-07-30T10:42:25Z</time></trkpt><trkpt lat="50.0945" lon="17.71215"><time>2026-07-30T10:42:26Z</time></trkpt><trkpt lat="50.0946" lon="17.71219"><time>2026-07-30T10:42:27Z</time></trkpt><trkpt lat="50.09471" lon="17.71225"><time>2026-07-30T10:42:28Z</time></trkpt><trkpt lat="50.09482" lon="17.71231"><time>2026-07-30T10:42:29Z</time></trkpt><trkpt lat="50.09493" lon="17.71237"><time>2026-07-30T10:42:30Z</time></trkpt><trkpt lat="50.09506" lon="17.71242"><time>2026-07-30T10:42:31Z</time></trkpt><trkpt lat="50.09519" lon="17.71247"><time>2026-07-30T10:42:32Z</time></trkpt><trkpt lat="50.09531" lon="17.71252"><time>2026-07-30T10:42:33Z</time></trkpt><trkpt lat="50.09545" lon="17.71257"><time>2026-07-30T10:42:34Z</time></trkpt><trkpt lat="50.09557" lon="17.71263"><time>2026-07-30T10:42:35Z</time></trkpt><trkpt lat="50.09569" lon="17.71269"><time>2026-07-30T10:42:36Z</time></trkpt><trkpt lat="50.09581" lon="17.71274"><time>2026-07-30T10:42:37Z</time></trkpt><trkpt lat="50.09592" lon="17.71278"><time>2026-07-30T10:42:38Z</time></trkpt><trkpt lat="50.09603" lon="17.71283"><time>2026-07-30T10:42:39Z</time></trkpt><trkpt lat="50.09615" lon="17.71287"><time>2026-07-30T10:42:40Z</time></trkpt><trkpt lat="50.09626" lon="17.71292"><time>2026-07-30T10:42:41Z</time></trkpt><trkpt lat="50.09636" lon="17.71297"><time>2026-07-30T10:42:42Z</time></trkpt><trkpt lat="50.09645" lon="17.71301"><time>2026-07-30T10:42:43Z</time></trkpt><trkpt lat="50.09655" lon="17.71305"><time>2026-07-30T10:42:44Z</time></trkpt><trkpt lat="50.09665" lon="17.71309"><time>2026-07-30T10:42:45Z</time></trkpt><trkpt lat="50.09672" lon="17.71313"><time>2026-07-30T10:42:46Z</time></trkpt><trkpt lat="50.09678" lon="17.71316"><time>2026-07-30T10:42:47Z</time></trkpt><trkpt lat="50.09683" lon="17.7132"><time>2026-07-30T10:42:48Z</time></trkpt><trkpt lat="50.09687" lon="17.71324"><time>2026-07-30T10:42:49Z</time></trkpt><trkpt lat="50.0969" lon="17.71329"><time>2026-07-30T10:42:50Z</time></trkpt><trkpt lat="50.09692" lon="17.71336"><time>2026-07-30T10:42:51Z</time></trkpt><trkpt lat="50.09693" lon="17.71346"><time>2026-07-30T10:42:52Z</time></trkpt><trkpt lat="50.09691" lon="17.71358"><time>2026-07-30T10:42:53Z</time></trkpt><trkpt lat="50.09688" lon="17.71374"><time>2026-07-30T10:42:54Z</time></trkpt><trkpt lat="50.09685" lon="17.7139"><time>2026-07-30T10:42:55Z</time></trkpt><trkpt lat="50.09681" lon="17.71408"><time>2026-07-30T10:42:56Z</time></trkpt><trkpt lat="50.09678" lon="17.71428"><time>2026-07-30T10:42:57Z</time></trkpt><trkpt lat="50.09675" lon="17.71449"><time>2026-07-30T10:42:58Z</time></trkpt><trkpt lat="50.09672" lon="17.71471"><time>2026-07-30T10:42:59Z</time></trkpt><trkpt lat="50.09668" lon="17.71494"><time>2026-07-30T10:43:00Z</time></trkpt><trkpt lat="50.09663" lon="17.71519"><time>2026-07-30T10:43:01Z</time></trkpt><trkpt lat="50.09659" lon="17.71544"><time>2026-07-30T10:43:02Z</time></trkpt><trkpt lat="50.09654" lon="17.71569"><time>2026-07-30T10:43:03Z</time></trkpt><trkpt lat="50.0965" lon="17.71595"><time>2026-07-30T10:43:04Z</time></trkpt><trkpt lat="50.09645" lon="17.7162"><time>2026-07-30T10:43:05Z</time></trkpt><trkpt lat="50.09641" lon="17.71647"><time>2026-07-30T10:43:06Z</time></trkpt><trkpt lat="50.09635" lon="17.71675"><time>2026-07-30T10:43:07Z</time></trkpt><trkpt lat="50.0963" lon="17.71702"><time>2026-07-30T10:43:08Z</time></trkpt><trkpt lat="50.09625" lon="17.71727"><time>2026-07-30T10:43:09Z</time></trkpt><trkpt lat="50.09619" lon="17.71755"><time>2026-07-30T10:43:10Z</time></trkpt><trkpt lat="50.09612" lon="17.71781"><time>2026-07-30T10:43:11Z</time></trkpt><trkpt lat="50.09606" lon="17.71808"><time>2026-07-30T10:43:12Z</time></trkpt><trkpt lat="50.09598" lon="17.71835"><time>2026-07-30T10:43:13Z</time></trkpt><trkpt lat="50.09591" lon="17.71862"><time>2026-07-30T10:43:14Z</time></trkpt><trkpt lat="50.09583" lon="17.71888"><time>2026-07-30T10:43:15Z</time></trkpt><trkpt lat="50.09574" lon="17.71916"><time>2026-07-30T10:43:16Z</time></trkpt><trkpt lat="50.09565" lon="17.71942"><time>2026-07-30T10:43:17Z</time></trkpt><trkpt lat="50.09555" lon="17.71968"><time>2026-07-30T10:43:18Z</time></trkpt><trkpt lat="50.09544" lon="17.71996"><time>2026-07-30T10:43:19Z</time></trkpt><trkpt lat="50.09534" lon="17.72023"><time>2026-07-30T10:43:20Z</time></trkpt><trkpt lat="50.09523" lon="17.72049"><time>2026-07-30T10:43:21Z</time></trkpt><trkpt lat="50.09511" lon="17.72075"><time>2026-07-30T10:43:22Z</time></trkpt><trkpt lat="50.095" lon="17.72099"><time>2026-07-30T10:43:23Z</time></trkpt><trkpt lat="50.09487" lon="17.72124"><time>2026-07-30T10:43:24Z</time></trkpt><trkpt lat="50.09474" lon="17.72147"><time>2026-07-30T10:43:25Z</time></trkpt><trkpt lat="50.09461" lon="17.72171"><time>2026-07-30T10:43:26Z</time></trkpt><trkpt lat="50.09448" lon="17.72194"><time>2026-07-30T10:43:27Z</time></trkpt><trkpt lat="50.09434" lon="17.72217"><time>2026-07-30T10:43:28Z</time></trkpt><trkpt lat="50.09419" lon="17.7224"><time>2026-07-30T10:43:29Z</time></trkpt><trkpt lat="50.09404" lon="17.72261"><time>2026-07-30T10:43:30Z</time></trkpt><trkpt lat="50.09388" lon="17.72281"><time>2026-07-30T10:43:31Z</time></trkpt><trkpt lat="50.09372" lon="17.72302"><time>2026-07-30T10:43:32Z</time></trkpt><trkpt lat="50.09356" lon="17.72321"><time>2026-07-30T10:43:33Z</time></trkpt><trkpt lat="50.0934" lon="17.72341"><time>2026-07-30T10:43:34Z</time></trkpt><trkpt lat="50.09324" lon="17.72359"><time>2026-07-30T10:43:35Z</time></trkpt><trkpt lat="50.09307" lon="17.72378"><time>2026-07-30T10:43:36Z</time></trkpt><trkpt lat="50.09291" lon="17.72396"><time>2026-07-30T10:43:37Z</time></trkpt><trkpt lat="50.09275" lon="17.72414"><time>2026-07-30T10:43:38Z</time></trkpt><trkpt lat="50.09259" lon="17.72432"><time>2026-07-30T10:43:39Z</time></trkpt><trkpt lat="50.09243" lon="17.7245"><time>2026-07-30T10:43:40Z</time></trkpt><trkpt lat="50.09228" lon="17.72468"><time>2026-07-30T10:43:41Z</time></trkpt><trkpt lat="50.09211" lon="17.72487"><time>2026-07-30T10:43:42Z</time></trkpt><trkpt lat="50.09196" lon="17.72505"><time>2026-07-30T10:43:43Z</time></trkpt><trkpt lat="50.09179" lon="17.72524"><time>2026-07-30T10:43:44Z</time></trkpt><trkpt lat="50.09163" lon="17.72542"><time>2026-07-30T10:43:45Z</time></trkpt><trkpt lat="50.09146" lon="17.7256"><time>2026-07-30T10:43:46Z</time></trkpt><trkpt lat="50.09129" lon="17.72579"><time>2026-07-30T10:43:47Z</time></trkpt><trkpt lat="50.09112" lon="17.72597"><time>2026-07-30T10:43:48Z</time></trkpt><trkpt lat="50.09096" lon="17.72617"><time>2026-07-30T10:43:49Z</time></trkpt><trkpt lat="50.09079" lon="17.72636"><time>2026-07-30T10:43:50Z</time></trkpt><trkpt lat="50.09062" lon="17.72656"><time>2026-07-30T10:43:51Z</time></trkpt><trkpt lat="50.09044" lon="17.72675"><time>2026-07-30T10:43:52Z</time></trkpt><trkpt lat="50.09027" lon="17.72694"><time>2026-07-30T10:43:53Z</time></trkpt><trkpt lat="50.0901" lon="17.72713"><time>2026-07-30T10:43:54Z</time></trkpt><trkpt lat="50.08992" lon="17.72732"><time>2026-07-30T10:43:55Z</time></trkpt><trkpt lat="50.08975" lon="17.7275"><time>2026-07-30T10:43:56Z</time></trkpt><trkpt lat="50.08959" lon="17.72769"><time>2026-07-30T10:43:57Z</time></trkpt><trkpt lat="50.08942" lon="17.72786"><time>2026-07-30T10:43:58Z</time></trkpt><trkpt lat="50.08926" lon="17.72803"><time>2026-07-30T10:43:59Z</time></trkpt><trkpt lat="50.08909" lon="17.7282"><time>2026-07-30T10:44:00Z</time></trkpt><trkpt lat="50.08892" lon="17.72836"><time>2026-07-30T10:44:01Z</time></trkpt><trkpt lat="50.08873" lon="17.72851"><time>2026-07-30T10:44:02Z</time></trkpt><trkpt lat="50.08855" lon="17.72865"><time>2026-07-30T10:44:03Z</time></trkpt><trkpt lat="50.08836" lon="17.72877"><time>2026-07-30T10:44:04Z</time></trkpt><trkpt lat="50.08818" lon="17.72889"><time>2026-07-30T10:44:05Z</time></trkpt><trkpt lat="50.08799" lon="17.72899"><time>2026-07-30T10:44:06Z</time></trkpt><trkpt lat="50.0878" lon="17.72907"><time>2026-07-30T10:44:07Z</time></trkpt><trkpt lat="50.08761" lon="17.72914"><time>2026-07-30T10:44:08Z</time></trkpt><trkpt lat="50.08742" lon="17.7292"><time>2026-07-30T10:44:09Z</time></trkpt><trkpt lat="50.08723" lon="17.72926"><time>2026-07-30T10:44:10Z</time></trkpt><trkpt lat="50.08703" lon="17.72929"><time>2026-07-30T10:44:11Z</time></trkpt><trkpt lat="50.08684" lon="17.72931"><time>2026-07-30T10:44:12Z</time></trkpt><trkpt lat="50.08665" lon="17.72932"><time>2026-07-30T10:44:13Z</time></trkpt><trkpt lat="50.08644" lon="17.72932"><time>2026-07-30T10:44:14Z</time></trkpt><trkpt lat="50.08625" lon="17.7293"><time>2026-07-30T10:44:15Z</time></trkpt><trkpt lat="50.08605" lon="17.72928"><time>2026-07-30T10:44:16Z</time></trkpt><trkpt lat="50.08585" lon="17.72924"><time>2026-07-30T10:44:17Z</time></trkpt><trkpt lat="50.08564" lon="17.7292"><time>2026-07-30T10:44:18Z</time></trkpt><trkpt lat="50.08545" lon="17.72915"><time>2026-07-30T10:44:19Z</time></trkpt><trkpt lat="50.08525" lon="17.72909"><time>2026-07-30T10:44:20Z</time></trkpt><trkpt lat="50.08508" lon="17.72904"><time>2026-07-30T10:44:21Z</time></trkpt><trkpt lat="50.0849" lon="17.72899"><time>2026-07-30T10:44:22Z</time></trkpt><trkpt lat="50.08472" lon="17.72894"><time>2026-07-30T10:44:23Z</time></trkpt><trkpt lat="50.08455" lon="17.72889"><time>2026-07-30T10:44:24Z</time></trkpt><trkpt lat="50.08438" lon="17.72885"><time>2026-07-30T10:44:25Z</time></trkpt><trkpt lat="50.08421" lon="17.72881"><time>2026-07-30T10:44:26Z</time></trkpt><trkpt lat="50.08406" lon="17.72878"><time>2026-07-30T10:44:27Z</time></trkpt><trkpt lat="50.0839" lon="17.72876"><time>2026-07-30T10:44:28Z</time></trkpt><trkpt lat="50.08376" lon="17.72875"><time>2026-07-30T10:44:29Z</time></trkpt><trkpt lat="50.08362" lon="17.72874"><time>2026-07-30T10:44:30Z</time></trkpt><trkpt lat="50.08348" lon="17.72874"><time>2026-07-30T10:44:31Z</time></trkpt><trkpt lat="50.08335" lon="17.72875"><time>2026-07-30T10:44:32Z</time></trkpt><trkpt lat="50.08324" lon="17.72876"><time>2026-07-30T10:44:33Z</time></trkpt><trkpt lat="50.08315" lon="17.72877"><time>2026-07-30T10:44:34Z</time></trkpt><trkpt lat="50.08305" lon="17.72878"><time>2026-07-30T10:44:35Z</time></trkpt><trkpt lat="50.08297" lon="17.72879"><time>2026-07-30T10:44:36Z</time></trkpt><trkpt lat="50.0829" lon="17.72879"><time>2026-07-30T10:44:37Z</time></trkpt><trkpt lat="50.08283" lon="17.72876"><time>2026-07-30T10:44:38Z</time></trkpt><trkpt lat="50.08278" lon="17.72872"><time>2026-07-30T10:44:39Z</time></trkpt><trkpt lat="50.08272" lon="17.7287"><time>2026-07-30T10:44:40Z</time></trkpt><trkpt lat="50.08268" lon="17.72869"><time>2026-07-30T10:44:41Z</time></trkpt><trkpt lat="50.08263" lon="17.72872"><time>2026-07-30T10:44:42Z</time></trkpt><trkpt lat="50.08258" lon="17.72876"><time>2026-07-30T10:44:43Z</time></trkpt><trkpt lat="50.08253" lon="17.72881"><time>2026-07-30T10:44:44Z</time></trkpt><trkpt lat="50.08248" lon="17.72888"><time>2026-07-30T10:44:45Z</time></trkpt><trkpt lat="50.08242" lon="17.72894"><time>2026-07-30T10:44:46Z</time></trkpt><trkpt lat="50.08234" lon="17.729"><time>2026-07-30T10:44:47Z</time></trkpt><trkpt lat="50.08225" lon="17.72905"><time>2026-07-30T10:44:48Z</time></trkpt><trkpt lat="50.08216" lon="17.7291"><time>2026-07-30T10:44:49Z</time></trkpt><trkpt lat="50.08207" lon="17.72915"><time>2026-07-30T10:44:50Z</time></trkpt><trkpt lat="50.08198" lon="17.72919"><time>2026-07-30T10:44:51Z</time></trkpt><trkpt lat="50.08189" lon="17.72923"><time>2026-07-30T10:44:52Z</time></trkpt><trkpt lat="50.08179" lon="17.72927"><time>2026-07-30T10:44:53Z</time></trkpt><trkpt lat="50.0817" lon="17.72931"><time>2026-07-30T10:44:54Z</time></trkpt><trkpt lat="50.08161" lon="17.72935"><time>2026-07-30T10:44:55Z</time></trkpt><trkpt lat="50.08152" lon="17.7294"><time>2026-07-30T10:44:56Z</time></trkpt><trkpt lat="50.08141" lon="17.72945"><time>2026-07-30T10:44:57Z</time></trkpt><trkpt lat="50.0813" lon="17.7295"><time>2026-07-30T10:44:58Z</time></trkpt><trkpt lat="50.08119" lon="17.72955"><time>2026-07-30T10:44:59Z</time></trkpt><trkpt lat="50.08109" lon="17.72959"><time>2026-07-30T10:45:00Z</time></trkpt><trkpt lat="50.08099" lon="17.72964"><time>2026-07-30T10:45:01Z</time></trkpt><trkpt lat="50.08088" lon="17.72968"><time>2026-07-30T10:45:02Z</time></trkpt><trkpt lat="50.08078" lon="17.72973"><time>2026-07-30T10:45:03Z</time></trkpt><trkpt lat="50.08069" lon="17.72977"><time>2026-07-30T10:45:04Z</time></trkpt><trkpt lat="50.08058" lon="17.72981"><time>2026-07-30T10:45:05Z</time></trkpt><trkpt lat="50.08048" lon="17.72986"><time>2026-07-30T10:45:06Z</time></trkpt><trkpt lat="50.08038" lon="17.72992"><time>2026-07-30T10:45:07Z</time></trkpt><trkpt lat="50.08028" lon="17.72996"><time>2026-07-30T10:45:08Z</time></trkpt><trkpt lat="50.08019" lon="17.73"><time>2026-07-30T10:45:09Z</time></trkpt><trkpt lat="50.0801" lon="17.73005"><time>2026-07-30T10:45:10Z</time></trkpt><trkpt lat="50.08" lon="17.73009"><time>2026-07-30T10:45:11Z</time></trkpt><trkpt lat="50.07991" lon="17.73013"><time>2026-07-30T10:45:12Z</time></trkpt><trkpt lat="50.07981" lon="17.73018"><time>2026-07-30T10:45:13Z</time></trkpt><trkpt lat="50.0797" lon="17.73025"><time>2026-07-30T10:45:14Z</time></trkpt><trkpt lat="50.07959" lon="17.7303"><time>2026-07-30T10:45:15Z</time></trkpt><trkpt lat="50.07947" lon="17.73035"><time>2026-07-30T10:45:16Z</time></trkpt><trkpt lat="50.07933" lon="17.73042"><time>2026-07-30T10:45:17Z</time></trkpt><trkpt lat="50.07917" lon="17.73049"><time>2026-07-30T10:45:18Z</time></trkpt><trkpt lat="50.07901" lon="17.73056"><time>2026-07-30T10:45:19Z</time></trkpt><trkpt lat="50.07884" lon="17.73064"><time>2026-07-30T10:45:20Z</time></trkpt><trkpt lat="50.07867" lon="17.73072"><time>2026-07-30T10:45:21Z</time></trkpt><trkpt lat="50.07848" lon="17.73082"><time>2026-07-30T10:45:22Z</time></trkpt><trkpt lat="50.0783" lon="17.73092"><time>2026-07-30T10:45:23Z</time></trkpt><trkpt lat="50.07811" lon="17.73102"><time>2026-07-30T10:45:24Z</time></trkpt><trkpt lat="50.07792" lon="17.73111"><time>2026-07-30T10:45:25Z</time></trkpt><trkpt lat="50.07774" lon="17.7312"><time>2026-07-30T10:45:26Z</time></trkpt><trkpt lat="50.07755" lon="17.7313"><time>2026-07-30T10:45:27Z</time></trkpt><trkpt lat="50.07737" lon="17.73138"><time>2026-07-30T10:45:28Z</time></trkpt><trkpt lat="50.07718" lon="17.73147"><time>2026-07-30T10:45:29Z</time></trkpt><trkpt lat="50.07699" lon="17.73156"><time>2026-07-30T10:45:30Z</time></trkpt><trkpt lat="50.07681" lon="17.73164"><time>2026-07-30T10:45:31Z</time></trkpt><trkpt lat="50.07663" lon="17.73173"><time>2026-07-30T10:45:32Z</time></trkpt><trkpt lat="50.07646" lon="17.73182"><time>2026-07-30T10:45:33Z</time></trkpt><trkpt lat="50.07628" lon="17.73189"><time>2026-07-30T10:45:34Z</time></trkpt><trkpt lat="50.07609" lon="17.73198"><time>2026-07-30T10:45:35Z</time></trkpt><trkpt lat="50.07592" lon="17.73206"><time>2026-07-30T10:45:36Z</time></trkpt><trkpt lat="50.07575" lon="17.73216"><time>2026-07-30T10:45:37Z</time></trkpt><trkpt lat="50.07556" lon="17.73224"><time>2026-07-30T10:45:38Z</time></trkpt><trkpt lat="50.07539" lon="17.73232"><time>2026-07-30T10:45:39Z</time></trkpt><trkpt lat="50.07521" lon="17.7324"><time>2026-07-30T10:45:40Z</time></trkpt><trkpt lat="50.07502" lon="17.73249"><time>2026-07-30T10:45:41Z</time></trkpt><trkpt lat="50.07483" lon="17.73258"><time>2026-07-30T10:45:42Z</time></trkpt><trkpt lat="50.07464" lon="17.73266"><time>2026-07-30T10:45:43Z</time></trkpt><trkpt lat="50.07445" lon="17.73276"><time>2026-07-30T10:45:44Z</time></trkpt><trkpt lat="50.07425" lon="17.73284"><time>2026-07-30T10:45:45Z</time></trkpt><trkpt lat="50.07406" lon="17.73292"><time>2026-07-30T10:45:46Z</time></trkpt><trkpt lat="50.07386" lon="17.73302"><time>2026-07-30T10:45:47Z</time></trkpt><trkpt lat="50.07367" lon="17.73311"><time>2026-07-30T10:45:48Z</time></trkpt><trkpt lat="50.07348" lon="17.73319"><time>2026-07-30T10:45:49Z</time></trkpt><trkpt lat="50.0733" lon="17.73327"><time>2026-07-30T10:45:50Z</time></trkpt><trkpt lat="50.07312" lon="17.73334"><time>2026-07-30T10:45:51Z</time></trkpt><trkpt lat="50.07294" lon="17.73342"><time>2026-07-30T10:45:52Z</time></trkpt><trkpt lat="50.07276" lon="17.7335"><time>2026-07-30T10:45:53Z</time></trkpt><trkpt lat="50.07258" lon="17.73358"><time>2026-07-30T10:45:54Z</time></trkpt><trkpt lat="50.0724" lon="17.73366"><time>2026-07-30T10:45:55Z</time></trkpt><trkpt lat="50.07222" lon="17.73375"><time>2026-07-30T10:45:56Z</time></trkpt><trkpt lat="50.07205" lon="17.73385"><time>2026-07-30T10:45:57Z</time></trkpt><trkpt lat="50.07188" lon="17.73394"><time>2026-07-30T10:45:58Z</time></trkpt><trkpt lat="50.0717" lon="17.73401"><time>2026-07-30T10:45:59Z</time></trkpt><trkpt lat="50.07155" lon="17.7341"><time>2026-07-30T10:46:00Z</time></trkpt><trkpt lat="50.07138" lon="17.73419"><time>2026-07-30T10:46:01Z</time></trkpt><trkpt lat="50.07122" lon="17.7343"><time>2026-07-30T10:46:02Z</time></trkpt><trkpt lat="50.07105" lon="17.73446"><time>2026-07-30T10:46:03Z</time></trkpt><trkpt lat="50.07089" lon="17.73464"><time>2026-07-30T10:46:04Z</time></trkpt><trkpt lat="50.07071" lon="17.73484"><time>2026-07-30T10:46:05Z</time></trkpt><trkpt lat="50.07052" lon="17.73504"><time>2026-07-30T10:46:06Z</time></trkpt><trkpt lat="50.07031" lon="17.73524"><time>2026-07-30T10:46:07Z</time></trkpt><trkpt lat="50.07012" lon="17.73544"><time>2026-07-30T10:46:08Z</time></trkpt><trkpt lat="50.06992" lon="17.73565"><time>2026-07-30T10:46:09Z</time></trkpt><trkpt lat="50.06974" lon="17.73585"><time>2026-07-30T10:46:10Z</time></trkpt><trkpt lat="50.06955" lon="17.73608"><time>2026-07-30T10:46:11Z</time></trkpt><trkpt lat="50.06936" lon="17.73627"><time>2026-07-30T10:46:12Z</time></trkpt><trkpt lat="50.06918" lon="17.73647"><time>2026-07-30T10:46:13Z</time></trkpt><trkpt lat="50.06901" lon="17.73666"><time>2026-07-30T10:46:14Z</time></trkpt><trkpt lat="50.06885" lon="17.73683"><time>2026-07-30T10:46:15Z</time></trkpt><trkpt lat="50.06869" lon="17.737"><time>2026-07-30T10:46:16Z</time></trkpt><trkpt lat="50.06854" lon="17.73715"><time>2026-07-30T10:46:17Z</time></trkpt><trkpt lat="50.0684" lon="17.7373"><time>2026-07-30T10:46:18Z</time></trkpt><trkpt lat="50.06826" lon="17.73746"><time>2026-07-30T10:46:19Z</time></trkpt><trkpt lat="50.06813" lon="17.73761"><time>2026-07-30T10:46:20Z</time></trkpt><trkpt lat="50.06801" lon="17.73774"><time>2026-07-30T10:46:21Z</time></trkpt><trkpt lat="50.06788" lon="17.73787"><time>2026-07-30T10:46:22Z</time></trkpt><trkpt lat="50.06777" lon="17.73801"><time>2026-07-30T10:46:23Z</time></trkpt><trkpt lat="50.06763" lon="17.73813"><time>2026-07-30T10:46:24Z</time></trkpt><trkpt lat="50.06751" lon="17.73825"><time>2026-07-30T10:46:25Z</time></trkpt><trkpt lat="50.06738" lon="17.73836"><time>2026-07-30T10:46:26Z</time></trkpt><trkpt lat="50.06726" lon="17.73847"><time>2026-07-30T10:46:27Z</time></trkpt><trkpt lat="50.06712" lon="17.73857"><time>2026-07-30T10:46:28Z</time></trkpt><trkpt lat="50.06698" lon="17.73868"><time>2026-07-30T10:46:29Z</time></trkpt><trkpt lat="50.06683" lon="17.73879"><time>2026-07-30T10:46:30Z</time></trkpt><trkpt lat="50.06668" lon="17.7389"><time>2026-07-30T10:46:31Z</time></trkpt><trkpt lat="50.06654" lon="17.73901"><time>2026-07-30T10:46:32Z</time></trkpt><trkpt lat="50.0664" lon="17.73911"><time>2026-07-30T10:46:33Z</time></trkpt><trkpt lat="50.06624" lon="17.7392"><time>2026-07-30T10:46:34Z</time></trkpt><trkpt lat="50.06608" lon="17.73929"><time>2026-07-30T10:46:35Z</time></trkpt><trkpt lat="50.06592" lon="17.73938"><time>2026-07-30T10:46:36Z</time></trkpt><trkpt lat="50.06575" lon="17.73947"><time>2026-07-30T10:46:37Z</time></trkpt><trkpt lat="50.06558" lon="17.73956"><time>2026-07-30T10:46:38Z</time></trkpt><trkpt lat="50.0654" lon="17.73964"><time>2026-07-30T10:46:39Z</time></trkpt><trkpt lat="50.06521" lon="17.73972"><time>2026-07-30T10:46:40Z</time></trkpt><trkpt lat="50.06503" lon="17.7398"><time>2026-07-30T10:46:41Z</time></trkpt><trkpt lat="50.06483" lon="17.73987"><time>2026-07-30T10:46:42Z</time></trkpt><trkpt lat="50.06463" lon="17.73995"><time>2026-07-30T10:46:43Z</time></trkpt><trkpt lat="50.06443" lon="17.74002"><time>2026-07-30T10:46:44Z</time></trkpt><trkpt lat="50.06422" lon="17.74011"><time>2026-07-30T10:46:45Z</time></trkpt><trkpt lat="50.06402" lon="17.74019"><time>2026-07-30T10:46:46Z</time></trkpt><trkpt lat="50.06382" lon="17.74027"><time>2026-07-30T10:46:47Z</time></trkpt><trkpt lat="50.06361" lon="17.74035"><time>2026-07-30T10:46:48Z</time></trkpt><trkpt lat="50.0634" lon="17.74043"><time>2026-07-30T10:46:49Z</time></trkpt><trkpt lat="50.06319" lon="17.7405"><time>2026-07-30T10:46:50Z</time></trkpt><trkpt lat="50.06298" lon="17.74059"><time>2026-07-30T10:46:51Z</time></trkpt><trkpt lat="50.06278" lon="17.74066"><time>2026-07-30T10:46:52Z</time></trkpt><trkpt lat="50.06258" lon="17.74073"><time>2026-07-30T10:46:53Z</time></trkpt><trkpt lat="50.06238" lon="17.74081"><time>2026-07-30T10:46:54Z</time></trkpt><trkpt lat="50.06217" lon="17.74089"><time>2026-07-30T10:46:55Z</time></trkpt><trkpt lat="50.06197" lon="17.74097"><time>2026-07-30T10:46:56Z</time></trkpt><trkpt lat="50.06176" lon="17.74104"><time>2026-07-30T10:46:57Z</time></trkpt><trkpt lat="50.06155" lon="17.74112"><time>2026-07-30T10:46:58Z</time></trkpt><trkpt lat="50.06133" lon="17.7412"><time>2026-07-30T10:46:59Z</time></trkpt><trkpt lat="50.06112" lon="17.74128"><time>2026-07-30T10:47:00Z</time></trkpt><trkpt lat="50.06091" lon="17.74137"><time>2026-07-30T10:47:01Z</time></trkpt><trkpt lat="50.06069" lon="17.74144"><time>2026-07-30T10:47:02Z</time></trkpt><trkpt lat="50.06049" lon="17.74154"><time>2026-07-30T10:47:03Z</time></trkpt><trkpt lat="50.06025" lon="17.74164"><time>2026-07-30T10:47:04Z</time></trkpt><trkpt lat="50.06003" lon="17.74173"><time>2026-07-30T10:47:05Z</time></trkpt><trkpt lat="50.05982" lon="17.74182"><time>2026-07-30T10:47:06Z</time></trkpt><trkpt lat="50.05959" lon="17.74191"><time>2026-07-30T10:47:07Z</time></trkpt><trkpt lat="50.05937" lon="17.74199"><time>2026-07-30T10:47:08Z</time></trkpt><trkpt lat="50.05917" lon="17.74208"><time>2026-07-30T10:47:09Z</time></trkpt><trkpt lat="50.05895" lon="17.74218"><time>2026-07-30T10:47:10Z</time></trkpt><trkpt lat="50.05873" lon="17.74228"><time>2026-07-30T10:47:11Z</time></trkpt><trkpt lat="50.0585" lon="17.7424"><time>2026-07-30T10:47:12Z</time></trkpt><trkpt lat="50.05829" lon="17.74252"><time>2026-07-30T10:47:13Z</time></trkpt><trkpt lat="50.05808" lon="17.74265"><time>2026-07-30T10:47:14Z</time></trkpt><trkpt lat="50.05788" lon="17.74278"><time>2026-07-30T10:47:15Z</time></trkpt><trkpt lat="50.05768" lon="17.74291"><time>2026-07-30T10:47:16Z</time></trkpt><trkpt lat="50.05748" lon="17.74305"><time>2026-07-30T10:47:17Z</time></trkpt><trkpt lat="50.05728" lon="17.7432"><time>2026-07-30T10:47:18Z</time></trkpt><trkpt lat="50.05708" lon="17.74337"><time>2026-07-30T10:47:19Z</time></trkpt><trkpt lat="50.05688" lon="17.74354"><time>2026-07-30T10:47:20Z</time></trkpt><trkpt lat="50.0567" lon="17.7437"><time>2026-07-30T10:47:21Z</time></trkpt><trkpt lat="50.05651" lon="17.74387"><time>2026-07-30T10:47:22Z</time></trkpt><trkpt lat="50.05633" lon="17.74405"><time>2026-07-30T10:47:23Z</time></trkpt><trkpt lat="50.05615" lon="17.74423"><time>2026-07-30T10:47:24Z</time></trkpt><trkpt lat="50.05598" lon="17.74441"><time>2026-07-30T10:47:25Z</time></trkpt><trkpt lat="50.0558" lon="17.7446"><time>2026-07-30T10:47:26Z</time></trkpt><trkpt lat="50.05562" lon="17.74479"><time>2026-07-30T10:47:27Z</time></trkpt><trkpt lat="50.05544" lon="17.74499"><time>2026-07-30T10:47:28Z</time></trkpt><trkpt lat="50.05526" lon="17.74519"><time>2026-07-30T10:47:29Z</time></trkpt><trkpt lat="50.05507" lon="17.74539"><time>2026-07-30T10:47:30Z</time></trkpt><trkpt lat="50.05489" lon="17.7456"><time>2026-07-30T10:47:31Z</time></trkpt><trkpt lat="50.05471" lon="17.74581"><time>2026-07-30T10:47:32Z</time></trkpt><trkpt lat="50.05453" lon="17.74601"><time>2026-07-30T10:47:33Z</time></trkpt><trkpt lat="50.05435" lon="17.74622"><time>2026-07-30T10:47:34Z</time></trkpt><trkpt lat="50.05416" lon="17.74643"><time>2026-07-30T10:47:35Z</time></trkpt><trkpt lat="50.05397" lon="17.74664"><time>2026-07-30T10:47:36Z</time></trkpt><trkpt lat="50.05379" lon="17.74684"><time>2026-07-30T10:47:37Z</time></trkpt><trkpt lat="50.05362" lon="17.74703"><time>2026-07-30T10:47:38Z</time></trkpt><trkpt lat="50.05347" lon="17.7472"><time>2026-07-30T10:47:39Z</time></trkpt><trkpt lat="50.05331" lon="17.74738"><time>2026-07-30T10:47:40Z</time></trkpt><trkpt lat="50.05315" lon="17.74755"><time>2026-07-30T10:47:41Z</time></trkpt><trkpt lat="50.05299" lon="17.74772"><time>2026-07-30T10:47:42Z</time></trkpt><trkpt lat="50.05282" lon="17.7479"><time>2026-07-30T10:47:43Z</time></trkpt><trkpt lat="50.05266" lon="17.74808"><time>2026-07-30T10:47:44Z</time></trkpt><trkpt lat="50.05249" lon="17.74826"><time>2026-07-30T10:47:45Z</time></trkpt><trkpt lat="50.05233" lon="17.74845"><time>2026-07-30T10:47:46Z</time></trkpt><trkpt lat="50.05216" lon="17.74865"><time>2026-07-30T10:47:47Z</time></trkpt><trkpt lat="50.05199" lon="17.74885"><time>2026-07-30T10:47:48Z</time></trkpt><trkpt lat="50.05182" lon="17.74905"><time>2026-07-30T10:47:49Z</time></trkpt><trkpt lat="50.05165" lon="17.74924"><time>2026-07-30T10:47:50Z</time></trkpt><trkpt lat="50.05148" lon="17.74944"><time>2026-07-30T10:47:51Z</time></trkpt><trkpt lat="50.05131" lon="17.74964"><time>2026-07-30T10:47:52Z</time></trkpt><trkpt lat="50.05115" lon="17.74983"><time>2026-07-30T10:47:53Z</time></trkpt><trkpt lat="50.05099" lon="17.75001"><time>2026-07-30T10:47:54Z</time></trkpt><trkpt lat="50.05084" lon="17.75019"><time>2026-07-30T10:47:55Z</time></trkpt><trkpt lat="50.05069" lon="17.75036"><time>2026-07-30T10:47:56Z</time></trkpt><trkpt lat="50.05054" lon="17.75052"><time>2026-07-30T10:47:57Z</time></trkpt><trkpt lat="50.0504" lon="17.75068"><time>2026-07-30T10:47:58Z</time></trkpt><trkpt lat="50.05026" lon="17.75083"><time>2026-07-30T10:47:59Z</time></trkpt><trkpt lat="50.05013" lon="17.75098"><time>2026-07-30T10:48:00Z</time></trkpt><trkpt lat="50.05001" lon="17.75111"><time>2026-07-30T10:48:01Z</time></trkpt><trkpt lat="50.04988" lon="17.75124"><time>2026-07-30T10:48:02Z</time></trkpt><trkpt lat="50.04977" lon="17.75137"><time>2026-07-30T10:48:03Z</time></trkpt><trkpt lat="50.04966" lon="17.7515"><time>2026-07-30T10:48:04Z</time></trkpt><trkpt lat="50.04955" lon="17.75162"><time>2026-07-30T10:48:05Z</time></trkpt><trkpt lat="50.04945" lon="17.75174"><time>2026-07-30T10:48:06Z</time></trkpt><trkpt lat="50.04935" lon="17.75185"><time>2026-07-30T10:48:07Z</time></trkpt><trkpt lat="50.04925" lon="17.75196"><time>2026-07-30T10:48:08Z</time></trkpt><trkpt lat="50.04916" lon="17.75205"><time>2026-07-30T10:48:09Z</time></trkpt><trkpt lat="50.04905" lon="17.75215"><time>2026-07-30T10:48:10Z</time></trkpt><trkpt lat="50.04895" lon="17.75224"><time>2026-07-30T10:48:11Z</time></trkpt><trkpt lat="50.04884" lon="17.75231"><time>2026-07-30T10:48:12Z</time></trkpt><trkpt lat="50.04873" lon="17.75238"><time>2026-07-30T10:48:13Z</time></trkpt><trkpt lat="50.04862" lon="17.75244"><time>2026-07-30T10:48:14Z</time></trkpt><trkpt lat="50.0485" lon="17.75251"><time>2026-07-30T10:48:15Z</time></trkpt><trkpt lat="50.04838" lon="17.75257"><time>2026-07-30T10:48:16Z</time></trkpt><trkpt lat="50.04826" lon="17.75263"><time>2026-07-30T10:48:17Z</time></trkpt><trkpt lat="50.04815" lon="17.75269"><time>2026-07-30T10:48:18Z</time></trkpt><trkpt lat="50.04804" lon="17.75275"><time>2026-07-30T10:48:19Z</time></trkpt><trkpt lat="50.04791" lon="17.7528"><time>2026-07-30T10:48:20Z</time></trkpt><trkpt lat="50.0478" lon="17.75286"><time>2026-07-30T10:48:21Z</time></trkpt><trkpt lat="50.04768" lon="17.75293"><time>2026-07-30T10:48:22Z</time></trkpt><trkpt lat="50.04757" lon="17.75299"><time>2026-07-30T10:48:23Z</time></trkpt><trkpt lat="50.04745" lon="17.75305"><time>2026-07-30T10:48:24Z</time></trkpt><trkpt lat="50.04731" lon="17.75312"><time>2026-07-30T10:48:25Z</time></trkpt><trkpt lat="50.04718" lon="17.75319"><time>2026-07-30T10:48:26Z</time></trkpt><trkpt lat="50.04706" lon="17.75326"><time>2026-07-30T10:48:27Z</time></trkpt><trkpt lat="50.04693" lon="17.75332"><time>2026-07-30T10:48:28Z</time></trkpt><trkpt lat="50.04681" lon="17.75339"><time>2026-07-30T10:48:29Z</time></trkpt><trkpt lat="50.04668" lon="17.75344"><time>2026-07-30T10:48:30Z</time></trkpt><trkpt lat="50.04655" lon="17.75351"><time>2026-07-30T10:48:31Z</time></trkpt><trkpt lat="50.04643" lon="17.75357"><time>2026-07-30T10:48:32Z</time></trkpt><trkpt lat="50.0463" lon="17.75363"><time>2026-07-30T10:48:33Z</time></trkpt><trkpt lat="50.04617" lon="17.7537"><time>2026-07-30T10:48:34Z</time></trkpt><trkpt lat="50.04604" lon="17.75376"><time>2026-07-30T10:48:35Z</time></trkpt><trkpt lat="50.0459" lon="17.75383"><time>2026-07-30T10:48:36Z</time></trkpt><trkpt lat="50.04577" lon="17.75389"><time>2026-07-30T10:48:37Z</time></trkpt><trkpt lat="50.04564" lon="17.75396"><time>2026-07-30T10:48:38Z</time></trkpt><trkpt lat="50.0455" lon="17.75403"><time>2026-07-30T10:48:39Z</time></trkpt><trkpt lat="50.04537" lon="17.7541"><time>2026-07-30T10:48:40Z</time></trkpt><trkpt lat="50.04524" lon="17.75417"><time>2026-07-30T10:48:41Z</time></trkpt><trkpt lat="50.04511" lon="17.75424"><time>2026-07-30T10:48:42Z</time></trkpt><trkpt lat="50.04497" lon="17.75431"><time>2026-07-30T10:48:43Z</time></trkpt><trkpt lat="50.04483" lon="17.75439"><time>2026-07-30T10:48:44Z</time></trkpt><trkpt lat="50.04471" lon="17.75446"><time>2026-07-30T10:48:45Z</time></trkpt><trkpt lat="50.04456" lon="17.75453"><time>2026-07-30T10:48:46Z</time></trkpt><trkpt lat="50.0444" lon="17.7546"><time>2026-07-30T10:48:47Z</time></trkpt><trkpt lat="50.04425" lon="17.75467"><time>2026-07-30T10:48:48Z</time></trkpt><trkpt lat="50.04407" lon="17.75476"><time>2026-07-30T10:48:49Z</time></trkpt><trkpt lat="50.04389" lon="17.75485"><time>2026-07-30T10:48:50Z</time></trkpt><trkpt lat="50.04371" lon="17.75494"><time>2026-07-30T10:48:51Z</time></trkpt><trkpt lat="50.04354" lon="17.75504"><time>2026-07-30T10:48:52Z</time></trkpt><trkpt lat="50.04336" lon="17.75513"><time>2026-07-30T10:48:53Z</time></trkpt><trkpt lat="50.04317" lon="17.75524"><time>2026-07-30T10:48:54Z</time></trkpt><trkpt lat="50.04297" lon="17.75534"><time>2026-07-30T10:48:55Z</time></trkpt><trkpt lat="50.04276" lon="17.75543"><time>2026-07-30T10:48:56Z</time></trkpt><trkpt lat="50.04256" lon="17.75555"><time>2026-07-30T10:48:57Z</time></trkpt><trkpt lat="50.04235" lon="17.75565"><time>2026-07-30T10:48:58Z</time></trkpt><trkpt lat="50.04215" lon="17.75576"><time>2026-07-30T10:48:59Z</time></trkpt><trkpt lat="50.04194" lon="17.75586"><time>2026-07-30T10:49:00Z</time></trkpt><trkpt lat="50.04173" lon="17.75596"><time>2026-07-30T10:49:01Z</time></trkpt><trkpt lat="50.04153" lon="17.75606"><time>2026-07-30T10:49:02Z</time></trkpt><trkpt lat="50.04131" lon="17.75616"><time>2026-07-30T10:49:03Z</time></trkpt><trkpt lat="50.0411" lon="17.75627"><time>2026-07-30T10:49:04Z</time></trkpt><trkpt lat="50.0409" lon="17.75638"><time>2026-07-30T10:49:05Z</time></trkpt><trkpt lat="50.04069" lon="17.75648"><time>2026-07-30T10:49:06Z</time></trkpt><trkpt lat="50.04049" lon="17.75659"><time>2026-07-30T10:49:07Z</time></trkpt><trkpt lat="50.04029" lon="17.75669"><time>2026-07-30T10:49:08Z</time></trkpt><trkpt lat="50.04008" lon="17.7568"><time>2026-07-30T10:49:09Z</time></trkpt><trkpt lat="50.03987" lon="17.75691"><time>2026-07-30T10:49:10Z</time></trkpt><trkpt lat="50.03966" lon="17.75702"><time>2026-07-30T10:49:11Z</time></trkpt><trkpt lat="50.03946" lon="17.75712"><time>2026-07-30T10:49:12Z</time></trkpt><trkpt lat="50.03926" lon="17.75722"><time>2026-07-30T10:49:13Z</time></trkpt><trkpt lat="50.03906" lon="17.75732"><time>2026-07-30T10:49:14Z</time></trkpt><trkpt lat="50.03888" lon="17.75741"><time>2026-07-30T10:49:15Z</time></trkpt><trkpt lat="50.03869" lon="17.75751"><time>2026-07-30T10:49:16Z</time></trkpt><trkpt lat="50.0385" lon="17.75761"><time>2026-07-30T10:49:17Z</time></trkpt><trkpt lat="50.03832" lon="17.7577"><time>2026-07-30T10:49:18Z</time></trkpt><trkpt lat="50.03813" lon="17.75779"><time>2026-07-30T10:49:19Z</time></trkpt><trkpt lat="50.03795" lon="17.75788"><time>2026-07-30T10:49:20Z</time></trkpt><trkpt lat="50.03777" lon="17.75797"><time>2026-07-30T10:49:21Z</time></trkpt><trkpt lat="50.0376" lon="17.75807"><time>2026-07-30T10:49:22Z</time></trkpt><trkpt lat="50.03744" lon="17.75819"><time>2026-07-30T10:49:23Z</time></trkpt><trkpt lat="50.03727" lon="17.75835"><time>2026-07-30T10:49:24Z</time></trkpt><trkpt lat="50.03709" lon="17.75853"><time>2026-07-30T10:49:25Z</time></trkpt><trkpt lat="50.03692" lon="17.75873"><time>2026-07-30T10:49:26Z</time></trkpt><trkpt lat="50.03675" lon="17.75894"><time>2026-07-30T10:49:27Z</time></trkpt><trkpt lat="50.03658" lon="17.75916"><time>2026-07-30T10:49:28Z</time></trkpt><trkpt lat="50.03641" lon="17.75937"><time>2026-07-30T10:49:29Z</time></trkpt><trkpt lat="50.03624" lon="17.75957"><time>2026-07-30T10:49:30Z</time></trkpt><trkpt lat="50.03607" lon="17.75976"><time>2026-07-30T10:49:31Z</time></trkpt><trkpt lat="50.03592" lon="17.75995"><time>2026-07-30T10:49:32Z</time></trkpt><trkpt lat="50.03577" lon="17.76015"><time>2026-07-30T10:49:33Z</time></trkpt><trkpt lat="50.03562" lon="17.76033"><time>2026-07-30T10:49:34Z</time></trkpt><trkpt lat="50.03547" lon="17.76052"><time>2026-07-30T10:49:35Z</time></trkpt><trkpt lat="50.03534" lon="17.76069"><time>2026-07-30T10:49:36Z</time></trkpt><trkpt lat="50.03521" lon="17.76087"><time>2026-07-30T10:49:37Z</time></trkpt><trkpt lat="50.03507" lon="17.76105"><time>2026-07-30T10:49:38Z</time></trkpt><trkpt lat="50.03495" lon="17.76126"><time>2026-07-30T10:49:39Z</time></trkpt><trkpt lat="50.03484" lon="17.7615"><time>2026-07-30T10:49:40Z</time></trkpt><trkpt lat="50.03474" lon="17.76177"><time>2026-07-30T10:49:41Z</time></trkpt><trkpt lat="50.03465" lon="17.76204"><time>2026-07-30T10:49:42Z</time></trkpt><trkpt lat="50.03455" lon="17.76233"><time>2026-07-30T10:49:43Z</time></trkpt><trkpt lat="50.03445" lon="17.76261"><time>2026-07-30T10:49:44Z</time></trkpt><trkpt lat="50.03437" lon="17.76288"><time>2026-07-30T10:49:45Z</time></trkpt><trkpt lat="50.0343" lon="17.76314"><time>2026-07-30T10:49:46Z</time></trkpt><trkpt lat="50.03422" lon="17.76339"><time>2026-07-30T10:49:47Z</time></trkpt><trkpt lat="50.03413" lon="17.76365"><time>2026-07-30T10:49:48Z</time></trkpt><trkpt lat="50.03405" lon="17.76391"><time>2026-07-30T10:49:49Z</time></trkpt><trkpt lat="50.03397" lon="17.76415"><time>2026-07-30T10:49:50Z</time></trkpt><trkpt lat="50.03388" lon="17.76439"><time>2026-07-30T10:49:51Z</time></trkpt><trkpt lat="50.03377" lon="17.76465"><time>2026-07-30T10:49:52Z</time></trkpt><trkpt lat="50.03365" lon="17.7649"><time>2026-07-30T10:49:53Z</time></trkpt><trkpt lat="50.03353" lon="17.76513"><time>2026-07-30T10:49:54Z</time></trkpt><trkpt lat="50.0334" lon="17.76531"><time>2026-07-30T10:49:55Z</time></trkpt><trkpt lat="50.03326" lon="17.76552"><time>2026-07-30T10:49:56Z</time></trkpt><trkpt lat="50.03312" lon="17.76572"><time>2026-07-30T10:49:57Z</time></trkpt><trkpt lat="50.03297" lon="17.76592"><time>2026-07-30T10:49:58Z</time></trkpt><trkpt lat="50.03283" lon="17.76611"><time>2026-07-30T10:49:59Z</time></trkpt><trkpt lat="50.03267" lon="17.76629"><time>2026-07-30T10:50:00Z</time></trkpt><trkpt lat="50.0325" lon="17.76644"><time>2026-07-30T10:50:01Z</time></trkpt><trkpt lat="50.03233" lon="17.76659"><time>2026-07-30T10:50:02Z</time></trkpt><trkpt lat="50.03214" lon="17.76673"><time>2026-07-30T10:50:03Z</time></trkpt><trkpt lat="50.03195" lon="17.76685"><time>2026-07-30T10:50:04Z</time></trkpt><trkpt lat="50.03175" lon="17.76697"><time>2026-07-30T10:50:05Z</time></trkpt><trkpt lat="50.03154" lon="17.76707"><time>2026-07-30T10:50:06Z</time></trkpt><trkpt lat="50.03133" lon="17.76717"><time>2026-07-30T10:50:07Z</time></trkpt><trkpt lat="50.03112" lon="17.76727"><time>2026-07-30T10:50:08Z</time></trkpt><trkpt lat="50.0309" lon="17.76737"><time>2026-07-30T10:50:09Z</time></trkpt><trkpt lat="50.03068" lon="17.76747"><time>2026-07-30T10:50:10Z</time></trkpt><trkpt lat="50.03047" lon="17.76756"><time>2026-07-30T10:50:11Z</time></trkpt><trkpt lat="50.03026" lon="17.76765"><time>2026-07-30T10:50:12Z</time></trkpt><trkpt lat="50.03007" lon="17.76774"><time>2026-07-30T10:50:13Z</time></trkpt><trkpt lat="50.02987" lon="17.76782"><time>2026-07-30T10:50:14Z</time></trkpt><trkpt lat="50.02966" lon="17.76788"><time>2026-07-30T10:50:15Z</time></trkpt><trkpt lat="50.02945" lon="17.76795"><time>2026-07-30T10:50:16Z</time></trkpt><trkpt lat="50.02924" lon="17.768"><time>2026-07-30T10:50:17Z</time></trkpt><trkpt lat="50.02904" lon="17.76807"><time>2026-07-30T10:50:18Z</time></trkpt><trkpt lat="50.02883" lon="17.76813"><time>2026-07-30T10:50:19Z</time></trkpt><trkpt lat="50.02862" lon="17.76819"><time>2026-07-30T10:50:20Z</time></trkpt><trkpt lat="50.0284" lon="17.76826"><time>2026-07-30T10:50:21Z</time></trkpt><trkpt lat="50.02819" lon="17.76834"><time>2026-07-30T10:50:22Z</time></trkpt><trkpt lat="50.02795" lon="17.76844"><time>2026-07-30T10:50:23Z</time></trkpt><trkpt lat="50.02772" lon="17.76853"><time>2026-07-30T10:50:24Z</time></trkpt><trkpt lat="50.0275" lon="17.76863"><time>2026-07-30T10:50:25Z</time></trkpt><trkpt lat="50.02727" lon="17.76872"><time>2026-07-30T10:50:26Z</time></trkpt><trkpt lat="50.02703" lon="17.76881"><time>2026-07-30T10:50:27Z</time></trkpt><trkpt lat="50.02682" lon="17.76891"><time>2026-07-30T10:50:28Z</time></trkpt><trkpt lat="50.02659" lon="17.76901"><time>2026-07-30T10:50:29Z</time></trkpt><trkpt lat="50.0264" lon="17.7691"><time>2026-07-30T10:50:30Z</time></trkpt><trkpt lat="50.02619" lon="17.76918"><time>2026-07-30T10:50:31Z</time></trkpt><trkpt lat="50.02597" lon="17.76927"><time>2026-07-30T10:50:32Z</time></trkpt><trkpt lat="50.02575" lon="17.76936"><time>2026-07-30T10:50:33Z</time></trkpt><trkpt lat="50.02553" lon="17.76945"><time>2026-07-30T10:50:34Z</time></trkpt><trkpt lat="50.02531" lon="17.76954"><time>2026-07-30T10:50:35Z</time></trkpt><trkpt lat="50.0251" lon="17.76963"><time>2026-07-30T10:50:36Z</time></trkpt><trkpt lat="50.0249" lon="17.76971"><time>2026-07-30T10:50:37Z</time></trkpt><trkpt lat="50.02471" lon="17.76979"><time>2026-07-30T10:50:38Z</time></trkpt><trkpt lat="50.02453" lon="17.76986"><time>2026-07-30T10:50:39Z</time></trkpt><trkpt lat="50.02435" lon="17.76993"><time>2026-07-30T10:50:40Z</time></trkpt><trkpt lat="50.02418" lon="17.77"><time>2026-07-30T10:50:41Z</time></trkpt><trkpt lat="50.02403" lon="17.77007"><time>2026-07-30T10:50:42Z</time></trkpt><trkpt lat="50.02387" lon="17.77014"><time>2026-07-30T10:50:43Z</time></trkpt><trkpt lat="50.02372" lon="17.7702"><time>2026-07-30T10:50:44Z</time></trkpt><trkpt lat="50.02358" lon="17.77026"><time>2026-07-30T10:50:45Z</time></trkpt><trkpt lat="50.02345" lon="17.77031"><time>2026-07-30T10:50:46Z</time></trkpt><trkpt lat="50.02332" lon="17.77037"><time>2026-07-30T10:50:47Z</time></trkpt><trkpt lat="50.02319" lon="17.77044"><time>2026-07-30T10:50:48Z</time></trkpt><trkpt lat="50.02305" lon="17.77053"><time>2026-07-30T10:50:49Z</time></trkpt><trkpt lat="50.02292" lon="17.77064"><time>2026-07-30T10:50:50Z</time></trkpt><trkpt lat="50.0228" lon="17.77076"><time>2026-07-30T10:50:51Z</time></trkpt><trkpt lat="50.02267" lon="17.77089"><time>2026-07-30T10:50:52Z</time></trkpt><trkpt lat="50.02255" lon="17.77101"><time>2026-07-30T10:50:53Z</time></trkpt><trkpt lat="50.02243" lon="17.77113"><time>2026-07-30T10:50:54Z</time></trkpt><trkpt lat="50.0223" lon="17.77125"><time>2026-07-30T10:50:55Z</time></trkpt><trkpt lat="50.02217" lon="17.77138"><time>2026-07-30T10:50:56Z</time></trkpt><trkpt lat="50.02203" lon="17.77151"><time>2026-07-30T10:50:57Z</time></trkpt><trkpt lat="50.02191" lon="17.77163"><time>2026-07-30T10:50:58Z</time></trkpt><trkpt lat="50.02179" lon="17.77175"><time>2026-07-30T10:50:59Z</time></trkpt><trkpt lat="50.02167" lon="17.77187"><time>2026-07-30T10:51:00Z</time></trkpt><trkpt lat="50.02156" lon="17.77197"><time>2026-07-30T10:51:01Z</time></trkpt><trkpt lat="50.02145" lon="17.77207"><time>2026-07-30T10:51:02Z</time></trkpt><trkpt lat="50.02132" lon="17.77217"><time>2026-07-30T10:51:03Z</time></trkpt><trkpt lat="50.0212" lon="17.77228"><time>2026-07-30T10:51:04Z</time></trkpt><trkpt lat="50.0211" lon="17.77239"><time>2026-07-30T10:51:05Z</time></trkpt><trkpt lat="50.021" lon="17.7725"><time>2026-07-30T10:51:06Z</time></trkpt><trkpt lat="50.02088" lon="17.7726"><time>2026-07-30T10:51:07Z</time></trkpt><trkpt lat="50.02076" lon="17.7727"><time>2026-07-30T10:51:08Z</time></trkpt><trkpt lat="50.02065" lon="17.77281"><time>2026-07-30T10:51:09Z</time></trkpt><trkpt lat="50.02054" lon="17.77293"><time>2026-07-30T10:51:10Z</time></trkpt><trkpt lat="50.02044" lon="17.77304"><time>2026-07-30T10:51:11Z</time></trkpt><trkpt lat="50.02034" lon="17.77314"><time>2026-07-30T10:51:12Z</time></trkpt><trkpt lat="50.02023" lon="17.77323"><time>2026-07-30T10:51:13Z</time></trkpt><trkpt lat="50.02014" lon="17.77332"><time>2026-07-30T10:51:14Z</time></trkpt><trkpt lat="50.02004" lon="17.77342"><time>2026-07-30T10:51:15Z</time></trkpt><trkpt lat="50.01994" lon="17.77352"><time>2026-07-30T10:51:16Z</time></trkpt><trkpt lat="50.01983" lon="17.77362"><time>2026-07-30T10:51:17Z</time></trkpt><trkpt lat="50.01972" lon="17.77372"><time>2026-07-30T10:51:18Z</time></trkpt><trkpt lat="50.01963" lon="17.77382"><time>2026-07-30T10:51:19Z</time></trkpt><trkpt lat="50.01954" lon="17.77391"><time>2026-07-30T10:51:20Z</time></trkpt><trkpt lat="50.01944" lon="17.774"><time>2026-07-30T10:51:21Z</time></trkpt><trkpt lat="50.01936" lon="17.77409"><time>2026-07-30T10:51:22Z</time></trkpt><trkpt lat="50.01929" lon="17.77416"><time>2026-07-30T10:51:23Z</time></trkpt><trkpt lat="50.01923" lon="17.77421"><time>2026-07-30T10:51:24Z</time></trkpt><trkpt lat="50.01918" lon="17.77425"><time>2026-07-30T10:51:25Z</time></trkpt><trkpt lat="50.01914" lon="17.7743"><time>2026-07-30T10:51:26Z</time></trkpt><trkpt lat="50.01909" lon="17.77435"><time>2026-07-30T10:51:27Z</time></trkpt><trkpt lat="50.01903" lon="17.77441"><time>2026-07-30T10:51:28Z</time></trkpt><trkpt lat="50.01897" lon="17.77448"><time>2026-07-30T10:51:29Z</time></trkpt><trkpt lat="50.01889" lon="17.77457"><time>2026-07-30T10:51:30Z</time></trkpt><trkpt lat="50.01879" lon="17.77465"><time>2026-07-30T10:51:31Z</time></trkpt><trkpt lat="50.01868" lon="17.77472"><time>2026-07-30T10:51:32Z</time></trkpt><trkpt lat="50.01857" lon="17.77482"><time>2026-07-30T10:51:33Z</time></trkpt><trkpt lat="50.01846" lon="17.77493"><time>2026-07-30T10:51:34Z</time></trkpt><trkpt lat="50.01835" lon="17.77504"><time>2026-07-30T10:51:35Z</time></trkpt><trkpt lat="50.01825" lon="17.77517"><time>2026-07-30T10:51:36Z</time></trkpt><trkpt lat="50.01816" lon="17.7753"><time>2026-07-30T10:51:37Z</time></trkpt><trkpt lat="50.01806" lon="17.77543"><time>2026-07-30T10:51:38Z</time></trkpt><trkpt lat="50.01797" lon="17.77557"><time>2026-07-30T10:51:39Z</time></trkpt><trkpt lat="50.01787" lon="17.77571"><time>2026-07-30T10:51:40Z</time></trkpt><trkpt lat="50.01778" lon="17.77586"><time>2026-07-30T10:51:41Z</time></trkpt><trkpt lat="50.01769" lon="17.77599"><time>2026-07-30T10:51:42Z</time></trkpt><trkpt lat="50.01759" lon="17.77614"><time>2026-07-30T10:51:43Z</time></trkpt><trkpt lat="50.01751" lon="17.77629"><time>2026-07-30T10:51:44Z</time></trkpt><trkpt lat="50.01741" lon="17.77643"><time>2026-07-30T10:51:45Z</time></trkpt><trkpt lat="50.01733" lon="17.77658"><time>2026-07-30T10:51:46Z</time></trkpt><trkpt lat="50.01723" lon="17.77672"><time>2026-07-30T10:51:47Z</time></trkpt><trkpt lat="50.01714" lon="17.77686"><time>2026-07-30T10:51:48Z</time></trkpt><trkpt lat="50.01705" lon="17.77701"><time>2026-07-30T10:51:49Z</time></trkpt><trkpt lat="50.01696" lon="17.77715"><time>2026-07-30T10:51:50Z</time></trkpt><trkpt lat="50.01686" lon="17.77731"><time>2026-07-30T10:51:51Z</time></trkpt><trkpt lat="50.01676" lon="17.77746"><time>2026-07-30T10:51:52Z</time></trkpt><trkpt lat="50.01666" lon="17.77761"><time>2026-07-30T10:51:53Z</time></trkpt><trkpt lat="50.01656" lon="17.77776"><time>2026-07-30T10:51:54Z</time></trkpt><trkpt lat="50.01646" lon="17.77792"><time>2026-07-30T10:51:55Z</time></trkpt><trkpt lat="50.01637" lon="17.77807"><time>2026-07-30T10:51:56Z</time></trkpt><trkpt lat="50.01627" lon="17.77824"><time>2026-07-30T10:51:57Z</time></trkpt><trkpt lat="50.01616" lon="17.77841"><time>2026-07-30T10:51:58Z</time></trkpt><trkpt lat="50.01605" lon="17.77856"><time>2026-07-30T10:51:59Z</time></trkpt><trkpt lat="50.01596" lon="17.77871"><time>2026-07-30T10:52:00Z</time></trkpt><trkpt lat="50.01586" lon="17.77887"><time>2026-07-30T10:52:01Z</time></trkpt><trkpt lat="50.01576" lon="17.77902"><time>2026-07-30T10:52:02Z</time></trkpt><trkpt lat="50.01565" lon="17.77919"><time>2026-07-30T10:52:03Z</time></trkpt><trkpt lat="50.01555" lon="17.77935"><time>2026-07-30T10:52:04Z</time></trkpt><trkpt lat="50.01545" lon="17.77951"><time>2026-07-30T10:52:05Z</time></trkpt><trkpt lat="50.01535" lon="17.77966"><time>2026-07-30T10:52:06Z</time></trkpt><trkpt lat="50.01525" lon="17.77981"><time>2026-07-30T10:52:07Z</time></trkpt><trkpt lat="50.01515" lon="17.77997"><time>2026-07-30T10:52:08Z</time></trkpt><trkpt lat="50.01506" lon="17.78012"><time>2026-07-30T10:52:09Z</time></trkpt><trkpt lat="50.01497" lon="17.78025"><time>2026-07-30T10:52:10Z</time></trkpt><trkpt lat="50.01488" lon="17.78039"><time>2026-07-30T10:52:11Z</time></trkpt><trkpt lat="50.01481" lon="17.78051"><time>2026-07-30T10:52:12Z</time></trkpt><trkpt lat="50.01472" lon="17.78065"><time>2026-07-30T10:52:13Z</time></trkpt><trkpt lat="50.01463" lon="17.78078"><time>2026-07-30T10:52:14Z</time></trkpt><trkpt lat="50.01453" lon="17.78093"><time>2026-07-30T10:52:15Z</time></trkpt><trkpt lat="50.01444" lon="17.78108"><time>2026-07-30T10:52:16Z</time></trkpt><trkpt lat="50.01433" lon="17.78125"><time>2026-07-30T10:52:17Z</time></trkpt><trkpt lat="50.01423" lon="17.78141"><time>2026-07-30T10:52:18Z</time></trkpt><trkpt lat="50.01413" lon="17.78156"><time>2026-07-30T10:52:19Z</time></trkpt><trkpt lat="50.01403" lon="17.78172"><time>2026-07-30T10:52:20Z</time></trkpt><trkpt lat="50.01393" lon="17.78188"><time>2026-07-30T10:52:21Z</time></trkpt><trkpt lat="50.01382" lon="17.78204"><time>2026-07-30T10:52:22Z</time></trkpt><trkpt lat="50.01372" lon="17.78219"><time>2026-07-30T10:52:23Z</time></trkpt><trkpt lat="50.01363" lon="17.78234"><time>2026-07-30T10:52:24Z</time></trkpt><trkpt lat="50.01353" lon="17.78249"><time>2026-07-30T10:52:25Z</time></trkpt><trkpt lat="50.01344" lon="17.78264"><time>2026-07-30T10:52:26Z</time></trkpt><trkpt lat="50.01334" lon="17.78279"><time>2026-07-30T10:52:27Z</time></trkpt><trkpt lat="50.01324" lon="17.78295"><time>2026-07-30T10:52:28Z</time></trkpt><trkpt lat="50.01314" lon="17.78313"><time>2026-07-30T10:52:29Z</time></trkpt><trkpt lat="50.01304" lon="17.7833"><time>2026-07-30T10:52:30Z</time></trkpt><trkpt lat="50.01293" lon="17.78348"><time>2026-07-30T10:52:31Z</time></trkpt><trkpt lat="50.01282" lon="17.78364"><time>2026-07-30T10:52:32Z</time></trkpt><trkpt lat="50.0127" lon="17.78382"><time>2026-07-30T10:52:33Z</time></trkpt><trkpt lat="50.01258" lon="17.784"><time>2026-07-30T10:52:34Z</time></trkpt><trkpt lat="50.01246" lon="17.7842"><time>2026-07-30T10:52:35Z</time></trkpt><trkpt lat="50.01234" lon="17.7844"><time>2026-07-30T10:52:36Z</time></trkpt><trkpt lat="50.01222" lon="17.78459"><time>2026-07-30T10:52:37Z</time></trkpt><trkpt lat="50.0121" lon="17.78479"><time>2026-07-30T10:52:38Z</time></trkpt><trkpt lat="50.01197" lon="17.78499"><time>2026-07-30T10:52:39Z</time></trkpt><trkpt lat="50.01185" lon="17.78519"><time>2026-07-30T10:52:40Z</time></trkpt><trkpt lat="50.01173" lon="17.7854"><time>2026-07-30T10:52:41Z</time></trkpt><trkpt lat="50.0116" lon="17.7856"><time>2026-07-30T10:52:42Z</time></trkpt><trkpt lat="50.01147" lon="17.7858"><time>2026-07-30T10:52:43Z</time></trkpt><trkpt lat="50.01134" lon="17.786"><time>2026-07-30T10:52:44Z</time></trkpt><trkpt lat="50.0112" lon="17.78621"><time>2026-07-30T10:52:45Z</time></trkpt><trkpt lat="50.01106" lon="17.78642"><time>2026-07-30T10:52:46Z</time></trkpt><trkpt lat="50.01092" lon="17.78663"><time>2026-07-30T10:52:47Z</time></trkpt><trkpt lat="50.01079" lon="17.78685"><time>2026-07-30T10:52:48Z</time></trkpt><trkpt lat="50.01064" lon="17.78708"><time>2026-07-30T10:52:49Z</time></trkpt><trkpt lat="50.01048" lon="17.7873"><time>2026-07-30T10:52:50Z</time></trkpt><trkpt lat="50.01034" lon="17.78752"><time>2026-07-30T10:52:51Z</time></trkpt><trkpt lat="50.01019" lon="17.78774"><time>2026-07-30T10:52:52Z</time></trkpt><trkpt lat="50.01004" lon="17.78797"><time>2026-07-30T10:52:53Z</time></trkpt><trkpt lat="50.00989" lon="17.78819"><time>2026-07-30T10:52:54Z</time></trkpt><trkpt lat="50.00973" lon="17.78845"><time>2026-07-30T10:52:55Z</time></trkpt><trkpt lat="50.00956" lon="17.78872"><time>2026-07-30T10:52:56Z</time></trkpt><trkpt lat="50.00941" lon="17.78898"><time>2026-07-30T10:52:57Z</time></trkpt><trkpt lat="50.00923" lon="17.78924"><time>2026-07-30T10:52:58Z</time></trkpt><trkpt lat="50.00905" lon="17.78949"><time>2026-07-30T10:52:59Z</time></trkpt><trkpt lat="50.00887" lon="17.78975"><time>2026-07-30T10:53:00Z</time></trkpt><trkpt lat="50.00869" lon="17.79002"><time>2026-07-30T10:53:01Z</time></trkpt><trkpt lat="50.00851" lon="17.79029"><time>2026-07-30T10:53:02Z</time></trkpt><trkpt lat="50.00833" lon="17.79056"><time>2026-07-30T10:53:03Z</time></trkpt><trkpt lat="50.00816" lon="17.79083"><time>2026-07-30T10:53:04Z</time></trkpt><trkpt lat="50.00798" lon="17.7911"><time>2026-07-30T10:53:05Z</time></trkpt><trkpt lat="50.0078" lon="17.79137"><time>2026-07-30T10:53:06Z</time></trkpt><trkpt lat="50.00759" lon="17.79164"><time>2026-07-30T10:53:07Z</time></trkpt><trkpt lat="50.0074" lon="17.79193"><time>2026-07-30T10:53:08Z</time></trkpt><trkpt lat="50.00722" lon="17.7922"><time>2026-07-30T10:53:09Z</time></trkpt><trkpt lat="50.00705" lon="17.79247"><time>2026-07-30T10:53:10Z</time></trkpt><trkpt lat="50.00688" lon="17.79272"><time>2026-07-30T10:53:11Z</time></trkpt><trkpt lat="50.00672" lon="17.79297"><time>2026-07-30T10:53:12Z</time></trkpt><trkpt lat="50.00657" lon="17.79321"><time>2026-07-30T10:53:13Z</time></trkpt><trkpt lat="50.00641" lon="17.79345"><time>2026-07-30T10:53:14Z</time></trkpt><trkpt lat="50.00625" lon="17.79367"><time>2026-07-30T10:53:15Z</time></trkpt><trkpt lat="50.00609" lon="17.79392"><time>2026-07-30T10:53:16Z</time></trkpt><trkpt lat="50.00592" lon="17.79417"><time>2026-07-30T10:53:17Z</time></trkpt><trkpt lat="50.00576" lon="17.79442"><time>2026-07-30T10:53:18Z</time></trkpt><trkpt lat="50.00559" lon="17.79468"><time>2026-07-30T10:53:19Z</time></trkpt><trkpt lat="50.00542" lon="17.79493"><time>2026-07-30T10:53:20Z</time></trkpt><trkpt lat="50.00525" lon="17.79517"><time>2026-07-30T10:53:21Z</time></trkpt><trkpt lat="50.0051" lon="17.79539"><time>2026-07-30T10:53:22Z</time></trkpt><trkpt lat="50.00493" lon="17.79562"><time>2026-07-30T10:53:23Z</time></trkpt><trkpt lat="50.00479" lon="17.79584"><time>2026-07-30T10:53:24Z</time></trkpt><trkpt lat="50.00464" lon="17.79608"><time>2026-07-30T10:53:25Z</time></trkpt><trkpt lat="50.00449" lon="17.79633"><time>2026-07-30T10:53:26Z</time></trkpt><trkpt lat="50.00433" lon="17.79658"><time>2026-07-30T10:53:27Z</time></trkpt><trkpt lat="50.00416" lon="17.79682"><time>2026-07-30T10:53:28Z</time></trkpt><trkpt lat="50.004" lon="17.79708"><time>2026-07-30T10:53:29Z</time></trkpt><trkpt lat="50.00383" lon="17.79734"><time>2026-07-30T10:53:30Z</time></trkpt><trkpt lat="50.00365" lon="17.79761"><time>2026-07-30T10:53:31Z</time></trkpt><trkpt lat="50.00349" lon="17.79786"><time>2026-07-30T10:53:32Z</time></trkpt><trkpt lat="50.00333" lon="17.7981"><time>2026-07-30T10:53:33Z</time></trkpt><trkpt lat="50.00318" lon="17.79832"><time>2026-07-30T10:53:34Z</time></trkpt><trkpt lat="50.00304" lon="17.79854"><time>2026-07-30T10:53:35Z</time></trkpt><trkpt lat="50.0029" lon="17.79874"><time>2026-07-30T10:53:36Z</time></trkpt><trkpt lat="50.00278" lon="17.79894"><time>2026-07-30T10:53:37Z</time></trkpt><trkpt lat="50.00265" lon="17.79913"><time>2026-07-30T10:53:38Z</time></trkpt><trkpt lat="50.00254" lon="17.7993"><time>2026-07-30T10:53:39Z</time></trkpt><trkpt lat="50.00242" lon="17.79945"><time>2026-07-30T10:53:40Z</time></trkpt><trkpt lat="50.00231" lon="17.79961"><time>2026-07-30T10:53:41Z</time></trkpt><trkpt lat="50.0022" lon="17.79975"><time>2026-07-30T10:53:42Z</time></trkpt><trkpt lat="50.0021" lon="17.7999"><time>2026-07-30T10:53:43Z</time></trkpt><trkpt lat="50.00199" lon="17.80004"><time>2026-07-30T10:53:44Z</time></trkpt><trkpt lat="50.0019" lon="17.80019"><time>2026-07-30T10:53:45Z</time></trkpt><trkpt lat="50.00182" lon="17.80034"><time>2026-07-30T10:53:46Z</time></trkpt><trkpt lat="50.00173" lon="17.80047"><time>2026-07-30T10:53:47Z</time></trkpt><trkpt lat="50.00165" lon="17.80059"><time>2026-07-30T10:53:48Z</time></trkpt><trkpt lat="50.00157" lon="17.80071"><time>2026-07-30T10:53:49Z</time></trkpt><trkpt lat="50.00149" lon="17.80086"><time>2026-07-30T10:53:50Z</time></trkpt><trkpt lat="50.0014" lon="17.801"><time>2026-07-30T10:53:51Z</time></trkpt><trkpt lat="50.00132" lon="17.80114"><time>2026-07-30T10:53:52Z</time></trkpt><trkpt lat="50.00123" lon="17.80127"><time>2026-07-30T10:53:53Z</time></trkpt><trkpt lat="50.00114" lon="17.80143"><time>2026-07-30T10:53:54Z</time></trkpt><trkpt lat="50.00103" lon="17.80157"><time>2026-07-30T10:53:55Z</time></trkpt><trkpt lat="50.00094" lon="17.80171"><time>2026-07-30T10:53:56Z</time></trkpt><trkpt lat="50.00085" lon="17.80185"><time>2026-07-30T10:53:57Z</time></trkpt><trkpt lat="50.00076" lon="17.802"><time>2026-07-30T10:53:58Z</time></trkpt><trkpt lat="50.00067" lon="17.80213"><time>2026-07-30T10:53:59Z</time></trkpt><trkpt lat="50.00059" lon="17.80226"><time>2026-07-30T10:54:00Z</time></trkpt><trkpt lat="50.00051" lon="17.80238"><time>2026-07-30T10:54:01Z</time></trkpt><trkpt lat="50.00044" lon="17.80249"><time>2026-07-30T10:54:02Z</time></trkpt><trkpt lat="50.00035" lon="17.80262"><time>2026-07-30T10:54:03Z</time></trkpt><trkpt lat="50.00027" lon="17.80276"><time>2026-07-30T10:54:04Z</time></trkpt><trkpt lat="50.00017" lon="17.80292"><time>2026-07-30T10:54:05Z</time></trkpt><trkpt lat="50.00007" lon="17.80308"><time>2026-07-30T10:54:06Z</time></trkpt><trkpt lat="49.99997" lon="17.80325"><time>2026-07-30T10:54:07Z</time></trkpt><trkpt lat="49.99986" lon="17.80344"><time>2026-07-30T10:54:08Z</time></trkpt><trkpt lat="49.99975" lon="17.80361"><time>2026-07-30T10:54:09Z</time></trkpt><trkpt lat="49.99963" lon="17.8038"><time>2026-07-30T10:54:10Z</time></trkpt><trkpt lat="49.99951" lon="17.804"><time>2026-07-30T10:54:11Z</time></trkpt><trkpt lat="49.99939" lon="17.8042"><time>2026-07-30T10:54:12Z</time></trkpt><trkpt lat="49.99927" lon="17.80439"><time>2026-07-30T10:54:13Z</time></trkpt><trkpt lat="49.99916" lon="17.80457"><time>2026-07-30T10:54:14Z</time></trkpt><trkpt lat="49.99904" lon="17.80474"><time>2026-07-30T10:54:15Z</time></trkpt><trkpt lat="49.99894" lon="17.80493"><time>2026-07-30T10:54:16Z</time></trkpt><trkpt lat="49.99883" lon="17.80511"><time>2026-07-30T10:54:17Z</time></trkpt><trkpt lat="49.99872" lon="17.80529"><time>2026-07-30T10:54:18Z</time></trkpt><trkpt lat="49.99861" lon="17.80548"><time>2026-07-30T10:54:19Z</time></trkpt><trkpt lat="49.9985" lon="17.80565"><time>2026-07-30T10:54:20Z</time></trkpt><trkpt lat="49.99839" lon="17.80583"><time>2026-07-30T10:54:21Z</time></trkpt><trkpt lat="49.99828" lon="17.806"><time>2026-07-30T10:54:22Z</time></trkpt><trkpt lat="49.99818" lon="17.80617"><time>2026-07-30T10:54:23Z</time></trkpt><trkpt lat="49.99808" lon="17.80634"><time>2026-07-30T10:54:24Z</time></trkpt><trkpt lat="49.99798" lon="17.80651"><time>2026-07-30T10:54:25Z</time></trkpt><trkpt lat="49.99787" lon="17.80668"><time>2026-07-30T10:54:26Z</time></trkpt><trkpt lat="49.99777" lon="17.80686"><time>2026-07-30T10:54:27Z</time></trkpt><trkpt lat="49.99766" lon="17.80703"><time>2026-07-30T10:54:28Z</time></trkpt><trkpt lat="49.99754" lon="17.80721"><time>2026-07-30T10:54:29Z</time></trkpt><trkpt lat="49.99743" lon="17.8074"><time>2026-07-30T10:54:30Z</time></trkpt><trkpt lat="49.99732" lon="17.80759"><time>2026-07-30T10:54:31Z</time></trkpt><trkpt lat="49.99721" lon="17.80777"><time>2026-07-30T10:54:32Z</time></trkpt><trkpt lat="49.9971" lon="17.80796"><time>2026-07-30T10:54:33Z</time></trkpt><trkpt lat="49.99699" lon="17.80814"><time>2026-07-30T10:54:34Z</time></trkpt><trkpt lat="49.99687" lon="17.80833"><time>2026-07-30T10:54:35Z</time></trkpt><trkpt lat="49.99675" lon="17.80852"><time>2026-07-30T10:54:36Z</time></trkpt><trkpt lat="49.99665" lon="17.80871"><time>2026-07-30T10:54:37Z</time></trkpt><trkpt lat="49.99654" lon="17.8089"><time>2026-07-30T10:54:38Z</time></trkpt><trkpt lat="49.99644" lon="17.80907"><time>2026-07-30T10:54:39Z</time></trkpt><trkpt lat="49.99634" lon="17.80923"><time>2026-07-30T10:54:40Z</time></trkpt><trkpt lat="49.99623" lon="17.80941"><time>2026-07-30T10:54:41Z</time></trkpt><trkpt lat="49.99613" lon="17.80958"><time>2026-07-30T10:54:42Z</time></trkpt><trkpt lat="49.99604" lon="17.80974"><time>2026-07-30T10:54:43Z</time></trkpt><trkpt lat="49.99595" lon="17.8099"><time>2026-07-30T10:54:44Z</time></trkpt><trkpt lat="49.99586" lon="17.81005"><time>2026-07-30T10:54:45Z</time></trkpt><trkpt lat="49.99577" lon="17.81019"><time>2026-07-30T10:54:46Z</time></trkpt><trkpt lat="49.9957" lon="17.81033"><time>2026-07-30T10:54:47Z</time></trkpt><trkpt lat="49.99562" lon="17.81048"><time>2026-07-30T10:54:48Z</time></trkpt><trkpt lat="49.99553" lon="17.81066"><time>2026-07-30T10:54:49Z</time></trkpt><trkpt lat="49.99544" lon="17.81082"><time>2026-07-30T10:54:50Z</time></trkpt><trkpt lat="49.99536" lon="17.81098"><time>2026-07-30T10:54:51Z</time></trkpt><trkpt lat="49.99528" lon="17.81113"><time>2026-07-30T10:54:52Z</time></trkpt><trkpt lat="49.99519" lon="17.8113"><time>2026-07-30T10:54:53Z</time></trkpt><trkpt lat="49.9951" lon="17.81146"><time>2026-07-30T10:54:54Z</time></trkpt><trkpt lat="49.99502" lon="17.81162"><time>2026-07-30T10:54:55Z</time></trkpt><trkpt lat="49.99493" lon="17.8118"><time>2026-07-30T10:54:56Z</time></trkpt><trkpt lat="49.99484" lon="17.81197"><time>2026-07-30T10:54:57Z</time></trkpt><trkpt lat="49.99476" lon="17.81213"><time>2026-07-30T10:54:58Z</time></trkpt><trkpt lat="49.99467" lon="17.81228"><time>2026-07-30T10:54:59Z</time></trkpt><trkpt lat="49.99459" lon="17.81243"><time>2026-07-30T10:55:00Z</time></trkpt><trkpt lat="49.9945" lon="17.8126"><time>2026-07-30T10:55:01Z</time></trkpt><trkpt lat="49.99441" lon="17.81278"><time>2026-07-30T10:55:02Z</time></trkpt><trkpt lat="49.99432" lon="17.81295"><time>2026-07-30T10:55:03Z</time></trkpt><trkpt lat="49.99423" lon="17.81312"><time>2026-07-30T10:55:04Z</time></trkpt><trkpt lat="49.99414" lon="17.8133"><time>2026-07-30T10:55:05Z</time></trkpt><trkpt lat="49.99405" lon="17.81349"><time>2026-07-30T10:55:06Z</time></trkpt><trkpt lat="49.99394" lon="17.8137"><time>2026-07-30T10:55:07Z</time></trkpt><trkpt lat="49.99384" lon="17.8139"><time>2026-07-30T10:55:08Z</time></trkpt><trkpt lat="49.99374" lon="17.81411"><time>2026-07-30T10:55:09Z</time></trkpt><trkpt lat="49.99363" lon="17.81434"><time>2026-07-30T10:55:10Z</time></trkpt><trkpt lat="49.99351" lon="17.81458"><time>2026-07-30T10:55:11Z</time></trkpt><trkpt lat="49.99338" lon="17.81482"><time>2026-07-30T10:55:12Z</time></trkpt><trkpt lat="49.99326" lon="17.81507"><time>2026-07-30T10:55:13Z</time></trkpt><trkpt lat="49.99313" lon="17.81532"><time>2026-07-30T10:55:14Z</time></trkpt><trkpt lat="49.99299" lon="17.81558"><time>2026-07-30T10:55:15Z</time></trkpt><trkpt lat="49.99286" lon="17.81584"><time>2026-07-30T10:55:16Z</time></trkpt><trkpt lat="49.99272" lon="17.81611"><time>2026-07-30T10:55:17Z</time></trkpt><trkpt lat="49.99259" lon="17.81638"><time>2026-07-30T10:55:18Z</time></trkpt><trkpt lat="49.99245" lon="17.81665"><time>2026-07-30T10:55:19Z</time></trkpt><trkpt lat="49.99231" lon="17.81693"><time>2026-07-30T10:55:20Z</time></trkpt><trkpt lat="49.99217" lon="17.81721"><time>2026-07-30T10:55:21Z</time></trkpt><trkpt lat="49.99203" lon="17.81749"><time>2026-07-30T10:55:22Z</time></trkpt><trkpt lat="49.99189" lon="17.81777"><time>2026-07-30T10:55:23Z</time></trkpt><trkpt lat="49.99175" lon="17.81804"><time>2026-07-30T10:55:24Z</time></trkpt><trkpt lat="49.9916" lon="17.81834"><time>2026-07-30T10:55:25Z</time></trkpt><trkpt lat="49.99146" lon="17.81862"><time>2026-07-30T10:55:26Z</time></trkpt><trkpt lat="49.99131" lon="17.81891"><time>2026-07-30T10:55:27Z</time></trkpt><trkpt lat="49.99117" lon="17.81919"><time>2026-07-30T10:55:28Z</time></trkpt><trkpt lat="49.99103" lon="17.81946"><time>2026-07-30T10:55:29Z</time></trkpt><trkpt lat="49.99088" lon="17.81974"><time>2026-07-30T10:55:30Z</time></trkpt><trkpt lat="49.99074" lon="17.82002"><time>2026-07-30T10:55:31Z</time></trkpt><trkpt lat="49.9906" lon="17.82029"><time>2026-07-30T10:55:32Z</time></trkpt><trkpt lat="49.99046" lon="17.82058"><time>2026-07-30T10:55:33Z</time></trkpt><trkpt lat="49.99031" lon="17.82086"><time>2026-07-30T10:55:34Z</time></trkpt><trkpt lat="49.99017" lon="17.82114"><time>2026-07-30T10:55:35Z</time></trkpt><trkpt lat="49.99003" lon="17.82143"><time>2026-07-30T10:55:36Z</time></trkpt><trkpt lat="49.98988" lon="17.82171"><time>2026-07-30T10:55:37Z</time></trkpt><trkpt lat="49.98973" lon="17.822"><time>2026-07-30T10:55:38Z</time></trkpt><trkpt lat="49.98958" lon="17.8223"><time>2026-07-30T10:55:39Z</time></trkpt><trkpt lat="49.98943" lon="17.8226"><time>2026-07-30T10:55:40Z</time></trkpt><trkpt lat="49.98927" lon="17.8229"><time>2026-07-30T10:55:41Z</time></trkpt><trkpt lat="49.98912" lon="17.82318"><time>2026-07-30T10:55:42Z</time></trkpt><trkpt lat="49.98897" lon="17.82348"><time>2026-07-30T10:55:43Z</time></trkpt><trkpt lat="49.98882" lon="17.82379"><time>2026-07-30T10:55:44Z</time></trkpt><trkpt lat="49.98866" lon="17.82409"><time>2026-07-30T10:55:45Z</time></trkpt><trkpt lat="49.9885" lon="17.82441"><time>2026-07-30T10:55:46Z</time></trkpt><trkpt lat="49.98834" lon="17.82472"><time>2026-07-30T10:55:47Z</time></trkpt><trkpt lat="49.98818" lon="17.82502"><time>2026-07-30T10:55:48Z</time></trkpt><trkpt lat="49.98803" lon="17.82535"><time>2026-07-30T10:55:49Z</time></trkpt><trkpt lat="49.98786" lon="17.82567"><time>2026-07-30T10:55:50Z</time></trkpt><trkpt lat="49.9877" lon="17.82599"><time>2026-07-30T10:55:51Z</time></trkpt><trkpt lat="49.98753" lon="17.82633"><time>2026-07-30T10:55:52Z</time></trkpt><trkpt lat="49.98735" lon="17.82666"><time>2026-07-30T10:55:53Z</time></trkpt><trkpt lat="49.98719" lon="17.827"><time>2026-07-30T10:55:54Z</time></trkpt><trkpt lat="49.98702" lon="17.82732"><time>2026-07-30T10:55:55Z</time></trkpt><trkpt lat="49.98685" lon="17.82765"><time>2026-07-30T10:55:56Z</time></trkpt><trkpt lat="49.98669" lon="17.82798"><time>2026-07-30T10:55:57Z</time></trkpt><trkpt lat="49.98653" lon="17.82831"><time>2026-07-30T10:55:58Z</time></trkpt><trkpt lat="49.98635" lon="17.82864"><time>2026-07-30T10:55:59Z</time></trkpt><trkpt lat="49.98619" lon="17.82897"><time>2026-07-30T10:56:00Z</time></trkpt><trkpt lat="49.98602" lon="17.82931"><time>2026-07-30T10:56:01Z</time></trkpt><trkpt lat="49.98585" lon="17.82963"><time>2026-07-30T10:56:02Z</time></trkpt><trkpt lat="49.98569" lon="17.82996"><time>2026-07-30T10:56:03Z</time></trkpt><trkpt lat="49.98552" lon="17.8303"><time>2026-07-30T10:56:04Z</time></trkpt><trkpt lat="49.98536" lon="17.83063"><time>2026-07-30T10:56:05Z</time></trkpt><trkpt lat="49.98519" lon="17.83095"><time>2026-07-30T10:56:06Z</time></trkpt><trkpt lat="49.98503" lon="17.83127"><time>2026-07-30T10:56:07Z</time></trkpt><trkpt lat="49.98486" lon="17.8316"><time>2026-07-30T10:56:08Z</time></trkpt><trkpt lat="49.98469" lon="17.83193"><time>2026-07-30T10:56:09Z</time></trkpt><trkpt lat="49.98452" lon="17.83226"><time>2026-07-30T10:56:10Z</time></trkpt><trkpt lat="49.98435" lon="17.8326"><time>2026-07-30T10:56:11Z</time></trkpt><trkpt lat="49.98419" lon="17.83293"><time>2026-07-30T10:56:12Z</time></trkpt><trkpt lat="49.98402" lon="17.83326"><time>2026-07-30T10:56:13Z</time></trkpt><trkpt lat="49.98386" lon="17.83359"><time>2026-07-30T10:56:14Z</time></trkpt><trkpt lat="49.98369" lon="17.83391"><time>2026-07-30T10:56:15Z</time></trkpt><trkpt lat="49.98352" lon="17.83424"><time>2026-07-30T10:56:16Z</time></trkpt><trkpt lat="49.98336" lon="17.83457"><time>2026-07-30T10:56:17Z</time></trkpt><trkpt lat="49.98319" lon="17.8349"><time>2026-07-30T10:56:18Z</time></trkpt><trkpt lat="49.98303" lon="17.83522"><time>2026-07-30T10:56:19Z</time></trkpt><trkpt lat="49.98286" lon="17.83555"><time>2026-07-30T10:56:20Z</time></trkpt><trkpt lat="49.9827" lon="17.83587"><time>2026-07-30T10:56:21Z</time></trkpt><trkpt lat="49.98253" lon="17.8362"><time>2026-07-30T10:56:22Z</time></trkpt><trkpt lat="49.98236" lon="17.83654"><time>2026-07-30T10:56:23Z</time></trkpt><trkpt lat="49.98219" lon="17.83688"><time>2026-07-30T10:56:24Z</time></trkpt><trkpt lat="49.98202" lon="17.83722"><time>2026-07-30T10:56:25Z</time></trkpt><trkpt lat="49.98185" lon="17.83755"><time>2026-07-30T10:56:26Z</time></trkpt><trkpt lat="49.98169" lon="17.83787"><time>2026-07-30T10:56:27Z</time></trkpt><trkpt lat="49.98152" lon="17.83819"><time>2026-07-30T10:56:28Z</time></trkpt><trkpt lat="49.98136" lon="17.83851"><time>2026-07-30T10:56:29Z</time></trkpt><trkpt lat="49.9812" lon="17.83883"><time>2026-07-30T10:56:30Z</time></trkpt><trkpt lat="49.98104" lon="17.83914"><time>2026-07-30T10:56:31Z</time></trkpt><trkpt lat="49.98088" lon="17.83946"><time>2026-07-30T10:56:32Z</time></trkpt><trkpt lat="49.98073" lon="17.83976"><time>2026-07-30T10:56:33Z</time></trkpt><trkpt lat="49.98058" lon="17.84004"><time>2026-07-30T10:56:34Z</time></trkpt><trkpt lat="49.98044" lon="17.84032"><time>2026-07-30T10:56:35Z</time></trkpt><trkpt lat="49.9803" lon="17.84061"><time>2026-07-30T10:56:36Z</time></trkpt><trkpt lat="49.98015" lon="17.8409"><time>2026-07-30T10:56:37Z</time></trkpt><trkpt lat="49.98" lon="17.84119"><time>2026-07-30T10:56:38Z</time></trkpt><trkpt lat="49.97985" lon="17.84148"><time>2026-07-30T10:56:39Z</time></trkpt><trkpt lat="49.9797" lon="17.84178"><time>2026-07-30T10:56:40Z</time></trkpt><trkpt lat="49.97955" lon="17.84206"><time>2026-07-30T10:56:41Z</time></trkpt><trkpt lat="49.97941" lon="17.84233"><time>2026-07-30T10:56:42Z</time></trkpt><trkpt lat="49.97927" lon="17.84261"><time>2026-07-30T10:56:43Z</time></trkpt><trkpt lat="49.97913" lon="17.84288"><time>2026-07-30T10:56:44Z</time></trkpt><trkpt lat="49.97899" lon="17.84317"><time>2026-07-30T10:56:45Z</time></trkpt><trkpt lat="49.97885" lon="17.84345"><time>2026-07-30T10:56:46Z</time></trkpt><trkpt lat="49.97871" lon="17.84374"><time>2026-07-30T10:56:47Z</time></trkpt><trkpt lat="49.97857" lon="17.84403"><time>2026-07-30T10:56:48Z</time></trkpt><trkpt lat="49.97843" lon="17.84431"><time>2026-07-30T10:56:49Z</time></trkpt><trkpt lat="49.97828" lon="17.84461"><time>2026-07-30T10:56:50Z</time></trkpt><trkpt lat="49.97813" lon="17.84492"><time>2026-07-30T10:56:51Z</time></trkpt><trkpt lat="49.97798" lon="17.84521"><time>2026-07-30T10:56:52Z</time></trkpt><trkpt lat="49.97783" lon="17.84551"><time>2026-07-30T10:56:53Z</time></trkpt><trkpt lat="49.97768" lon="17.84581"><time>2026-07-30T10:56:54Z</time></trkpt><trkpt lat="49.97753" lon="17.84609"><time>2026-07-30T10:56:55Z</time></trkpt><trkpt lat="49.97739" lon="17.84637"><time>2026-07-30T10:56:56Z</time></trkpt><trkpt lat="49.97725" lon="17.84666"><time>2026-07-30T10:56:57Z</time></trkpt><trkpt lat="49.9771" lon="17.84694"><time>2026-07-30T10:56:58Z</time></trkpt><trkpt lat="49.97695" lon="17.84723"><time>2026-07-30T10:56:59Z</time></trkpt><trkpt lat="49.97681" lon="17.84751"><time>2026-07-30T10:57:00Z</time></trkpt><trkpt lat="49.97667" lon="17.84779"><time>2026-07-30T10:57:01Z</time></trkpt><trkpt lat="49.97653" lon="17.84807"><time>2026-07-30T10:57:02Z</time></trkpt><trkpt lat="49.97639" lon="17.84834"><time>2026-07-30T10:57:03Z</time></trkpt><trkpt lat="49.97625" lon="17.84861"><time>2026-07-30T10:57:04Z</time></trkpt><trkpt lat="49.97612" lon="17.84887"><time>2026-07-30T10:57:05Z</time></trkpt><trkpt lat="49.97598" lon="17.84913"><time>2026-07-30T10:57:06Z</time></trkpt><trkpt lat="49.97584" lon="17.84939"><time>2026-07-30T10:57:07Z</time></trkpt><trkpt lat="49.9757" lon="17.84967"><time>2026-07-30T10:57:08Z</time></trkpt><trkpt lat="49.97556" lon="17.84993"><time>2026-07-30T10:57:09Z</time></trkpt><trkpt lat="49.97542" lon="17.85019"><time>2026-07-30T10:57:10Z</time></trkpt><trkpt lat="49.97531" lon="17.8504"><time>2026-07-30T10:57:11Z</time></trkpt><trkpt lat="49.97517" lon="17.85065"><time>2026-07-30T10:57:12Z</time></trkpt><trkpt lat="49.97502" lon="17.85089"><time>2026-07-30T10:57:13Z</time></trkpt><trkpt lat="49.97488" lon="17.85113"><time>2026-07-30T10:57:14Z</time></trkpt><trkpt lat="49.97472" lon="17.85137"><time>2026-07-30T10:57:15Z</time></trkpt><trkpt lat="49.97456" lon="17.85162"><time>2026-07-30T10:57:16Z</time></trkpt><trkpt lat="49.9744" lon="17.85185"><time>2026-07-30T10:57:17Z</time></trkpt><trkpt lat="49.97425" lon="17.85209"><time>2026-07-30T10:57:18Z</time></trkpt><trkpt lat="49.97409" lon="17.85231"><time>2026-07-30T10:57:19Z</time></trkpt><trkpt lat="49.97393" lon="17.85253"><time>2026-07-30T10:57:20Z</time></trkpt><trkpt lat="49.97377" lon="17.85274"><time>2026-07-30T10:57:21Z</time></trkpt><trkpt lat="49.9736" lon="17.85295"><time>2026-07-30T10:57:22Z</time></trkpt><trkpt lat="49.97344" lon="17.85315"><time>2026-07-30T10:57:23Z</time></trkpt><trkpt lat="49.97328" lon="17.85334"><time>2026-07-30T10:57:24Z</time></trkpt><trkpt lat="49.97311" lon="17.85353"><time>2026-07-30T10:57:25Z</time></trkpt><trkpt lat="49.97295" lon="17.85371"><time>2026-07-30T10:57:26Z</time></trkpt><trkpt lat="49.97278" lon="17.8539"><time>2026-07-30T10:57:27Z</time></trkpt><trkpt lat="49.97261" lon="17.85408"><time>2026-07-30T10:57:28Z</time></trkpt><trkpt lat="49.97244" lon="17.85426"><time>2026-07-30T10:57:29Z</time></trkpt><trkpt lat="49.97226" lon="17.85444"><time>2026-07-30T10:57:30Z</time></trkpt><trkpt lat="49.97208" lon="17.85461"><time>2026-07-30T10:57:31Z</time></trkpt><trkpt lat="49.9719" lon="17.85478"><time>2026-07-30T10:57:32Z</time></trkpt><trkpt lat="49.97173" lon="17.85494"><time>2026-07-30T10:57:33Z</time></trkpt><trkpt lat="49.97158" lon="17.85506"><time>2026-07-30T10:57:34Z</time></trkpt><trkpt lat="49.97143" lon="17.85518"><time>2026-07-30T10:57:35Z</time></trkpt><trkpt lat="49.97128" lon="17.85531"><time>2026-07-30T10:57:36Z</time></trkpt><trkpt lat="49.97112" lon="17.85545"><time>2026-07-30T10:57:37Z</time></trkpt><trkpt lat="49.97095" lon="17.85558"><time>2026-07-30T10:57:38Z</time></trkpt><trkpt lat="49.97078" lon="17.85571"><time>2026-07-30T10:57:39Z</time></trkpt><trkpt lat="49.9706" lon="17.85585"><time>2026-07-30T10:57:40Z</time></trkpt><trkpt lat="49.97043" lon="17.85599"><time>2026-07-30T10:57:41Z</time></trkpt><trkpt lat="49.97027" lon="17.85613"><time>2026-07-30T10:57:42Z</time></trkpt><trkpt lat="49.97011" lon="17.85626"><time>2026-07-30T10:57:43Z</time></trkpt><trkpt lat="49.96995" lon="17.85638"><time>2026-07-30T10:57:44Z</time></trkpt><trkpt lat="49.9698" lon="17.85651"><time>2026-07-30T10:57:45Z</time></trkpt><trkpt lat="49.96965" lon="17.85662"><time>2026-07-30T10:57:46Z</time></trkpt><trkpt lat="49.9695" lon="17.85673"><time>2026-07-30T10:57:47Z</time></trkpt><trkpt lat="49.96935" lon="17.85685"><time>2026-07-30T10:57:48Z</time></trkpt><trkpt lat="49.9692" lon="17.85695"><time>2026-07-30T10:57:49Z</time></trkpt><trkpt lat="49.96905" lon="17.85707"><time>2026-07-30T10:57:50Z</time></trkpt><trkpt lat="49.96892" lon="17.85719"><time>2026-07-30T10:57:51Z</time></trkpt><trkpt lat="49.96877" lon="17.8573"><time>2026-07-30T10:57:52Z</time></trkpt><trkpt lat="49.96861" lon="17.85743"><time>2026-07-30T10:57:53Z</time></trkpt><trkpt lat="49.96844" lon="17.85757"><time>2026-07-30T10:57:54Z</time></trkpt><trkpt lat="49.96827" lon="17.85771"><time>2026-07-30T10:57:55Z</time></trkpt><trkpt lat="49.96809" lon="17.85787"><time>2026-07-30T10:57:56Z</time></trkpt><trkpt lat="49.96792" lon="17.85801"><time>2026-07-30T10:57:57Z</time></trkpt><trkpt lat="49.96775" lon="17.85814"><time>2026-07-30T10:57:58Z</time></trkpt><trkpt lat="49.96758" lon="17.85828"><time>2026-07-30T10:57:59Z</time></trkpt><trkpt lat="49.96742" lon="17.85841"><time>2026-07-30T10:58:00Z</time></trkpt><trkpt lat="49.96725" lon="17.85855"><time>2026-07-30T10:58:01Z</time></trkpt><trkpt lat="49.96707" lon="17.8587"><time>2026-07-30T10:58:02Z</time></trkpt><trkpt lat="49.9669" lon="17.85883"><time>2026-07-30T10:58:03Z</time></trkpt><trkpt lat="49.96674" lon="17.85896"><time>2026-07-30T10:58:04Z</time></trkpt><trkpt lat="49.96658" lon="17.85908"><time>2026-07-30T10:58:05Z</time></trkpt><trkpt lat="49.96642" lon="17.8592"><time>2026-07-30T10:58:06Z</time></trkpt><trkpt lat="49.96626" lon="17.85933"><time>2026-07-30T10:58:07Z</time></trkpt><trkpt lat="49.9661" lon="17.85946"><time>2026-07-30T10:58:08Z</time></trkpt><trkpt lat="49.96594" lon="17.85959"><time>2026-07-30T10:58:09Z</time></trkpt><trkpt lat="49.96579" lon="17.85971"><time>2026-07-30T10:58:10Z</time></trkpt><trkpt lat="49.96564" lon="17.85983"><time>2026-07-30T10:58:11Z</time></trkpt><trkpt lat="49.96551" lon="17.85994"><time>2026-07-30T10:58:12Z</time></trkpt><trkpt lat="49.96538" lon="17.86005"><time>2026-07-30T10:58:13Z</time></trkpt><trkpt lat="49.96525" lon="17.86014"><time>2026-07-30T10:58:14Z</time></trkpt><trkpt lat="49.96512" lon="17.86023"><time>2026-07-30T10:58:15Z</time></trkpt><trkpt lat="49.96499" lon="17.8603"><time>2026-07-30T10:58:16Z</time></trkpt><trkpt lat="49.96488" lon="17.86034"><time>2026-07-30T10:58:17Z</time></trkpt><trkpt lat="49.96475" lon="17.86035"><time>2026-07-30T10:58:18Z</time></trkpt><trkpt lat="49.96462" lon="17.86034"><time>2026-07-30T10:58:19Z</time></trkpt><trkpt lat="49.9645" lon="17.86032"><time>2026-07-30T10:58:20Z</time></trkpt><trkpt lat="49.9644" lon="17.86028"><time>2026-07-30T10:58:21Z</time></trkpt><trkpt lat="49.9643" lon="17.86024"><time>2026-07-30T10:58:22Z</time></trkpt><trkpt lat="49.96423" lon="17.86019"><time>2026-07-30T10:58:23Z</time></trkpt><trkpt lat="49.96416" lon="17.86015"><time>2026-07-30T10:58:24Z</time></trkpt><trkpt lat="49.96412" lon="17.86012"><time>2026-07-30T10:58:25Z</time></trkpt><trkpt lat="49.96409" lon="17.86009"><time>2026-07-30T10:58:26Z</time></trkpt><trkpt lat="49.96407" lon="17.86006"><time>2026-07-30T10:58:27Z</time></trkpt><trkpt lat="49.96403" lon="17.86001"><time>2026-07-30T10:58:28Z</time></trkpt><trkpt lat="49.964" lon="17.85994"><time>2026-07-30T10:58:29Z</time></trkpt><trkpt lat="49.96396" lon="17.85985"><time>2026-07-30T10:58:30Z</time></trkpt><trkpt lat="49.96391" lon="17.85978"><time>2026-07-30T10:58:31Z</time></trkpt><trkpt lat="49.96386" lon="17.85971"><time>2026-07-30T10:58:32Z</time></trkpt><trkpt lat="49.96378" lon="17.85971"><time>2026-07-30T10:58:33Z</time></trkpt><trkpt lat="49.96373" lon="17.85973"><time>2026-07-30T10:58:34Z</time></trkpt><trkpt lat="49.96368" lon="17.85979"><time>2026-07-30T10:58:35Z</time></trkpt><trkpt lat="49.96365" lon="17.85989"><time>2026-07-30T10:58:36Z</time></trkpt><trkpt lat="49.96363" lon="17.85999"><time>2026-07-30T10:58:37Z</time></trkpt><trkpt lat="49.96366" lon="17.86014"><time>2026-07-30T10:58:38Z</time></trkpt><trkpt lat="49.96368" lon="17.8603"><time>2026-07-30T10:58:39Z</time></trkpt><trkpt lat="49.96369" lon="17.8605"><time>2026-07-30T10:58:40Z</time></trkpt><trkpt lat="49.96365" lon="17.86071"><time>2026-07-30T10:58:41Z</time></trkpt><trkpt lat="49.96361" lon="17.86094"><time>2026-07-30T10:58:42Z</time></trkpt><trkpt lat="49.96357" lon="17.86117"><time>2026-07-30T10:58:43Z</time></trkpt><trkpt lat="49.96352" lon="17.86143"><time>2026-07-30T10:58:44Z</time></trkpt><trkpt lat="49.96349" lon="17.86169"><time>2026-07-30T10:58:45Z</time></trkpt><trkpt lat="49.96345" lon="17.86199"><time>2026-07-30T10:58:46Z</time></trkpt><trkpt lat="49.96342" lon="17.86231"><time>2026-07-30T10:58:47Z</time></trkpt><trkpt lat="49.9634" lon="17.86263"><time>2026-07-30T10:58:48Z</time></trkpt><trkpt lat="49.96338" lon="17.86296"><time>2026-07-30T10:58:49Z</time></trkpt><trkpt lat="49.96338" lon="17.86331"><time>2026-07-30T10:58:50Z</time></trkpt><trkpt lat="49.96338" lon="17.86367"><time>2026-07-30T10:58:51Z</time></trkpt><trkpt lat="49.9634" lon="17.86404"><time>2026-07-30T10:58:52Z</time></trkpt><trkpt lat="49.96343" lon="17.86442"><time>2026-07-30T10:58:53Z</time></trkpt><trkpt lat="49.96347" lon="17.8648"><time>2026-07-30T10:58:54Z</time></trkpt><trkpt lat="49.96353" lon="17.86518"><time>2026-07-30T10:58:55Z</time></trkpt><trkpt lat="49.96359" lon="17.86556"><time>2026-07-30T10:58:56Z</time></trkpt><trkpt lat="49.96366" lon="17.86595"><time>2026-07-30T10:58:57Z</time></trkpt><trkpt lat="49.96373" lon="17.86635"><time>2026-07-30T10:58:58Z</time></trkpt><trkpt lat="49.96381" lon="17.86675"><time>2026-07-30T10:58:59Z</time></trkpt><trkpt lat="49.96389" lon="17.86716"><time>2026-07-30T10:59:00Z</time></trkpt><trkpt lat="49.96396" lon="17.86756"><time>2026-07-30T10:59:01Z</time></trkpt><trkpt lat="49.96404" lon="17.86797"><time>2026-07-30T10:59:02Z</time></trkpt><trkpt lat="49.96413" lon="17.86839"><time>2026-07-30T10:59:03Z</time></trkpt><trkpt lat="49.9642" lon="17.86881"><time>2026-07-30T10:59:04Z</time></trkpt><trkpt lat="49.96428" lon="17.86923"><time>2026-07-30T10:59:05Z</time></trkpt><trkpt lat="49.96436" lon="17.86965"><time>2026-07-30T10:59:06Z</time></trkpt><trkpt lat="49.96444" lon="17.87007"><time>2026-07-30T10:59:07Z</time></trkpt><trkpt lat="49.96451" lon="17.87049"><time>2026-07-30T10:59:08Z</time></trkpt><trkpt lat="49.96459" lon="17.87091"><time>2026-07-30T10:59:09Z</time></trkpt><trkpt lat="49.96465" lon="17.87135"><time>2026-07-30T10:59:10Z</time></trkpt><trkpt lat="49.96471" lon="17.87177"><time>2026-07-30T10:59:11Z</time></trkpt><trkpt lat="49.96476" lon="17.87219"><time>2026-07-30T10:59:12Z</time></trkpt><trkpt lat="49.96482" lon="17.87261"><time>2026-07-30T10:59:13Z</time></trkpt><trkpt lat="49.96486" lon="17.87304"><time>2026-07-30T10:59:14Z</time></trkpt><trkpt lat="49.96491" lon="17.87344"><time>2026-07-30T10:59:15Z</time></trkpt><trkpt lat="49.96494" lon="17.87387"><time>2026-07-30T10:59:16Z</time></trkpt><trkpt lat="49.96498" lon="17.87429"><time>2026-07-30T10:59:17Z</time></trkpt><trkpt lat="49.96501" lon="17.87469"><time>2026-07-30T10:59:18Z</time></trkpt><trkpt lat="49.96503" lon="17.87509"><time>2026-07-30T10:59:19Z</time></trkpt><trkpt lat="49.96504" lon="17.87546"><time>2026-07-30T10:59:20Z</time></trkpt><trkpt lat="49.96506" lon="17.87582"><time>2026-07-30T10:59:21Z</time></trkpt><trkpt lat="49.96507" lon="17.87619"><time>2026-07-30T10:59:22Z</time></trkpt><trkpt lat="49.96507" lon="17.87656"><time>2026-07-30T10:59:23Z</time></trkpt><trkpt lat="49.96506" lon="17.87692"><time>2026-07-30T10:59:24Z</time></trkpt><trkpt lat="49.96506" lon="17.87728"><time>2026-07-30T10:59:25Z</time></trkpt><trkpt lat="49.96505" lon="17.87763"><time>2026-07-30T10:59:26Z</time></trkpt><trkpt lat="49.96504" lon="17.87797"><time>2026-07-30T10:59:27Z</time></trkpt><trkpt lat="49.96502" lon="17.87829"><time>2026-07-30T10:59:28Z</time></trkpt><trkpt lat="49.965" lon="17.87861"><time>2026-07-30T10:59:29Z</time></trkpt><trkpt lat="49.96498" lon="17.87891"><time>2026-07-30T10:59:30Z</time></trkpt><trkpt lat="49.96496" lon="17.87922"><time>2026-07-30T10:59:31Z</time></trkpt><trkpt lat="49.96494" lon="17.87953"><time>2026-07-30T10:59:32Z</time></trkpt><trkpt lat="49.96491" lon="17.87984"><time>2026-07-30T10:59:33Z</time></trkpt><trkpt lat="49.96487" lon="17.88019"><time>2026-07-30T10:59:34Z</time></trkpt><trkpt lat="49.96484" lon="17.88054"><time>2026-07-30T10:59:35Z</time></trkpt><trkpt lat="49.9648" lon="17.88088"><time>2026-07-30T10:59:36Z</time></trkpt><trkpt lat="49.96476" lon="17.88122"><time>2026-07-30T10:59:37Z</time></trkpt><trkpt lat="49.96471" lon="17.88156"><time>2026-07-30T10:59:38Z</time></trkpt><trkpt lat="49.96467" lon="17.88186"><time>2026-07-30T10:59:39Z</time></trkpt><trkpt lat="49.96462" lon="17.88217"><time>2026-07-30T10:59:40Z</time></trkpt><trkpt lat="49.96457" lon="17.88246"><time>2026-07-30T10:59:41Z</time></trkpt><trkpt lat="49.96452" lon="17.88275"><time>2026-07-30T10:59:42Z</time></trkpt><trkpt lat="49.96446" lon="17.88305"><time>2026-07-30T10:59:43Z</time></trkpt><trkpt lat="49.9644" lon="17.88335"><time>2026-07-30T10:59:44Z</time></trkpt><trkpt lat="49.96434" lon="17.88365"><time>2026-07-30T10:59:45Z</time></trkpt><trkpt lat="49.96427" lon="17.88396"><time>2026-07-30T10:59:46Z</time></trkpt><trkpt lat="49.9642" lon="17.88427"><time>2026-07-30T10:59:47Z</time></trkpt><trkpt lat="49.96412" lon="17.88458"><time>2026-07-30T10:59:48Z</time></trkpt><trkpt lat="49.96404" lon="17.88489"><time>2026-07-30T10:59:49Z</time></trkpt><trkpt lat="49.96397" lon="17.88519"><time>2026-07-30T10:59:50Z</time></trkpt><trkpt lat="49.96389" lon="17.88549"><time>2026-07-30T10:59:51Z</time></trkpt><trkpt lat="49.96381" lon="17.88576"><time>2026-07-30T10:59:52Z</time></trkpt><trkpt lat="49.96373" lon="17.88605"><time>2026-07-30T10:59:53Z</time></trkpt><trkpt lat="49.96365" lon="17.88632"><time>2026-07-30T10:59:54Z</time></trkpt><trkpt lat="49.96355" lon="17.88662"><time>2026-07-30T10:59:55Z</time></trkpt><trkpt lat="49.96345" lon="17.88691"><time>2026-07-30T10:59:56Z</time></trkpt><trkpt lat="49.96335" lon="17.88722"><time>2026-07-30T10:59:57Z</time></trkpt><trkpt lat="49.96324" lon="17.88753"><time>2026-07-30T10:59:58Z</time></trkpt><trkpt lat="49.96312" lon="17.88788"><time>2026-07-30T10:59:59Z</time></trkpt><trkpt lat="49.96299" lon="17.88824"><time>2026-07-30T11:00:00Z</time></trkpt><trkpt lat="49.96285" lon="17.8886"><time>2026-07-30T11:00:01Z</time></trkpt><trkpt lat="49.9627" lon="17.88897"><time>2026-07-30T11:00:02Z</time></trkpt><trkpt lat="49.96254" lon="17.88936"><time>2026-07-30T11:00:03Z</time></trkpt><trkpt lat="49.96238" lon="17.88974"><time>2026-07-30T11:00:04Z</time></trkpt><trkpt lat="49.96222" lon="17.89013"><time>2026-07-30T11:00:05Z</time></trkpt><trkpt lat="49.96207" lon="17.89051"><time>2026-07-30T11:00:06Z</time></trkpt><trkpt lat="49.96192" lon="17.8909"><time>2026-07-30T11:00:07Z</time></trkpt><trkpt lat="49.96177" lon="17.89128"><time>2026-07-30T11:00:08Z</time></trkpt><trkpt lat="49.96161" lon="17.89167"><time>2026-07-30T11:00:09Z</time></trkpt><trkpt lat="49.96147" lon="17.89205"><time>2026-07-30T11:00:10Z</time></trkpt><trkpt lat="49.96131" lon="17.89245"><time>2026-07-30T11:00:11Z</time></trkpt><trkpt lat="49.96116" lon="17.89281"><time>2026-07-30T11:00:12Z</time></trkpt><trkpt lat="49.96102" lon="17.89318"><time>2026-07-30T11:00:13Z</time></trkpt><trkpt lat="49.96088" lon="17.89355"><time>2026-07-30T11:00:14Z</time></trkpt><trkpt lat="49.96074" lon="17.8939"><time>2026-07-30T11:00:15Z</time></trkpt><trkpt lat="49.9606" lon="17.89425"><time>2026-07-30T11:00:16Z</time></trkpt><trkpt lat="49.96047" lon="17.89457"><time>2026-07-30T11:00:17Z</time></trkpt><trkpt lat="49.96033" lon="17.89491"><time>2026-07-30T11:00:18Z</time></trkpt><trkpt lat="49.9602" lon="17.89524"><time>2026-07-30T11:00:19Z</time></trkpt><trkpt lat="49.96006" lon="17.89556"><time>2026-07-30T11:00:20Z</time></trkpt><trkpt lat="49.95994" lon="17.89587"><time>2026-07-30T11:00:21Z</time></trkpt><trkpt lat="49.95981" lon="17.8962"><time>2026-07-30T11:00:22Z</time></trkpt><trkpt lat="49.95968" lon="17.89653"><time>2026-07-30T11:00:23Z</time></trkpt><trkpt lat="49.95954" lon="17.89687"><time>2026-07-30T11:00:25Z</time></trkpt><trkpt lat="49.95941" lon="17.89721"><time>2026-07-30T11:00:25Z</time></trkpt><trkpt lat="49.95927" lon="17.89753"><time>2026-07-30T11:00:26Z</time></trkpt><trkpt lat="49.95914" lon="17.89786"><time>2026-07-30T11:00:27Z</time></trkpt><trkpt lat="49.95901" lon="17.8982"><time>2026-07-30T11:00:28Z</time></trkpt><trkpt lat="49.95887" lon="17.89854"><time>2026-07-30T11:00:29Z</time></trkpt><trkpt lat="49.95875" lon="17.89888"><time>2026-07-30T11:00:30Z</time></trkpt><trkpt lat="49.95862" lon="17.89922"><time>2026-07-30T11:00:31Z</time></trkpt><trkpt lat="49.9585" lon="17.89953"><time>2026-07-30T11:00:32Z</time></trkpt><trkpt lat="49.95837" lon="17.89987"><time>2026-07-30T11:00:33Z</time></trkpt><trkpt lat="49.95824" lon="17.9002"><time>2026-07-30T11:00:34Z</time></trkpt><trkpt lat="49.95812" lon="17.90052"><time>2026-07-30T11:00:35Z</time></trkpt><trkpt lat="49.95799" lon="17.90085"><time>2026-07-30T11:00:36Z</time></trkpt><trkpt lat="49.95787" lon="17.90118"><time>2026-07-30T11:00:37Z</time></trkpt><trkpt lat="49.95775" lon="17.90151"><time>2026-07-30T11:00:38Z</time></trkpt><trkpt lat="49.95764" lon="17.90184"><time>2026-07-30T11:00:39Z</time></trkpt><trkpt lat="49.95751" lon="17.90218"><time>2026-07-30T11:00:40Z</time></trkpt><trkpt lat="49.95739" lon="17.9025"><time>2026-07-30T11:00:41Z</time></trkpt><trkpt lat="49.95728" lon="17.90282"><time>2026-07-30T11:00:42Z</time></trkpt><trkpt lat="49.95716" lon="17.90315"><time>2026-07-30T11:00:43Z</time></trkpt><trkpt lat="49.95704" lon="17.90349"><time>2026-07-30T11:00:44Z</time></trkpt><trkpt lat="49.95692" lon="17.90383"><time>2026-07-30T11:00:45Z</time></trkpt><trkpt lat="49.9568" lon="17.90417"><time>2026-07-30T11:00:46Z</time></trkpt><trkpt lat="49.95668" lon="17.90452"><time>2026-07-30T11:00:47Z</time></trkpt><trkpt lat="49.95657" lon="17.90485"><time>2026-07-30T11:00:48Z</time></trkpt><trkpt lat="49.95645" lon="17.9052"><time>2026-07-30T11:00:49Z</time></trkpt><trkpt lat="49.95634" lon="17.90552"><time>2026-07-30T11:00:50Z</time></trkpt><trkpt lat="49.95623" lon="17.90586"><time>2026-07-30T11:00:51Z</time></trkpt><trkpt lat="49.95612" lon="17.9062"><time>2026-07-30T11:00:52Z</time></trkpt><trkpt lat="49.956" lon="17.90653"><time>2026-07-30T11:00:53Z</time></trkpt><trkpt lat="49.95589" lon="17.90687"><time>2026-07-30T11:00:54Z</time></trkpt><trkpt lat="49.95578" lon="17.90721"><time>2026-07-30T11:00:55Z</time></trkpt><trkpt lat="49.95567" lon="17.90754"><time>2026-07-30T11:00:56Z</time></trkpt><trkpt lat="49.95557" lon="17.90786"><time>2026-07-30T11:00:57Z</time></trkpt><trkpt lat="49.95545" lon="17.90821"><time>2026-07-30T11:00:58Z</time></trkpt><trkpt lat="49.95534" lon="17.90856"><time>2026-07-30T11:00:59Z</time></trkpt><trkpt lat="49.95522" lon="17.90892"><time>2026-07-30T11:01:00Z</time></trkpt><trkpt lat="49.95511" lon="17.90927"><time>2026-07-30T11:01:01Z</time></trkpt><trkpt lat="49.955" lon="17.90962"><time>2026-07-30T11:01:02Z</time></trkpt><trkpt lat="49.95489" lon="17.90998"><time>2026-07-30T11:01:03Z</time></trkpt><trkpt lat="49.95478" lon="17.91031"><time>2026-07-30T11:01:04Z</time></trkpt><trkpt lat="49.95467" lon="17.91067"><time>2026-07-30T11:01:05Z</time></trkpt><trkpt lat="49.95456" lon="17.91104"><time>2026-07-30T11:01:06Z</time></trkpt><trkpt lat="49.95445" lon="17.91139"><time>2026-07-30T11:01:07Z</time></trkpt><trkpt lat="49.95434" lon="17.91176"><time>2026-07-30T11:01:08Z</time></trkpt><trkpt lat="49.95423" lon="17.91212"><time>2026-07-30T11:01:09Z</time></trkpt><trkpt lat="49.95412" lon="17.91248"><time>2026-07-30T11:01:10Z</time></trkpt><trkpt lat="49.95401" lon="17.91284"><time>2026-07-30T11:01:11Z</time></trkpt><trkpt lat="49.95391" lon="17.91321"><time>2026-07-30T11:01:12Z</time></trkpt><trkpt lat="49.95381" lon="17.91355"><time>2026-07-30T11:01:13Z</time></trkpt><trkpt lat="49.9537" lon="17.91391"><time>2026-07-30T11:01:14Z</time></trkpt><trkpt lat="49.9536" lon="17.91426"><time>2026-07-30T11:01:15Z</time></trkpt><trkpt lat="49.95349" lon="17.91461"><time>2026-07-30T11:01:16Z</time></trkpt><trkpt lat="49.9534" lon="17.91496"><time>2026-07-30T11:01:17Z</time></trkpt><trkpt lat="49.9533" lon="17.91529"><time>2026-07-30T11:01:18Z</time></trkpt><trkpt lat="49.9532" lon="17.91562"><time>2026-07-30T11:01:19Z</time></trkpt><trkpt lat="49.95312" lon="17.9159"><time>2026-07-30T11:01:20Z</time></trkpt><trkpt lat="49.95304" lon="17.91618"><time>2026-07-30T11:01:21Z</time></trkpt><trkpt lat="49.95295" lon="17.91647"><time>2026-07-30T11:01:22Z</time></trkpt><trkpt lat="49.95287" lon="17.91675"><time>2026-07-30T11:01:23Z</time></trkpt><trkpt lat="49.95279" lon="17.91701"><time>2026-07-30T11:01:24Z</time></trkpt><trkpt lat="49.9527" lon="17.91728"><time>2026-07-30T11:01:25Z</time></trkpt><trkpt lat="49.95262" lon="17.91756"><time>2026-07-30T11:01:26Z</time></trkpt><trkpt lat="49.95254" lon="17.91783"><time>2026-07-30T11:01:27Z</time></trkpt><trkpt lat="49.95245" lon="17.91811"><time>2026-07-30T11:01:28Z</time></trkpt><trkpt lat="49.95236" lon="17.9184"><time>2026-07-30T11:01:29Z</time></trkpt><trkpt lat="49.95226" lon="17.91869"><time>2026-07-30T11:01:30Z</time></trkpt><trkpt lat="49.95216" lon="17.91899"><time>2026-07-30T11:01:31Z</time></trkpt><trkpt lat="49.95207" lon="17.91927"><time>2026-07-30T11:01:32Z</time></trkpt><trkpt lat="49.95197" lon="17.91955"><time>2026-07-30T11:01:33Z</time></trkpt><trkpt lat="49.95187" lon="17.91982"><time>2026-07-30T11:01:34Z</time></trkpt><trkpt lat="49.95177" lon="17.92009"><time>2026-07-30T11:01:35Z</time></trkpt><trkpt lat="49.95166" lon="17.92036"><time>2026-07-30T11:01:36Z</time></trkpt><trkpt lat="49.95156" lon="17.92062"><time>2026-07-30T11:01:37Z</time></trkpt><trkpt lat="49.95145" lon="17.92087"><time>2026-07-30T11:01:38Z</time></trkpt><trkpt lat="49.95134" lon="17.92114"><time>2026-07-30T11:01:39Z</time></trkpt><trkpt lat="49.95122" lon="17.92141"><time>2026-07-30T11:01:40Z</time></trkpt><trkpt lat="49.95111" lon="17.92166"><time>2026-07-30T11:01:41Z</time></trkpt><trkpt lat="49.951" lon="17.92191"><time>2026-07-30T11:01:42Z</time></trkpt><trkpt lat="49.95088" lon="17.92215"><time>2026-07-30T11:01:43Z</time></trkpt><trkpt lat="49.95076" lon="17.9224"><time>2026-07-30T11:01:44Z</time></trkpt><trkpt lat="49.95063" lon="17.92265"><time>2026-07-30T11:01:45Z</time></trkpt><trkpt lat="49.9505" lon="17.9229"><time>2026-07-30T11:01:46Z</time></trkpt><trkpt lat="49.95037" lon="17.92317"><time>2026-07-30T11:01:47Z</time></trkpt><trkpt lat="49.95024" lon="17.9234"><time>2026-07-30T11:01:48Z</time></trkpt><trkpt lat="49.95011" lon="17.92364"><time>2026-07-30T11:01:49Z</time></trkpt><trkpt lat="49.94997" lon="17.92389"><time>2026-07-30T11:01:50Z</time></trkpt><trkpt lat="49.94983" lon="17.92413"><time>2026-07-30T11:01:51Z</time></trkpt><trkpt lat="49.94969" lon="17.92438"><time>2026-07-30T11:01:52Z</time></trkpt><trkpt lat="49.94955" lon="17.92462"><time>2026-07-30T11:01:53Z</time></trkpt><trkpt lat="49.94941" lon="17.92486"><time>2026-07-30T11:01:54Z</time></trkpt><trkpt lat="49.94928" lon="17.92508"><time>2026-07-30T11:01:55Z</time></trkpt><trkpt lat="49.94914" lon="17.9253"><time>2026-07-30T11:01:56Z</time></trkpt><trkpt lat="49.94901" lon="17.92552"><time>2026-07-30T11:01:57Z</time></trkpt><trkpt lat="49.94887" lon="17.92575"><time>2026-07-30T11:01:58Z</time></trkpt><trkpt lat="49.94873" lon="17.92599"><time>2026-07-30T11:01:59Z</time></trkpt><trkpt lat="49.94859" lon="17.92624"><time>2026-07-30T11:02:00Z</time></trkpt><trkpt lat="49.94844" lon="17.92648"><time>2026-07-30T11:02:01Z</time></trkpt><trkpt lat="49.94829" lon="17.92673"><time>2026-07-30T11:02:02Z</time></trkpt><trkpt lat="49.94816" lon="17.92695"><time>2026-07-30T11:02:03Z</time></trkpt><trkpt lat="49.94802" lon="17.92718"><time>2026-07-30T11:02:04Z</time></trkpt><trkpt lat="49.94789" lon="17.9274"><time>2026-07-30T11:02:05Z</time></trkpt><trkpt lat="49.94776" lon="17.92762"><time>2026-07-30T11:02:06Z</time></trkpt><trkpt lat="49.94763" lon="17.92786"><time>2026-07-30T11:02:07Z</time></trkpt><trkpt lat="49.9475" lon="17.9281"><time>2026-07-30T11:02:08Z</time></trkpt><trkpt lat="49.94736" lon="17.92834"><time>2026-07-30T11:02:09Z</time></trkpt><trkpt lat="49.94724" lon="17.92856"><time>2026-07-30T11:02:10Z</time></trkpt><trkpt lat="49.94712" lon="17.92878"><time>2026-07-30T11:02:11Z</time></trkpt><trkpt lat="49.94699" lon="17.92902"><time>2026-07-30T11:02:12Z</time></trkpt><trkpt lat="49.94686" lon="17.92925"><time>2026-07-30T11:02:13Z</time></trkpt><trkpt lat="49.94673" lon="17.92948"><time>2026-07-30T11:02:14Z</time></trkpt><trkpt lat="49.94659" lon="17.9297"><time>2026-07-30T11:02:15Z</time></trkpt><trkpt lat="49.94645" lon="17.92991"><time>2026-07-30T11:02:16Z</time></trkpt><trkpt lat="49.9463" lon="17.93013"><time>2026-07-30T11:02:17Z</time></trkpt><trkpt lat="49.94616" lon="17.93033"><time>2026-07-30T11:02:18Z</time></trkpt><trkpt lat="49.94602" lon="17.93052"><time>2026-07-30T11:02:19Z</time></trkpt><trkpt lat="49.94588" lon="17.9307"><time>2026-07-30T11:02:20Z</time></trkpt><trkpt lat="49.94574" lon="17.93089"><time>2026-07-30T11:02:21Z</time></trkpt><trkpt lat="49.9456" lon="17.93107"><time>2026-07-30T11:02:22Z</time></trkpt><trkpt lat="49.94546" lon="17.93126"><time>2026-07-30T11:02:23Z</time></trkpt><trkpt lat="49.94532" lon="17.93144"><time>2026-07-30T11:02:24Z</time></trkpt><trkpt lat="49.94519" lon="17.93162"><time>2026-07-30T11:02:25Z</time></trkpt><trkpt lat="49.94506" lon="17.93179"><time>2026-07-30T11:02:26Z</time></trkpt><trkpt lat="49.94495" lon="17.93195"><time>2026-07-30T11:02:27Z</time></trkpt><trkpt lat="49.94483" lon="17.9321"><time>2026-07-30T11:02:28Z</time></trkpt><trkpt lat="49.94471" lon="17.93225"><time>2026-07-30T11:02:29Z</time></trkpt><trkpt lat="49.9446" lon="17.93238"><time>2026-07-30T11:02:30Z</time></trkpt><trkpt lat="49.94449" lon="17.93249"><time>2026-07-30T11:02:31Z</time></trkpt><trkpt lat="49.94441" lon="17.93262"><time>2026-07-30T11:02:32Z</time></trkpt><trkpt lat="49.94433" lon="17.93274"><time>2026-07-30T11:02:33Z</time></trkpt><trkpt lat="49.94425" lon="17.93286"><time>2026-07-30T11:02:34Z</time></trkpt><trkpt lat="49.94416" lon="17.93298"><time>2026-07-30T11:02:35Z</time></trkpt><trkpt lat="49.94408" lon="17.93309"><time>2026-07-30T11:02:36Z</time></trkpt><trkpt lat="49.94399" lon="17.93318"><time>2026-07-30T11:02:37Z</time></trkpt><trkpt lat="49.94391" lon="17.93324"><time>2026-07-30T11:02:38Z</time></trkpt><trkpt lat="49.94384" lon="17.93328"><time>2026-07-30T11:02:39Z</time></trkpt><trkpt lat="49.9438" lon="17.9333"><time>2026-07-30T11:02:40Z</time></trkpt><trkpt lat="49.94376" lon="17.93331"><time>2026-07-30T11:02:41Z</time></trkpt><trkpt lat="49.94372" lon="17.93331"><time>2026-07-30T11:02:42Z</time></trkpt><trkpt lat="49.94368" lon="17.93331"><time>2026-07-30T11:02:43Z</time></trkpt><trkpt lat="49.94363" lon="17.93328"><time>2026-07-30T11:02:45Z</time></trkpt><trkpt lat="49.94356" lon="17.93322"><time>2026-07-30T11:02:45Z</time></trkpt><trkpt lat="49.94347" lon="17.93315"><time>2026-07-30T11:02:46Z</time></trkpt><trkpt lat="49.94339" lon="17.93309"><time>2026-07-30T11:02:47Z</time></trkpt><trkpt lat="49.94329" lon="17.93303"><time>2026-07-30T11:02:48Z</time></trkpt><trkpt lat="49.94319" lon="17.93299"><time>2026-07-30T11:02:49Z</time></trkpt><trkpt lat="49.94308" lon="17.93296"><time>2026-07-30T11:02:50Z</time></trkpt><trkpt lat="49.94298" lon="17.93296"><time>2026-07-30T11:02:51Z</time></trkpt><trkpt lat="49.94287" lon="17.93298"><time>2026-07-30T11:02:52Z</time></trkpt><trkpt lat="49.94277" lon="17.93303"><time>2026-07-30T11:02:53Z</time></trkpt><trkpt lat="49.94267" lon="17.9331"><time>2026-07-30T11:02:54Z</time></trkpt><trkpt lat="49.94256" lon="17.93319"><time>2026-07-30T11:02:55Z</time></trkpt><trkpt lat="49.94248" lon="17.9333"><time>2026-07-30T11:02:56Z</time></trkpt><trkpt lat="49.94241" lon="17.93346"><time>2026-07-30T11:02:57Z</time></trkpt><trkpt lat="49.94234" lon="17.93363"><time>2026-07-30T11:02:58Z</time></trkpt><trkpt lat="49.94228" lon="17.93381"><time>2026-07-30T11:02:59Z</time></trkpt><trkpt lat="49.94225" lon="17.934"><time>2026-07-30T11:03:00Z</time></trkpt><trkpt lat="49.94223" lon="17.93419"><time>2026-07-30T11:03:01Z</time></trkpt><trkpt lat="49.94222" lon="17.93439"><time>2026-07-30T11:03:02Z</time></trkpt><trkpt lat="49.94222" lon="17.93462"><time>2026-07-30T11:03:03Z</time></trkpt><trkpt lat="49.94218" lon="17.93484"><time>2026-07-30T11:03:04Z</time></trkpt><trkpt lat="49.94212" lon="17.93506"><time>2026-07-30T11:03:05Z</time></trkpt><trkpt lat="49.94205" lon="17.93528"><time>2026-07-30T11:03:06Z</time></trkpt><trkpt lat="49.942" lon="17.93549"><time>2026-07-30T11:03:07Z</time></trkpt><trkpt lat="49.94196" lon="17.93572"><time>2026-07-30T11:03:08Z</time></trkpt><trkpt lat="49.94194" lon="17.93595"><time>2026-07-30T11:03:09Z</time></trkpt><trkpt lat="49.94195" lon="17.9362"><time>2026-07-30T11:03:10Z</time></trkpt><trkpt lat="49.94199" lon="17.93646"><time>2026-07-30T11:03:11Z</time></trkpt><trkpt lat="49.94202" lon="17.93675"><time>2026-07-30T11:03:12Z</time></trkpt><trkpt lat="49.94204" lon="17.93704"><time>2026-07-30T11:03:13Z</time></trkpt><trkpt lat="49.94204" lon="17.93734"><time>2026-07-30T11:03:14Z</time></trkpt><trkpt lat="49.94203" lon="17.93764"><time>2026-07-30T11:03:15Z</time></trkpt><trkpt lat="49.94201" lon="17.93793"><time>2026-07-30T11:03:16Z</time></trkpt><trkpt lat="49.94196" lon="17.93821"><time>2026-07-30T11:03:17Z</time></trkpt><trkpt lat="49.94192" lon="17.93851"><time>2026-07-30T11:03:18Z</time></trkpt><trkpt lat="49.94187" lon="17.9388"><time>2026-07-30T11:03:19Z</time></trkpt><trkpt lat="49.94181" lon="17.93909"><time>2026-07-30T11:03:20Z</time></trkpt><trkpt lat="49.94174" lon="17.93938"><time>2026-07-30T11:03:21Z</time></trkpt><trkpt lat="49.94168" lon="17.93966"><time>2026-07-30T11:03:22Z</time></trkpt><trkpt lat="49.94161" lon="17.93992"><time>2026-07-30T11:03:23Z</time></trkpt><trkpt lat="49.94154" lon="17.94016"><time>2026-07-30T11:03:24Z</time></trkpt><trkpt lat="49.94146" lon="17.94041"><time>2026-07-30T11:03:25Z</time></trkpt><trkpt lat="49.94139" lon="17.94064"><time>2026-07-30T11:03:26Z</time></trkpt><trkpt lat="49.94132" lon="17.94083"><time>2026-07-30T11:03:27Z</time></trkpt><trkpt lat="49.94125" lon="17.94104"><time>2026-07-30T11:03:28Z</time></trkpt><trkpt lat="49.94118" lon="17.94124"><time>2026-07-30T11:03:29Z</time></trkpt><trkpt lat="49.94111" lon="17.94143"><time>2026-07-30T11:03:30Z</time></trkpt><trkpt lat="49.94104" lon="17.94161"><time>2026-07-30T11:03:31Z</time></trkpt><trkpt lat="49.94098" lon="17.94178"><time>2026-07-30T11:03:32Z</time></trkpt><trkpt lat="49.94092" lon="17.94197"><time>2026-07-30T11:03:33Z</time></trkpt><trkpt lat="49.94086" lon="17.94214"><time>2026-07-30T11:03:34Z</time></trkpt><trkpt lat="49.94079" lon="17.94233"><time>2026-07-30T11:03:35Z</time></trkpt><trkpt lat="49.94072" lon="17.94252"><time>2026-07-30T11:03:36Z</time></trkpt><trkpt lat="49.94066" lon="17.9427"><time>2026-07-30T11:03:37Z</time></trkpt><trkpt lat="49.9406" lon="17.94288"><time>2026-07-30T11:03:38Z</time></trkpt><trkpt lat="49.94053" lon="17.94306"><time>2026-07-30T11:03:39Z</time></trkpt><trkpt lat="49.94048" lon="17.94321"><time>2026-07-30T11:03:40Z</time></trkpt><trkpt lat="49.94042" lon="17.94337"><time>2026-07-30T11:03:41Z</time></trkpt><trkpt lat="49.94035" lon="17.94354"><time>2026-07-30T11:03:42Z</time></trkpt><trkpt lat="49.94029" lon="17.94372"><time>2026-07-30T11:03:43Z</time></trkpt><trkpt lat="49.94023" lon="17.94389"><time>2026-07-30T11:03:44Z</time></trkpt><trkpt lat="49.94016" lon="17.94407"><time>2026-07-30T11:03:45Z</time></trkpt><trkpt lat="49.9401" lon="17.94425"><time>2026-07-30T11:03:46Z</time></trkpt><trkpt lat="49.94004" lon="17.94442"><time>2026-07-30T11:03:47Z</time></trkpt><trkpt lat="49.93998" lon="17.94459"><time>2026-07-30T11:03:48Z</time></trkpt><trkpt lat="49.93992" lon="17.94477"><time>2026-07-30T11:03:49Z</time></trkpt><trkpt lat="49.93986" lon="17.94493"><time>2026-07-30T11:03:50Z</time></trkpt><trkpt lat="49.9398" lon="17.9451"><time>2026-07-30T11:03:51Z</time></trkpt><trkpt lat="49.93974" lon="17.9453"><time>2026-07-30T11:03:52Z</time></trkpt><trkpt lat="49.93968" lon="17.94549"><time>2026-07-30T11:03:53Z</time></trkpt><trkpt lat="49.93963" lon="17.94567"><time>2026-07-30T11:03:54Z</time></trkpt><trkpt lat="49.93959" lon="17.94586"><time>2026-07-30T11:03:55Z</time></trkpt><trkpt lat="49.93956" lon="17.94606"><time>2026-07-30T11:03:56Z</time></trkpt><trkpt lat="49.93952" lon="17.94627"><time>2026-07-30T11:03:57Z</time></trkpt><trkpt lat="49.93949" lon="17.9465"><time>2026-07-30T11:03:58Z</time></trkpt><trkpt lat="49.93946" lon="17.94671"><time>2026-07-30T11:03:59Z</time></trkpt><trkpt lat="49.93944" lon="17.94689"><time>2026-07-30T11:04:00Z</time></trkpt><trkpt lat="49.93942" lon="17.94708"><time>2026-07-30T11:04:01Z</time></trkpt><trkpt lat="49.93941" lon="17.94729"><time>2026-07-30T11:04:02Z</time></trkpt><trkpt lat="49.9394" lon="17.9475"><time>2026-07-30T11:04:03Z</time></trkpt><trkpt lat="49.93938" lon="17.94773"><time>2026-07-30T11:04:04Z</time></trkpt><trkpt lat="49.93937" lon="17.94798"><time>2026-07-30T11:04:05Z</time></trkpt><trkpt lat="49.93935" lon="17.94822"><time>2026-07-30T11:04:06Z</time></trkpt><trkpt lat="49.93933" lon="17.94845"><time>2026-07-30T11:04:07Z</time></trkpt><trkpt lat="49.93932" lon="17.94868"><time>2026-07-30T11:04:08Z</time></trkpt><trkpt lat="49.9393" lon="17.94893"><time>2026-07-30T11:04:09Z</time></trkpt><trkpt lat="49.93928" lon="17.94918"><time>2026-07-30T11:04:10Z</time></trkpt><trkpt lat="49.93926" lon="17.94946"><time>2026-07-30T11:04:11Z</time></trkpt><trkpt lat="49.93925" lon="17.94973"><time>2026-07-30T11:04:12Z</time></trkpt><trkpt lat="49.93922" lon="17.95003"><time>2026-07-30T11:04:13Z</time></trkpt><trkpt lat="49.9392" lon="17.95032"><time>2026-07-30T11:04:14Z</time></trkpt><trkpt lat="49.93918" lon="17.95063"><time>2026-07-30T11:04:15Z</time></trkpt><trkpt lat="49.93915" lon="17.95094"><time>2026-07-30T11:04:16Z</time></trkpt><trkpt lat="49.9391" lon="17.95126"><time>2026-07-30T11:04:17Z</time></trkpt><trkpt lat="49.93905" lon="17.95158"><time>2026-07-30T11:04:18Z</time></trkpt><trkpt lat="49.93899" lon="17.95189"><time>2026-07-30T11:04:19Z</time></trkpt><trkpt lat="49.93893" lon="17.95222"><time>2026-07-30T11:04:20Z</time></trkpt><trkpt lat="49.93885" lon="17.95253"><time>2026-07-30T11:04:21Z</time></trkpt><trkpt lat="49.93878" lon="17.95284"><time>2026-07-30T11:04:22Z</time></trkpt><trkpt lat="49.93872" lon="17.95314"><time>2026-07-30T11:04:23Z</time></trkpt><trkpt lat="49.93866" lon="17.95345"><time>2026-07-30T11:04:24Z</time></trkpt><trkpt lat="49.9386" lon="17.95375"><time>2026-07-30T11:04:25Z</time></trkpt><trkpt lat="49.93855" lon="17.95407"><time>2026-07-30T11:04:26Z</time></trkpt><trkpt lat="49.9385" lon="17.95439"><time>2026-07-30T11:04:27Z</time></trkpt><trkpt lat="49.93846" lon="17.95471"><time>2026-07-30T11:04:28Z</time></trkpt><trkpt lat="49.93842" lon="17.95503"><time>2026-07-30T11:04:29Z</time></trkpt><trkpt lat="49.93839" lon="17.95536"><time>2026-07-30T11:04:30Z</time></trkpt><trkpt lat="49.93836" lon="17.95569"><time>2026-07-30T11:04:31Z</time></trkpt><trkpt lat="49.93836" lon="17.95601"><time>2026-07-30T11:04:32Z</time></trkpt><trkpt lat="49.93834" lon="17.95632"><time>2026-07-30T11:04:33Z</time></trkpt><trkpt lat="49.93833" lon="17.95662"><time>2026-07-30T11:04:34Z</time></trkpt><trkpt lat="49.93831" lon="17.95692"><time>2026-07-30T11:04:35Z</time></trkpt><trkpt lat="49.93828" lon="17.95719"><time>2026-07-30T11:04:36Z</time></trkpt><trkpt lat="49.93827" lon="17.95738"><time>2026-07-30T11:04:37Z</time></trkpt><trkpt lat="49.93825" lon="17.95759"><time>2026-07-30T11:04:38Z</time></trkpt><trkpt lat="49.93823" lon="17.95778"><time>2026-07-30T11:04:39Z</time></trkpt><trkpt lat="49.93821" lon="17.95796"><time>2026-07-30T11:04:40Z</time></trkpt><trkpt lat="49.9382" lon="17.95814"><time>2026-07-30T11:04:41Z</time></trkpt><trkpt lat="49.93819" lon="17.95834"><time>2026-07-30T11:04:42Z</time></trkpt><trkpt lat="49.93817" lon="17.95857"><time>2026-07-30T11:04:43Z</time></trkpt><trkpt lat="49.93815" lon="17.95879"><time>2026-07-30T11:04:44Z</time></trkpt><trkpt lat="49.93814" lon="17.95903"><time>2026-07-30T11:04:45Z</time></trkpt><trkpt lat="49.93812" lon="17.95929"><time>2026-07-30T11:04:46Z</time></trkpt><trkpt lat="49.9381" lon="17.95954"><time>2026-07-30T11:04:47Z</time></trkpt><trkpt lat="49.93808" lon="17.95978"><time>2026-07-30T11:04:48Z</time></trkpt><trkpt lat="49.93804" lon="17.96003"><time>2026-07-30T11:04:49Z</time></trkpt><trkpt lat="49.938" lon="17.96028"><time>2026-07-30T11:04:50Z</time></trkpt><trkpt lat="49.93795" lon="17.96056"><time>2026-07-30T11:04:51Z</time></trkpt><trkpt lat="49.93791" lon="17.96083"><time>2026-07-30T11:04:52Z</time></trkpt><trkpt lat="49.93786" lon="17.96113"><time>2026-07-30T11:04:53Z</time></trkpt><trkpt lat="49.93781" lon="17.96142"><time>2026-07-30T11:04:54Z</time></trkpt><trkpt lat="49.93776" lon="17.96172"><time>2026-07-30T11:04:55Z</time></trkpt><trkpt lat="49.9377" lon="17.96204"><time>2026-07-30T11:04:56Z</time></trkpt><trkpt lat="49.93764" lon="17.96237"><time>2026-07-30T11:04:57Z</time></trkpt><trkpt lat="49.93759" lon="17.96268"><time>2026-07-30T11:04:58Z</time></trkpt><trkpt lat="49.93753" lon="17.96299"><time>2026-07-30T11:04:59Z</time></trkpt><trkpt lat="49.93748" lon="17.9633"><time>2026-07-30T11:05:00Z</time></trkpt><trkpt lat="49.93742" lon="17.96365"><time>2026-07-30T11:05:01Z</time></trkpt><trkpt lat="49.93737" lon="17.96398"><time>2026-07-30T11:05:02Z</time></trkpt><trkpt lat="49.93732" lon="17.96433"><time>2026-07-30T11:05:03Z</time></trkpt><trkpt lat="49.93729" lon="17.96466"><time>2026-07-30T11:05:04Z</time></trkpt><trkpt lat="49.93726" lon="17.96498"><time>2026-07-30T11:05:05Z</time></trkpt><trkpt lat="49.93723" lon="17.96532"><time>2026-07-30T11:05:06Z</time></trkpt><trkpt lat="49.93721" lon="17.96566"><time>2026-07-30T11:05:07Z</time></trkpt><trkpt lat="49.93718" lon="17.96597"><time>2026-07-30T11:05:08Z</time></trkpt><trkpt lat="49.93715" lon="17.96627"><time>2026-07-30T11:05:09Z</time></trkpt><trkpt lat="49.93713" lon="17.96656"><time>2026-07-30T11:05:10Z</time></trkpt><trkpt lat="49.93711" lon="17.96683"><time>2026-07-30T11:05:11Z</time></trkpt><trkpt lat="49.93709" lon="17.96709"><time>2026-07-30T11:05:12Z</time></trkpt><trkpt lat="49.93707" lon="17.96733"><time>2026-07-30T11:05:13Z</time></trkpt><trkpt lat="49.93705" lon="17.96757"><time>2026-07-30T11:05:14Z</time></trkpt><trkpt lat="49.93702" lon="17.96781"><time>2026-07-30T11:05:15Z</time></trkpt><trkpt lat="49.937" lon="17.96804"><time>2026-07-30T11:05:16Z</time></trkpt><trkpt lat="49.93698" lon="17.96825"><time>2026-07-30T11:05:17Z</time></trkpt><trkpt lat="49.93695" lon="17.96845"><time>2026-07-30T11:05:18Z</time></trkpt><trkpt lat="49.93692" lon="17.96867"><time>2026-07-30T11:05:19Z</time></trkpt><trkpt lat="49.93689" lon="17.96888"><time>2026-07-30T11:05:20Z</time></trkpt><trkpt lat="49.93685" lon="17.96909"><time>2026-07-30T11:05:21Z</time></trkpt><trkpt lat="49.93682" lon="17.96931"><time>2026-07-30T11:05:22Z</time></trkpt><trkpt lat="49.93678" lon="17.96952"><time>2026-07-30T11:05:23Z</time></trkpt><trkpt lat="49.93674" lon="17.96972"><time>2026-07-30T11:05:24Z</time></trkpt><trkpt lat="49.93671" lon="17.96993"><time>2026-07-30T11:05:25Z</time></trkpt><trkpt lat="49.93667" lon="17.97012"><time>2026-07-30T11:05:26Z</time></trkpt><trkpt lat="49.93664" lon="17.97031"><time>2026-07-30T11:05:27Z</time></trkpt><trkpt lat="49.9366" lon="17.9705"><time>2026-07-30T11:05:28Z</time></trkpt><trkpt lat="49.93657" lon="17.9707"><time>2026-07-30T11:05:29Z</time></trkpt><trkpt lat="49.93653" lon="17.97091"><time>2026-07-30T11:05:30Z</time></trkpt><trkpt lat="49.93649" lon="17.97112"><time>2026-07-30T11:05:31Z</time></trkpt><trkpt lat="49.93645" lon="17.97132"><time>2026-07-30T11:05:32Z</time></trkpt><trkpt lat="49.93642" lon="17.97153"><time>2026-07-30T11:05:33Z</time></trkpt><trkpt lat="49.93638" lon="17.97175"><time>2026-07-30T11:05:34Z</time></trkpt><trkpt lat="49.93635" lon="17.97197"><time>2026-07-30T11:05:35Z</time></trkpt><trkpt lat="49.93633" lon="17.97218"><time>2026-07-30T11:05:36Z</time></trkpt><trkpt lat="49.9363" lon="17.9724"><time>2026-07-30T11:05:37Z</time></trkpt><trkpt lat="49.93627" lon="17.97262"><time>2026-07-30T11:05:38Z</time></trkpt><trkpt lat="49.93625" lon="17.97284"><time>2026-07-30T11:05:39Z</time></trkpt><trkpt lat="49.93623" lon="17.97305"><time>2026-07-30T11:05:40Z</time></trkpt><trkpt lat="49.93622" lon="17.97326"><time>2026-07-30T11:05:41Z</time></trkpt><trkpt lat="49.93622" lon="17.97347"><time>2026-07-30T11:05:42Z</time></trkpt><trkpt lat="49.93622" lon="17.97368"><time>2026-07-30T11:05:43Z</time></trkpt><trkpt lat="49.93623" lon="17.97389"><time>2026-07-30T11:05:44Z</time></trkpt><trkpt lat="49.93625" lon="17.97411"><time>2026-07-30T11:05:45Z</time></trkpt><trkpt lat="49.93626" lon="17.97431"><time>2026-07-30T11:05:46Z</time></trkpt><trkpt lat="49.93627" lon="17.97451"><time>2026-07-30T11:05:47Z</time></trkpt><trkpt lat="49.93628" lon="17.97471"><time>2026-07-30T11:05:48Z</time></trkpt><trkpt lat="49.93627" lon="17.9749"><time>2026-07-30T11:05:49Z</time></trkpt><trkpt lat="49.93625" lon="17.97512"><time>2026-07-30T11:05:50Z</time></trkpt><trkpt lat="49.93622" lon="17.97534"><time>2026-07-30T11:05:51Z</time></trkpt><trkpt lat="49.93618" lon="17.97556"><time>2026-07-30T11:05:52Z</time></trkpt><trkpt lat="49.93614" lon="17.97576"><time>2026-07-30T11:05:53Z</time></trkpt><trkpt lat="49.9361" lon="17.97596"><time>2026-07-30T11:05:54Z</time></trkpt><trkpt lat="49.93608" lon="17.97614"><time>2026-07-30T11:05:55Z</time></trkpt><trkpt lat="49.93604" lon="17.97632"><time>2026-07-30T11:05:56Z</time></trkpt><trkpt lat="49.93601" lon="17.97651"><time>2026-07-30T11:05:57Z</time></trkpt><trkpt lat="49.93598" lon="17.97671"><time>2026-07-30T11:05:58Z</time></trkpt><trkpt lat="49.93595" lon="17.97692"><time>2026-07-30T11:05:59Z</time></trkpt><trkpt lat="49.93593" lon="17.97713"><time>2026-07-30T11:06:00Z</time></trkpt><trkpt lat="49.9359" lon="17.97736"><time>2026-07-30T11:06:01Z</time></trkpt><trkpt lat="49.93587" lon="17.97759"><time>2026-07-30T11:06:02Z</time></trkpt><trkpt lat="49.93584" lon="17.97782"><time>2026-07-30T11:06:03Z</time></trkpt><trkpt lat="49.93581" lon="17.97805"><time>2026-07-30T11:06:04Z</time></trkpt><trkpt lat="49.93578" lon="17.97829"><time>2026-07-30T11:06:05Z</time></trkpt><trkpt lat="49.93574" lon="17.97854"><time>2026-07-30T11:06:06Z</time></trkpt><trkpt lat="49.93571" lon="17.97878"><time>2026-07-30T11:06:07Z</time></trkpt><trkpt lat="49.93567" lon="17.97902"><time>2026-07-30T11:06:08Z</time></trkpt><trkpt lat="49.93565" lon="17.97925"><time>2026-07-30T11:06:09Z</time></trkpt><trkpt lat="49.93562" lon="17.97947"><time>2026-07-30T11:06:10Z</time></trkpt><trkpt lat="49.93559" lon="17.97969"><time>2026-07-30T11:06:11Z</time></trkpt><trkpt lat="49.93556" lon="17.97992"><time>2026-07-30T11:06:12Z</time></trkpt><trkpt lat="49.93553" lon="17.98015"><time>2026-07-30T11:06:13Z</time></trkpt><trkpt lat="49.9355" lon="17.98038"><time>2026-07-30T11:06:14Z</time></trkpt><trkpt lat="49.93546" lon="17.98062"><time>2026-07-30T11:06:15Z</time></trkpt><trkpt lat="49.93544" lon="17.98086"><time>2026-07-30T11:06:16Z</time></trkpt><trkpt lat="49.9354" lon="17.98112"><time>2026-07-30T11:06:17Z</time></trkpt><trkpt lat="49.93536" lon="17.98137"><time>2026-07-30T11:06:18Z</time></trkpt><trkpt lat="49.93533" lon="17.98163"><time>2026-07-30T11:06:19Z</time></trkpt><trkpt lat="49.93531" lon="17.98188"><time>2026-07-30T11:06:20Z</time></trkpt><trkpt lat="49.93528" lon="17.98211"><time>2026-07-30T11:06:21Z</time></trkpt><trkpt lat="49.93525" lon="17.98235"><time>2026-07-30T11:06:22Z</time></trkpt><trkpt lat="49.93521" lon="17.98262"><time>2026-07-30T11:06:23Z</time></trkpt><trkpt lat="49.93518" lon="17.98288"><time>2026-07-30T11:06:24Z</time></trkpt><trkpt lat="49.93514" lon="17.98315"><time>2026-07-30T11:06:25Z</time></trkpt><trkpt lat="49.93511" lon="17.98343"><time>2026-07-30T11:06:26Z</time></trkpt><trkpt lat="49.93508" lon="17.98371"><time>2026-07-30T11:06:27Z</time></trkpt><trkpt lat="49.93504" lon="17.984"><time>2026-07-30T11:06:28Z</time></trkpt><trkpt lat="49.935" lon="17.9843"><time>2026-07-30T11:06:29Z</time></trkpt><trkpt lat="49.93495" lon="17.98459"><time>2026-07-30T11:06:30Z</time></trkpt><trkpt lat="49.93491" lon="17.98488"><time>2026-07-30T11:06:31Z</time></trkpt><trkpt lat="49.93486" lon="17.98518"><time>2026-07-30T11:06:32Z</time></trkpt><trkpt lat="49.93482" lon="17.98549"><time>2026-07-30T11:06:33Z</time></trkpt><trkpt lat="49.93477" lon="17.98581"><time>2026-07-30T11:06:34Z</time></trkpt><trkpt lat="49.93473" lon="17.98613"><time>2026-07-30T11:06:35Z</time></trkpt><trkpt lat="49.93468" lon="17.98646"><time>2026-07-30T11:06:36Z</time></trkpt><trkpt lat="49.93463" lon="17.98678"><time>2026-07-30T11:06:37Z</time></trkpt><trkpt lat="49.93459" lon="17.98709"><time>2026-07-30T11:06:38Z</time></trkpt><trkpt lat="49.93455" lon="17.98739"><time>2026-07-30T11:06:39Z</time></trkpt><trkpt lat="49.9345" lon="17.98771"><time>2026-07-30T11:06:40Z</time></trkpt><trkpt lat="49.93445" lon="17.98803"><time>2026-07-30T11:06:41Z</time></trkpt><trkpt lat="49.9344" lon="17.98835"><time>2026-07-30T11:06:42Z</time></trkpt><trkpt lat="49.93435" lon="17.98869"><time>2026-07-30T11:06:43Z</time></trkpt><trkpt lat="49.9343" lon="17.989"><time>2026-07-30T11:06:44Z</time></trkpt><trkpt lat="49.93425" lon="17.98931"><time>2026-07-30T11:06:45Z</time></trkpt><trkpt lat="49.9342" lon="17.98963"><time>2026-07-30T11:06:46Z</time></trkpt><trkpt lat="49.93415" lon="17.98995"><time>2026-07-30T11:06:47Z</time></trkpt><trkpt lat="49.9341" lon="17.99026"><time>2026-07-30T11:06:48Z</time></trkpt><trkpt lat="49.93404" lon="17.99056"><time>2026-07-30T11:06:49Z</time></trkpt><trkpt lat="49.93399" lon="17.99086"><time>2026-07-30T11:06:50Z</time></trkpt><trkpt lat="49.93393" lon="17.99117"><time>2026-07-30T11:06:51Z</time></trkpt><trkpt lat="49.93388" lon="17.99146"><time>2026-07-30T11:06:52Z</time></trkpt><trkpt lat="49.93383" lon="17.99175"><time>2026-07-30T11:06:53Z</time></trkpt><trkpt lat="49.93378" lon="17.99205"><time>2026-07-30T11:06:54Z</time></trkpt><trkpt lat="49.93373" lon="17.99237"><time>2026-07-30T11:06:55Z</time></trkpt><trkpt lat="49.93367" lon="17.99268"><time>2026-07-30T11:06:56Z</time></trkpt><trkpt lat="49.93362" lon="17.99298"><time>2026-07-30T11:06:57Z</time></trkpt><trkpt lat="49.93357" lon="17.99328"><time>2026-07-30T11:06:58Z</time></trkpt><trkpt lat="49.93352" lon="17.99357"><time>2026-07-30T11:06:59Z</time></trkpt><trkpt lat="49.93347" lon="17.99385"><time>2026-07-30T11:07:00Z</time></trkpt><trkpt lat="49.93343" lon="17.99414"><time>2026-07-30T11:07:01Z</time></trkpt><trkpt lat="49.93338" lon="17.99442"><time>2026-07-30T11:07:02Z</time></trkpt><trkpt lat="49.93333" lon="17.9947"><time>2026-07-30T11:07:03Z</time></trkpt><trkpt lat="49.93329" lon="17.99497"><time>2026-07-30T11:07:04Z</time></trkpt><trkpt lat="49.93324" lon="17.99522"><time>2026-07-30T11:07:05Z</time></trkpt><trkpt lat="49.9332" lon="17.99548"><time>2026-07-30T11:07:06Z</time></trkpt><trkpt lat="49.93316" lon="17.99572"><time>2026-07-30T11:07:07Z</time></trkpt><trkpt lat="49.93312" lon="17.99595"><time>2026-07-30T11:07:08Z</time></trkpt><trkpt lat="49.93308" lon="17.99618"><time>2026-07-30T11:07:09Z</time></trkpt><trkpt lat="49.93305" lon="17.9964"><time>2026-07-30T11:07:10Z</time></trkpt><trkpt lat="49.93302" lon="17.9966"><time>2026-07-30T11:07:11Z</time></trkpt><trkpt lat="49.93298" lon="17.99681"><time>2026-07-30T11:07:12Z</time></trkpt><trkpt lat="49.93295" lon="17.997"><time>2026-07-30T11:07:13Z</time></trkpt><trkpt lat="49.93291" lon="17.99721"><time>2026-07-30T11:07:14Z</time></trkpt><trkpt lat="49.93288" lon="17.99741"><time>2026-07-30T11:07:15Z</time></trkpt><trkpt lat="49.93285" lon="17.99762"><time>2026-07-30T11:07:16Z</time></trkpt><trkpt lat="49.93282" lon="17.99782"><time>2026-07-30T11:07:17Z</time></trkpt><trkpt lat="49.93279" lon="17.99802"><time>2026-07-30T11:07:18Z</time></trkpt><trkpt lat="49.93277" lon="17.99822"><time>2026-07-30T11:07:19Z</time></trkpt><trkpt lat="49.93275" lon="17.99841"><time>2026-07-30T11:07:20Z</time></trkpt><trkpt lat="49.93273" lon="17.99859"><time>2026-07-30T11:07:21Z</time></trkpt><trkpt lat="49.93272" lon="17.99877"><time>2026-07-30T11:07:22Z</time></trkpt><trkpt lat="49.93272" lon="17.99893"><time>2026-07-30T11:07:23Z</time></trkpt><trkpt lat="49.93273" lon="17.9991"><time>2026-07-30T11:07:24Z</time></trkpt><trkpt lat="49.93274" lon="17.99927"><time>2026-07-30T11:07:25Z</time></trkpt><trkpt lat="49.93275" lon="17.99944"><time>2026-07-30T11:07:26Z</time></trkpt><trkpt lat="49.93278" lon="17.99959"><time>2026-07-30T11:07:27Z</time></trkpt><trkpt lat="49.93281" lon="17.99975"><time>2026-07-30T11:07:28Z</time></trkpt><trkpt lat="49.93284" lon="17.9999"><time>2026-07-30T11:07:29Z</time></trkpt><trkpt lat="49.93288" lon="18.00005"><time>2026-07-30T11:07:30Z</time></trkpt><trkpt lat="49.93292" lon="18.00019"><time>2026-07-30T11:07:31Z</time></trkpt><trkpt lat="49.93295" lon="18.00033"><time>2026-07-30T11:07:32Z</time></trkpt><trkpt lat="49.93298" lon="18.00048"><time>2026-07-30T11:07:33Z</time></trkpt><trkpt lat="49.93302" lon="18.00064"><time>2026-07-30T11:07:34Z</time></trkpt><trkpt lat="49.93304" lon="18.0008"><time>2026-07-30T11:07:35Z</time></trkpt><trkpt lat="49.93305" lon="18.00097"><time>2026-07-30T11:07:36Z</time></trkpt><trkpt lat="49.93306" lon="18.00114"><time>2026-07-30T11:07:37Z</time></trkpt><trkpt lat="49.93305" lon="18.00133"><time>2026-07-30T11:07:38Z</time></trkpt><trkpt lat="49.93304" lon="18.00151"><time>2026-07-30T11:07:39Z</time></trkpt><trkpt lat="49.93302" lon="18.00167"><time>2026-07-30T11:07:40Z</time></trkpt><trkpt lat="49.93301" lon="18.00183"><time>2026-07-30T11:07:41Z</time></trkpt><trkpt lat="49.933" lon="18.002"><time>2026-07-30T11:07:42Z</time></trkpt><trkpt lat="49.933" lon="18.00216"><time>2026-07-30T11:07:43Z</time></trkpt><trkpt lat="49.93302" lon="18.00231"><time>2026-07-30T11:07:44Z</time></trkpt><trkpt lat="49.93303" lon="18.00245"><time>2026-07-30T11:07:45Z</time></trkpt><trkpt lat="49.93305" lon="18.00258"><time>2026-07-30T11:07:46Z</time></trkpt><trkpt lat="49.93307" lon="18.00271"><time>2026-07-30T11:07:47Z</time></trkpt><trkpt lat="49.93309" lon="18.00283"><time>2026-07-30T11:07:48Z</time></trkpt><trkpt lat="49.93311" lon="18.00294"><time>2026-07-30T11:07:49Z</time></trkpt><trkpt lat="49.93313" lon="18.00305"><time>2026-07-30T11:07:50Z</time></trkpt><trkpt lat="49.93315" lon="18.00318"><time>2026-07-30T11:07:51Z</time></trkpt><trkpt lat="49.93316" lon="18.00332"><time>2026-07-30T11:07:52Z</time></trkpt><trkpt lat="49.93317" lon="18.00347"><time>2026-07-30T11:07:53Z</time></trkpt><trkpt lat="49.93318" lon="18.00362"><time>2026-07-30T11:07:54Z</time></trkpt><trkpt lat="49.93319" lon="18.00378"><time>2026-07-30T11:07:55Z</time></trkpt><trkpt lat="49.9332" lon="18.00394"><time>2026-07-30T11:07:56Z</time></trkpt><trkpt lat="49.9332" lon="18.00414"><time>2026-07-30T11:07:57Z</time></trkpt><trkpt lat="49.9332" lon="18.00433"><time>2026-07-30T11:07:58Z</time></trkpt><trkpt lat="49.9332" lon="18.00452"><time>2026-07-30T11:07:59Z</time></trkpt><trkpt lat="49.93319" lon="18.00471"><time>2026-07-30T11:08:00Z</time></trkpt><trkpt lat="49.93318" lon="18.00491"><time>2026-07-30T11:08:01Z</time></trkpt><trkpt lat="49.93316" lon="18.0051"><time>2026-07-30T11:08:02Z</time></trkpt><trkpt lat="49.93312" lon="18.00531"><time>2026-07-30T11:08:03Z</time></trkpt><trkpt lat="49.93308" lon="18.0055"><time>2026-07-30T11:08:04Z</time></trkpt><trkpt lat="49.93304" lon="18.00566"><time>2026-07-30T11:08:05Z</time></trkpt><trkpt lat="49.933" lon="18.00583"><time>2026-07-30T11:08:06Z</time></trkpt><trkpt lat="49.93294" lon="18.00601"><time>2026-07-30T11:08:07Z</time></trkpt><trkpt lat="49.93289" lon="18.00617"><time>2026-07-30T11:08:08Z</time></trkpt><trkpt lat="49.93285" lon="18.00634"><time>2026-07-30T11:08:09Z</time></trkpt><trkpt lat="49.9328" lon="18.0065"><time>2026-07-30T11:08:10Z</time></trkpt><trkpt lat="49.93276" lon="18.00666"><time>2026-07-30T11:08:11Z</time></trkpt><trkpt lat="49.93273" lon="18.00682"><time>2026-07-30T11:08:12Z</time></trkpt><trkpt lat="49.93271" lon="18.00695"><time>2026-07-30T11:08:13Z</time></trkpt><trkpt lat="49.93269" lon="18.00709"><time>2026-07-30T11:08:14Z</time></trkpt><trkpt lat="49.93269" lon="18.00721"><time>2026-07-30T11:08:15Z</time></trkpt><trkpt lat="49.93268" lon="18.00733"><time>2026-07-30T11:08:16Z</time></trkpt><trkpt lat="49.93268" lon="18.00746"><time>2026-07-30T11:08:17Z</time></trkpt><trkpt lat="49.93268" lon="18.00757"><time>2026-07-30T11:08:18Z</time></trkpt><trkpt lat="49.93268" lon="18.0077"><time>2026-07-30T11:08:19Z</time></trkpt><trkpt lat="49.93268" lon="18.00781"><time>2026-07-30T11:08:20Z</time></trkpt><trkpt lat="49.93269" lon="18.00794"><time>2026-07-30T11:08:21Z</time></trkpt><trkpt lat="49.93269" lon="18.00807"><time>2026-07-30T11:08:22Z</time></trkpt><trkpt lat="49.93269" lon="18.00822"><time>2026-07-30T11:08:23Z</time></trkpt><trkpt lat="49.9327" lon="18.00836"><time>2026-07-30T11:08:24Z</time></trkpt><trkpt lat="49.9327" lon="18.00851"><time>2026-07-30T11:08:25Z</time></trkpt><trkpt lat="49.9327" lon="18.00864"><time>2026-07-30T11:08:26Z</time></trkpt><trkpt lat="49.93271" lon="18.00879"><time>2026-07-30T11:08:27Z</time></trkpt><trkpt lat="49.93272" lon="18.00896"><time>2026-07-30T11:08:28Z</time></trkpt><trkpt lat="49.93273" lon="18.00914"><time>2026-07-30T11:08:29Z</time></trkpt><trkpt lat="49.93274" lon="18.00933"><time>2026-07-30T11:08:30Z</time></trkpt><trkpt lat="49.93275" lon="18.00949"><time>2026-07-30T11:08:31Z</time></trkpt><trkpt lat="49.93276" lon="18.00966"><time>2026-07-30T11:08:32Z</time></trkpt><trkpt lat="49.93277" lon="18.00984"><time>2026-07-30T11:08:33Z</time></trkpt><trkpt lat="49.93278" lon="18.01003"><time>2026-07-30T11:08:34Z</time></trkpt><trkpt lat="49.93279" lon="18.01022"><time>2026-07-30T11:08:35Z</time></trkpt><trkpt lat="49.93279" lon="18.01041"><time>2026-07-30T11:08:36Z</time></trkpt><trkpt lat="49.93279" lon="18.01062"><time>2026-07-30T11:08:37Z</time></trkpt><trkpt lat="49.93278" lon="18.01084"><time>2026-07-30T11:08:38Z</time></trkpt><trkpt lat="49.93278" lon="18.01105"><time>2026-07-30T11:08:39Z</time></trkpt><trkpt lat="49.93277" lon="18.01128"><time>2026-07-30T11:08:40Z</time></trkpt><trkpt lat="49.93276" lon="18.01152"><time>2026-07-30T11:08:41Z</time></trkpt><trkpt lat="49.93275" lon="18.01172"><time>2026-07-30T11:08:42Z</time></trkpt><trkpt lat="49.93274" lon="18.01193"><time>2026-07-30T11:08:43Z</time></trkpt><trkpt lat="49.93273" lon="18.01212"><time>2026-07-30T11:08:44Z</time></trkpt><trkpt lat="49.93272" lon="18.01232"><time>2026-07-30T11:08:45Z</time></trkpt><trkpt lat="49.93271" lon="18.01252"><time>2026-07-30T11:08:46Z</time></trkpt><trkpt lat="49.9327" lon="18.01272"><time>2026-07-30T11:08:47Z</time></trkpt><trkpt lat="49.9327" lon="18.01291"><time>2026-07-30T11:08:48Z</time></trkpt><trkpt lat="49.9327" lon="18.0131"><time>2026-07-30T11:08:49Z</time></trkpt><trkpt lat="49.9327" lon="18.0133"><time>2026-07-30T11:08:50Z</time></trkpt><trkpt lat="49.93271" lon="18.01349"><time>2026-07-30T11:08:51Z</time></trkpt><trkpt lat="49.93272" lon="18.01368"><time>2026-07-30T11:08:52Z</time></trkpt><trkpt lat="49.93274" lon="18.01387"><time>2026-07-30T11:08:53Z</time></trkpt><trkpt lat="49.93274" lon="18.01406"><time>2026-07-30T11:08:54Z</time></trkpt><trkpt lat="49.93275" lon="18.01426"><time>2026-07-30T11:08:55Z</time></trkpt><trkpt lat="49.93277" lon="18.01444"><time>2026-07-30T11:08:56Z</time></trkpt><trkpt lat="49.93278" lon="18.01462"><time>2026-07-30T11:08:57Z</time></trkpt><trkpt lat="49.93279" lon="18.0148"><time>2026-07-30T11:08:58Z</time></trkpt><trkpt lat="49.9328" lon="18.01498"><time>2026-07-30T11:08:59Z</time></trkpt><trkpt lat="49.93281" lon="18.01517"><time>2026-07-30T11:09:00Z</time></trkpt><trkpt lat="49.93281" lon="18.01536"><time>2026-07-30T11:09:01Z</time></trkpt><trkpt lat="49.93281" lon="18.01553"><time>2026-07-30T11:09:02Z</time></trkpt><trkpt lat="49.93281" lon="18.0157"><time>2026-07-30T11:09:03Z</time></trkpt><trkpt lat="49.93281" lon="18.01587"><time>2026-07-30T11:09:04Z</time></trkpt><trkpt lat="49.9328" lon="18.01603"><time>2026-07-30T11:09:05Z</time></trkpt><trkpt lat="49.9328" lon="18.01617"><time>2026-07-30T11:09:06Z</time></trkpt><trkpt lat="49.9328" lon="18.01632"><time>2026-07-30T11:09:07Z</time></trkpt><trkpt lat="49.9328" lon="18.01647"><time>2026-07-30T11:09:08Z</time></trkpt><trkpt lat="49.9328" lon="18.01661"><time>2026-07-30T11:09:09Z</time></trkpt><trkpt lat="49.93279" lon="18.01673"><time>2026-07-30T11:09:10Z</time></trkpt><trkpt lat="49.93276" lon="18.01684"><time>2026-07-30T11:09:11Z</time></trkpt><trkpt lat="49.93272" lon="18.01694"><time>2026-07-30T11:09:12Z</time></trkpt><trkpt lat="49.93268" lon="18.017"><time>2026-07-30T11:09:13Z</time></trkpt><trkpt lat="49.93263" lon="18.01706"><time>2026-07-30T11:09:14Z</time></trkpt><trkpt lat="49.93261" lon="18.01715"><time>2026-07-30T11:09:15Z</time></trkpt><trkpt lat="49.93259" lon="18.01726"><time>2026-07-30T11:09:16Z</time></trkpt><trkpt lat="49.93258" lon="18.01738"><time>2026-07-30T11:09:17Z</time></trkpt><trkpt lat="49.93256" lon="18.01753"><time>2026-07-30T11:09:18Z</time></trkpt><trkpt lat="49.93254" lon="18.01768"><time>2026-07-30T11:09:19Z</time></trkpt><trkpt lat="49.93252" lon="18.01783"><time>2026-07-30T11:09:20Z</time></trkpt><trkpt lat="49.93251" lon="18.01798"><time>2026-07-30T11:09:21Z</time></trkpt><trkpt lat="49.93249" lon="18.01814"><time>2026-07-30T11:09:22Z</time></trkpt><trkpt lat="49.93248" lon="18.01833"><time>2026-07-30T11:09:23Z</time></trkpt><trkpt lat="49.93247" lon="18.01852"><time>2026-07-30T11:09:24Z</time></trkpt><trkpt lat="49.93246" lon="18.01871"><time>2026-07-30T11:09:25Z</time></trkpt><trkpt lat="49.93245" lon="18.01889"><time>2026-07-30T11:09:26Z</time></trkpt><trkpt lat="49.93244" lon="18.01909"><time>2026-07-30T11:09:27Z</time></trkpt><trkpt lat="49.93243" lon="18.01928"><time>2026-07-30T11:09:28Z</time></trkpt><trkpt lat="49.93242" lon="18.01948"><time>2026-07-30T11:09:29Z</time></trkpt><trkpt lat="49.93241" lon="18.01967"><time>2026-07-30T11:09:30Z</time></trkpt><trkpt lat="49.93239" lon="18.01986"><time>2026-07-30T11:09:31Z</time></trkpt><trkpt lat="49.93238" lon="18.02005"><time>2026-07-30T11:09:32Z</time></trkpt><trkpt lat="49.93236" lon="18.02025"><time>2026-07-30T11:09:33Z</time></trkpt><trkpt lat="49.93236" lon="18.02046"><time>2026-07-30T11:09:34Z</time></trkpt><trkpt lat="49.93236" lon="18.02066"><time>2026-07-30T11:09:35Z</time></trkpt><trkpt lat="49.93234" lon="18.02086"><time>2026-07-30T11:09:36Z</time></trkpt><trkpt lat="49.93233" lon="18.02106"><time>2026-07-30T11:09:37Z</time></trkpt><trkpt lat="49.93232" lon="18.02125"><time>2026-07-30T11:09:38Z</time></trkpt><trkpt lat="49.93231" lon="18.02143"><time>2026-07-30T11:09:39Z</time></trkpt><trkpt lat="49.9323" lon="18.02164"><time>2026-07-30T11:09:40Z</time></trkpt><trkpt lat="49.93229" lon="18.02184"><time>2026-07-30T11:09:41Z</time></trkpt><trkpt lat="49.93228" lon="18.02204"><time>2026-07-30T11:09:42Z</time></trkpt><trkpt lat="49.93227" lon="18.02222"><time>2026-07-30T11:09:43Z</time></trkpt><trkpt lat="49.93226" lon="18.0224"><time>2026-07-30T11:09:44Z</time></trkpt><trkpt lat="49.93225" lon="18.02258"><time>2026-07-30T11:09:45Z</time></trkpt><trkpt lat="49.93223" lon="18.02277"><time>2026-07-30T11:09:46Z</time></trkpt><trkpt lat="49.93222" lon="18.02296"><time>2026-07-30T11:09:47Z</time></trkpt><trkpt lat="49.9322" lon="18.02314"><time>2026-07-30T11:09:48Z</time></trkpt><trkpt lat="49.93219" lon="18.02333"><time>2026-07-30T11:09:49Z</time></trkpt><trkpt lat="49.93217" lon="18.02352"><time>2026-07-30T11:09:50Z</time></trkpt><trkpt lat="49.93215" lon="18.0237"><time>2026-07-30T11:09:51Z</time></trkpt><trkpt lat="49.93211" lon="18.02392"><time>2026-07-30T11:09:52Z</time></trkpt><trkpt lat="49.93205" lon="18.0241"><time>2026-07-30T11:09:53Z</time></trkpt><trkpt lat="49.932" lon="18.02427"><time>2026-07-30T11:09:54Z</time></trkpt><trkpt lat="49.93194" lon="18.02442"><time>2026-07-30T11:09:55Z</time></trkpt><trkpt lat="49.93188" lon="18.02458"><time>2026-07-30T11:09:56Z</time></trkpt><trkpt lat="49.93183" lon="18.02476"><time>2026-07-30T11:09:57Z</time></trkpt><trkpt lat="49.93178" lon="18.02491"><time>2026-07-30T11:09:58Z</time></trkpt><trkpt lat="49.93173" lon="18.02509"><time>2026-07-30T11:09:59Z</time></trkpt><trkpt lat="49.93169" lon="18.02526"><time>2026-07-30T11:10:00Z</time></trkpt><trkpt lat="49.93165" lon="18.02543"><time>2026-07-30T11:10:01Z</time></trkpt><trkpt lat="49.93162" lon="18.0256"><time>2026-07-30T11:10:02Z</time></trkpt><trkpt lat="49.93158" lon="18.02577"><time>2026-07-30T11:10:03Z</time></trkpt><trkpt lat="49.93155" lon="18.02594"><time>2026-07-30T11:10:04Z</time></trkpt><trkpt lat="49.93152" lon="18.02611"><time>2026-07-30T11:10:05Z</time></trkpt><trkpt lat="49.93149" lon="18.02628"><time>2026-07-30T11:10:06Z</time></trkpt><trkpt lat="49.93146" lon="18.02645"><time>2026-07-30T11:10:07Z</time></trkpt><trkpt lat="49.93142" lon="18.02661"><time>2026-07-30T11:10:08Z</time></trkpt><trkpt lat="49.93138" lon="18.02678"><time>2026-07-30T11:10:09Z</time></trkpt><trkpt lat="49.93134" lon="18.02693"><time>2026-07-30T11:10:10Z</time></trkpt><trkpt lat="49.9313" lon="18.02708"><time>2026-07-30T11:10:11Z</time></trkpt><trkpt lat="49.93126" lon="18.0272"><time>2026-07-30T11:10:12Z</time></trkpt><trkpt lat="49.9312" lon="18.02732"><time>2026-07-30T11:10:13Z</time></trkpt><trkpt lat="49.93114" lon="18.02744"><time>2026-07-30T11:10:14Z</time></trkpt><trkpt lat="49.93107" lon="18.02755"><time>2026-07-30T11:10:15Z</time></trkpt><trkpt lat="49.93099" lon="18.02765"><time>2026-07-30T11:10:16Z</time></trkpt><trkpt lat="49.9309" lon="18.02774"><time>2026-07-30T11:10:17Z</time></trkpt><trkpt lat="49.93082" lon="18.02782"><time>2026-07-30T11:10:18Z</time></trkpt><trkpt lat="49.93074" lon="18.0279"><time>2026-07-30T11:10:19Z</time></trkpt><trkpt lat="49.93065" lon="18.02798"><time>2026-07-30T11:10:20Z</time></trkpt><trkpt lat="49.93057" lon="18.02806"><time>2026-07-30T11:10:21Z</time></trkpt><trkpt lat="49.93048" lon="18.02813"><time>2026-07-30T11:10:22Z</time></trkpt><trkpt lat="49.9304" lon="18.02821"><time>2026-07-30T11:10:23Z</time></trkpt><trkpt lat="49.93032" lon="18.02829"><time>2026-07-30T11:10:24Z</time></trkpt><trkpt lat="49.93024" lon="18.02835"><time>2026-07-30T11:10:25Z</time></trkpt><trkpt lat="49.93017" lon="18.02842"><time>2026-07-30T11:10:26Z</time></trkpt><trkpt lat="49.9301" lon="18.0285"><time>2026-07-30T11:10:27Z</time></trkpt><trkpt lat="49.93003" lon="18.02856"><time>2026-07-30T11:10:28Z</time></trkpt><trkpt lat="49.92997" lon="18.02864"><time>2026-07-30T11:10:29Z</time></trkpt><trkpt lat="49.92989" lon="18.02871"><time>2026-07-30T11:10:30Z</time></trkpt><trkpt lat="49.92982" lon="18.02879"><time>2026-07-30T11:10:31Z</time></trkpt><trkpt lat="49.92974" lon="18.02888"><time>2026-07-30T11:10:32Z</time></trkpt><trkpt lat="49.92966" lon="18.02897"><time>2026-07-30T11:10:33Z</time></trkpt><trkpt lat="49.92959" lon="18.02905"><time>2026-07-30T11:10:34Z</time></trkpt><trkpt lat="49.92952" lon="18.02912"><time>2026-07-30T11:10:35Z</time></trkpt><trkpt lat="49.92945" lon="18.02921"><time>2026-07-30T11:10:36Z</time></trkpt><trkpt lat="49.92937" lon="18.02932"><time>2026-07-30T11:10:37Z</time></trkpt><trkpt lat="49.92929" lon="18.02943"><time>2026-07-30T11:10:38Z</time></trkpt><trkpt lat="49.92921" lon="18.02953"><time>2026-07-30T11:10:39Z</time></trkpt><trkpt lat="49.92913" lon="18.02964"><time>2026-07-30T11:10:40Z</time></trkpt><trkpt lat="49.92905" lon="18.02974"><time>2026-07-30T11:10:41Z</time></trkpt><trkpt lat="49.92898" lon="18.02987"><time>2026-07-30T11:10:42Z</time></trkpt><trkpt lat="49.9289" lon="18.02997"><time>2026-07-30T11:10:43Z</time></trkpt><trkpt lat="49.92883" lon="18.03008"><time>2026-07-30T11:10:44Z</time></trkpt><trkpt lat="49.92876" lon="18.03019"><time>2026-07-30T11:10:45Z</time></trkpt><trkpt lat="49.92869" lon="18.03032"><time>2026-07-30T11:10:46Z</time></trkpt><trkpt lat="49.92862" lon="18.03045"><time>2026-07-30T11:10:47Z</time></trkpt><trkpt lat="49.92855" lon="18.03058"><time>2026-07-30T11:10:48Z</time></trkpt><trkpt lat="49.92849" lon="18.03071"><time>2026-07-30T11:10:49Z</time></trkpt><trkpt lat="49.92842" lon="18.03083"><time>2026-07-30T11:10:50Z</time></trkpt><trkpt lat="49.92836" lon="18.03097"><time>2026-07-30T11:10:51Z</time></trkpt><trkpt lat="49.92829" lon="18.0311"><time>2026-07-30T11:10:52Z</time></trkpt><trkpt lat="49.92822" lon="18.03124"><time>2026-07-30T11:10:53Z</time></trkpt><trkpt lat="49.92815" lon="18.03138"><time>2026-07-30T11:10:54Z</time></trkpt><trkpt lat="49.92809" lon="18.03152"><time>2026-07-30T11:10:55Z</time></trkpt><trkpt lat="49.92804" lon="18.03166"><time>2026-07-30T11:10:56Z</time></trkpt><trkpt lat="49.92798" lon="18.03182"><time>2026-07-30T11:10:57Z</time></trkpt><trkpt lat="49.92792" lon="18.03197"><time>2026-07-30T11:10:58Z</time></trkpt><trkpt lat="49.92787" lon="18.03212"><time>2026-07-30T11:10:59Z</time></trkpt><trkpt lat="49.92783" lon="18.03226"><time>2026-07-30T11:11:00Z</time></trkpt><trkpt lat="49.92778" lon="18.03239"><time>2026-07-30T11:11:01Z</time></trkpt><trkpt lat="49.92774" lon="18.03253"><time>2026-07-30T11:11:02Z</time></trkpt><trkpt lat="49.9277" lon="18.03268"><time>2026-07-30T11:11:03Z</time></trkpt><trkpt lat="49.92765" lon="18.03284"><time>2026-07-30T11:11:04Z</time></trkpt><trkpt lat="49.92761" lon="18.03301"><time>2026-07-30T11:11:05Z</time></trkpt><trkpt lat="49.92757" lon="18.03317"><time>2026-07-30T11:11:06Z</time></trkpt><trkpt lat="49.92753" lon="18.03333"><time>2026-07-30T11:11:07Z</time></trkpt><trkpt lat="49.92749" lon="18.0335"><time>2026-07-30T11:11:08Z</time></trkpt><trkpt lat="49.92744" lon="18.03367"><time>2026-07-30T11:11:09Z</time></trkpt><trkpt lat="49.9274" lon="18.03385"><time>2026-07-30T11:11:10Z</time></trkpt><trkpt lat="49.92735" lon="18.03402"><time>2026-07-30T11:11:11Z</time></trkpt><trkpt lat="49.9273" lon="18.03419"><time>2026-07-30T11:11:12Z</time></trkpt><trkpt lat="49.92724" lon="18.03437"><time>2026-07-30T11:11:13Z</time></trkpt><trkpt lat="49.92719" lon="18.03452"><time>2026-07-30T11:11:14Z</time></trkpt><trkpt lat="49.92715" lon="18.03468"><time>2026-07-30T11:11:15Z</time></trkpt><trkpt lat="49.9271" lon="18.03485"><time>2026-07-30T11:11:16Z</time></trkpt><trkpt lat="49.92707" lon="18.03503"><time>2026-07-30T11:11:17Z</time></trkpt><trkpt lat="49.92705" lon="18.03523"><time>2026-07-30T11:11:18Z</time></trkpt><trkpt lat="49.92703" lon="18.03542"><time>2026-07-30T11:11:19Z</time></trkpt><trkpt lat="49.92702" lon="18.03561"><time>2026-07-30T11:11:20Z</time></trkpt><trkpt lat="49.92701" lon="18.03579"><time>2026-07-30T11:11:21Z</time></trkpt><trkpt lat="49.92699" lon="18.03595"><time>2026-07-30T11:11:22Z</time></trkpt><trkpt lat="49.92696" lon="18.03611"><time>2026-07-30T11:11:23Z</time></trkpt><trkpt lat="49.92691" lon="18.03627"><time>2026-07-30T11:11:24Z</time></trkpt><trkpt lat="49.92686" lon="18.03645"><time>2026-07-30T11:11:25Z</time></trkpt><trkpt lat="49.92681" lon="18.03662"><time>2026-07-30T11:11:26Z</time></trkpt><trkpt lat="49.92675" lon="18.03682"><time>2026-07-30T11:11:27Z</time></trkpt><trkpt lat="49.92668" lon="18.03702"><time>2026-07-30T11:11:28Z</time></trkpt><trkpt lat="49.92663" lon="18.03719"><time>2026-07-30T11:11:29Z</time></trkpt><trkpt lat="49.92657" lon="18.03738"><time>2026-07-30T11:11:30Z</time></trkpt><trkpt lat="49.92652" lon="18.03757"><time>2026-07-30T11:11:31Z</time></trkpt><trkpt lat="49.92645" lon="18.03778"><time>2026-07-30T11:11:32Z</time></trkpt><trkpt lat="49.92641" lon="18.03797"><time>2026-07-30T11:11:33Z</time></trkpt><trkpt lat="49.92636" lon="18.03815"><time>2026-07-30T11:11:34Z</time></trkpt><trkpt lat="49.92631" lon="18.03833"><time>2026-07-30T11:11:35Z</time></trkpt><trkpt lat="49.92628" lon="18.03852"><time>2026-07-30T11:11:36Z</time></trkpt><trkpt lat="49.92624" lon="18.0387"><time>2026-07-30T11:11:37Z</time></trkpt><trkpt lat="49.9262" lon="18.03889"><time>2026-07-30T11:11:38Z</time></trkpt><trkpt lat="49.92616" lon="18.03908"><time>2026-07-30T11:11:39Z</time></trkpt><trkpt lat="49.92613" lon="18.03928"><time>2026-07-30T11:11:40Z</time></trkpt><trkpt lat="49.92608" lon="18.03947"><time>2026-07-30T11:11:41Z</time></trkpt><trkpt lat="49.92604" lon="18.03967"><time>2026-07-30T11:11:42Z</time></trkpt><trkpt lat="49.926" lon="18.03986"><time>2026-07-30T11:11:43Z</time></trkpt><trkpt lat="49.92595" lon="18.04003"><time>2026-07-30T11:11:44Z</time></trkpt><trkpt lat="49.9259" lon="18.0402"><time>2026-07-30T11:11:45Z</time></trkpt><trkpt lat="49.92584" lon="18.04037"><time>2026-07-30T11:11:46Z</time></trkpt><trkpt lat="49.92579" lon="18.04052"><time>2026-07-30T11:11:47Z</time></trkpt><trkpt lat="49.92574" lon="18.04068"><time>2026-07-30T11:11:48Z</time></trkpt><trkpt lat="49.92568" lon="18.04086"><time>2026-07-30T11:11:49Z</time></trkpt><trkpt lat="49.92564" lon="18.04104"><time>2026-07-30T11:11:50Z</time></trkpt><trkpt lat="49.92561" lon="18.04123"><time>2026-07-30T11:11:51Z</time></trkpt><trkpt lat="49.92557" lon="18.04143"><time>2026-07-30T11:11:52Z</time></trkpt><trkpt lat="49.92555" lon="18.04163"><time>2026-07-30T11:11:53Z</time></trkpt><trkpt lat="49.92553" lon="18.04182"><time>2026-07-30T11:11:54Z</time></trkpt><trkpt lat="49.92551" lon="18.04203"><time>2026-07-30T11:11:55Z</time></trkpt><trkpt lat="49.9255" lon="18.04226"><time>2026-07-30T11:11:56Z</time></trkpt><trkpt lat="49.92548" lon="18.04248"><time>2026-07-30T11:11:57Z</time></trkpt><trkpt lat="49.92547" lon="18.0427"><time>2026-07-30T11:11:58Z</time></trkpt><trkpt lat="49.92546" lon="18.04292"><time>2026-07-30T11:11:59Z</time></trkpt><trkpt lat="49.92545" lon="18.04315"><time>2026-07-30T11:12:00Z</time></trkpt><trkpt lat="49.92544" lon="18.04339"><time>2026-07-30T11:12:01Z</time></trkpt><trkpt lat="49.92542" lon="18.04363"><time>2026-07-30T11:12:02Z</time></trkpt><trkpt lat="49.92541" lon="18.04388"><time>2026-07-30T11:12:03Z</time></trkpt><trkpt lat="49.9254" lon="18.04414"><time>2026-07-30T11:12:04Z</time></trkpt><trkpt lat="49.92538" lon="18.04443"><time>2026-07-30T11:12:05Z</time></trkpt><trkpt lat="49.92536" lon="18.04469"><time>2026-07-30T11:12:06Z</time></trkpt><trkpt lat="49.92535" lon="18.04495"><time>2026-07-30T11:12:07Z</time></trkpt><trkpt lat="49.92533" lon="18.04523"><time>2026-07-30T11:12:08Z</time></trkpt><trkpt lat="49.92531" lon="18.0455"><time>2026-07-30T11:12:09Z</time></trkpt><trkpt lat="49.92529" lon="18.04578"><time>2026-07-30T11:12:10Z</time></trkpt><trkpt lat="49.92527" lon="18.04607"><time>2026-07-30T11:12:11Z</time></trkpt><trkpt lat="49.92525" lon="18.04636"><time>2026-07-30T11:12:12Z</time></trkpt><trkpt lat="49.92523" lon="18.04667"><time>2026-07-30T11:12:13Z</time></trkpt><trkpt lat="49.9252" lon="18.04697"><time>2026-07-30T11:12:14Z</time></trkpt><trkpt lat="49.92518" lon="18.04727"><time>2026-07-30T11:12:15Z</time></trkpt><trkpt lat="49.92516" lon="18.04758"><time>2026-07-30T11:12:16Z</time></trkpt><trkpt lat="49.92514" lon="18.04791"><time>2026-07-30T11:12:17Z</time></trkpt><trkpt lat="49.92511" lon="18.04824"><time>2026-07-30T11:12:18Z</time></trkpt><trkpt lat="49.92509" lon="18.04859"><time>2026-07-30T11:12:19Z</time></trkpt><trkpt lat="49.92507" lon="18.04895"><time>2026-07-30T11:12:20Z</time></trkpt><trkpt lat="49.92504" lon="18.04929"><time>2026-07-30T11:12:21Z</time></trkpt><trkpt lat="49.92501" lon="18.04962"><time>2026-07-30T11:12:22Z</time></trkpt><trkpt lat="49.92499" lon="18.04995"><time>2026-07-30T11:12:23Z</time></trkpt><trkpt lat="49.92496" lon="18.05028"><time>2026-07-30T11:12:24Z</time></trkpt><trkpt lat="49.92494" lon="18.0506"><time>2026-07-30T11:12:25Z</time></trkpt><trkpt lat="49.92492" lon="18.05091"><time>2026-07-30T11:12:26Z</time></trkpt><trkpt lat="49.9249" lon="18.05119"><time>2026-07-30T11:12:27Z</time></trkpt><trkpt lat="49.92487" lon="18.05147"><time>2026-07-30T11:12:28Z</time></trkpt><trkpt lat="49.92484" lon="18.05175"><time>2026-07-30T11:12:29Z</time></trkpt><trkpt lat="49.92479" lon="18.05202"><time>2026-07-30T11:12:30Z</time></trkpt><trkpt lat="49.92474" lon="18.05229"><time>2026-07-30T11:12:31Z</time></trkpt><trkpt lat="49.92467" lon="18.05254"><time>2026-07-30T11:12:32Z</time></trkpt><trkpt lat="49.92461" lon="18.0528"><time>2026-07-30T11:12:33Z</time></trkpt><trkpt lat="49.92455" lon="18.05304"><time>2026-07-30T11:12:34Z</time></trkpt><trkpt lat="49.92449" lon="18.05326"><time>2026-07-30T11:12:35Z</time></trkpt><trkpt lat="49.92444" lon="18.05347"><time>2026-07-30T11:12:36Z</time></trkpt><trkpt lat="49.92438" lon="18.05368"><time>2026-07-30T11:12:37Z</time></trkpt><trkpt lat="49.92433" lon="18.05387"><time>2026-07-30T11:12:38Z</time></trkpt><trkpt lat="49.92428" lon="18.05406"><time>2026-07-30T11:12:39Z</time></trkpt><trkpt lat="49.92423" lon="18.05423"><time>2026-07-30T11:12:40Z</time></trkpt><trkpt lat="49.92419" lon="18.0544"><time>2026-07-30T11:12:41Z</time></trkpt><trkpt lat="49.92415" lon="18.05456"><time>2026-07-30T11:12:42Z</time></trkpt><trkpt lat="49.92411" lon="18.05472"><time>2026-07-30T11:12:43Z</time></trkpt><trkpt lat="49.92407" lon="18.05488"><time>2026-07-30T11:12:44Z</time></trkpt><trkpt lat="49.92404" lon="18.05503"><time>2026-07-30T11:12:45Z</time></trkpt><trkpt lat="49.92401" lon="18.05516"><time>2026-07-30T11:12:46Z</time></trkpt><trkpt lat="49.92398" lon="18.05531"><time>2026-07-30T11:12:47Z</time></trkpt><trkpt lat="49.92395" lon="18.05541"><time>2026-07-30T11:12:48Z</time></trkpt><trkpt lat="49.92394" lon="18.05551"><time>2026-07-30T11:12:49Z</time></trkpt><trkpt lat="49.92392" lon="18.05559"><time>2026-07-30T11:12:50Z</time></trkpt><trkpt lat="49.92391" lon="18.05568"><time>2026-07-30T11:12:51Z</time></trkpt><trkpt lat="49.92389" lon="18.05576"><time>2026-07-30T11:12:52Z</time></trkpt><trkpt lat="49.92388" lon="18.05585"><time>2026-07-30T11:12:53Z</time></trkpt><trkpt lat="49.92386" lon="18.05594"><time>2026-07-30T11:12:54Z</time></trkpt><trkpt lat="49.92385" lon="18.05604"><time>2026-07-30T11:12:55Z</time></trkpt><trkpt lat="49.92384" lon="18.05613"><time>2026-07-30T11:12:56Z</time></trkpt><trkpt lat="49.92383" lon="18.05621"><time>2026-07-30T11:12:57Z</time></trkpt><trkpt lat="49.92383" lon="18.05628"><time>2026-07-30T11:12:58Z</time></trkpt><trkpt lat="49.92382" lon="18.05636"><time>2026-07-30T11:12:59Z</time></trkpt><trkpt lat="49.92381" lon="18.05645"><time>2026-07-30T11:13:00Z</time></trkpt><trkpt lat="49.92381" lon="18.05653"><time>2026-07-30T11:13:01Z</time></trkpt><trkpt lat="49.9238" lon="18.0566"><time>2026-07-30T11:13:02Z</time></trkpt><trkpt lat="49.9238" lon="18.05668"><time>2026-07-30T11:13:03Z</time></trkpt><trkpt lat="49.9238" lon="18.05675"><time>2026-07-30T11:13:04Z</time></trkpt><trkpt lat="49.92379" lon="18.05683"><time>2026-07-30T11:13:05Z</time></trkpt><trkpt lat="49.92379" lon="18.05691"><time>2026-07-30T11:13:06Z</time></trkpt><trkpt lat="49.92378" lon="18.05697"><time>2026-07-30T11:13:07Z</time></trkpt><trkpt lat="49.92378" lon="18.05706"><time>2026-07-30T11:13:08Z</time></trkpt><trkpt lat="49.92377" lon="18.05714"><time>2026-07-30T11:13:09Z</time></trkpt><trkpt lat="49.92377" lon="18.05721"><time>2026-07-30T11:13:10Z</time></trkpt><trkpt lat="49.92376" lon="18.05729"><time>2026-07-30T11:13:11Z</time></trkpt><trkpt lat="49.92376" lon="18.05736"><time>2026-07-30T11:13:12Z</time></trkpt><trkpt lat="49.92376" lon="18.05743"><time>2026-07-30T11:13:13Z</time></trkpt><trkpt lat="49.92376" lon="18.05751"><time>2026-07-30T11:13:14Z</time></trkpt><trkpt lat="49.92375" lon="18.05758"><time>2026-07-30T11:13:15Z</time></trkpt><trkpt lat="49.92375" lon="18.05765"><time>2026-07-30T11:13:16Z</time></trkpt><trkpt lat="49.92375" lon="18.05771"><time>2026-07-30T11:13:17Z</time></trkpt><trkpt lat="49.92375" lon="18.05779"><time>2026-07-30T11:13:18Z</time></trkpt><trkpt lat="49.92375" lon="18.05784"><time>2026-07-30T11:13:19Z</time></trkpt><trkpt lat="49.92375" lon="18.05791"><time>2026-07-30T11:13:20Z</time></trkpt><trkpt lat="49.92375" lon="18.05798"><time>2026-07-30T11:13:21Z</time></trkpt><trkpt lat="49.92375" lon="18.05804"><time>2026-07-30T11:13:22Z</time></trkpt><trkpt lat="49.92375" lon="18.0581"><time>2026-07-30T11:13:23Z</time></trkpt><trkpt lat="49.92374" lon="18.05816"><time>2026-07-30T11:13:24Z</time></trkpt><trkpt lat="49.92374" lon="18.05823"><time>2026-07-30T11:13:25Z</time></trkpt><trkpt lat="49.92374" lon="18.05828"><time>2026-07-30T11:13:26Z</time></trkpt><trkpt lat="49.92374" lon="18.05834"><time>2026-07-30T11:13:27Z</time></trkpt><trkpt lat="49.92374" lon="18.0584"><time>2026-07-30T11:13:28Z</time></trkpt><trkpt lat="49.92374" lon="18.05845"><time>2026-07-30T11:13:29Z</time></trkpt><trkpt lat="49.92374" lon="18.0585"><time>2026-07-30T11:13:30Z</time></trkpt><trkpt lat="49.92374" lon="18.05855"><time>2026-07-30T11:13:31Z</time></trkpt><trkpt lat="49.92374" lon="18.0586"><time>2026-07-30T11:13:32Z</time></trkpt><trkpt lat="49.92374" lon="18.05865"><time>2026-07-30T11:13:33Z</time></trkpt><trkpt lat="49.92374" lon="18.05869"><time>2026-07-30T11:13:34Z</time></trkpt><trkpt lat="49.92374" lon="18.05874"><time>2026-07-30T11:13:35Z</time></trkpt><trkpt lat="49.92374" lon="18.05878"><time>2026-07-30T11:13:36Z</time></trkpt><trkpt lat="49.92374" lon="18.05882"><time>2026-07-30T11:13:37Z</time></trkpt><trkpt lat="49.92374" lon="18.05885"><time>2026-07-30T11:13:38Z</time></trkpt><trkpt lat="49.92374" lon="18.05887"><time>2026-07-30T11:13:39Z</time></trkpt><trkpt lat="49.92376" lon="18.05887"><time>2026-07-30T11:14:25Z</time></trkpt><trkpt lat="49.92377" lon="18.05887"><time>2026-07-30T11:14:26Z</time></trkpt><trkpt lat="49.92378" lon="18.05884"><time>2026-07-30T11:14:27Z</time></trkpt><trkpt lat="49.92378" lon="18.05882"><time>2026-07-30T11:14:28Z</time></trkpt><trkpt lat="49.92378" lon="18.0588"><time>2026-07-30T11:14:29Z</time></trkpt><trkpt lat="49.92378" lon="18.05877"><time>2026-07-30T11:14:30Z</time></trkpt><trkpt lat="49.92378" lon="18.05874"><time>2026-07-30T11:14:31Z</time></trkpt><trkpt lat="49.92378" lon="18.05872"><time>2026-07-30T11:14:32Z</time></trkpt><trkpt lat="49.92378" lon="18.05869"><time>2026-07-30T11:14:33Z</time></trkpt><trkpt lat="49.92378" lon="18.05867"><time>2026-07-30T11:14:34Z</time></trkpt><trkpt lat="49.92378" lon="18.05864"><time>2026-07-30T11:14:35Z</time></trkpt><trkpt lat="49.92378" lon="18.05862"><time>2026-07-30T11:14:36Z</time></trkpt><trkpt lat="49.92378" lon="18.05859"><time>2026-07-30T11:14:37Z</time></trkpt><trkpt lat="49.92378" lon="18.05857"><time>2026-07-30T11:14:38Z</time></trkpt><trkpt lat="49.92378" lon="18.05855"><time>2026-07-30T11:14:39Z</time></trkpt><trkpt lat="49.92378" lon="18.05853"><time>2026-07-30T11:14:40Z</time></trkpt><trkpt lat="49.92378" lon="18.05851"><time>2026-07-30T11:14:41Z</time></trkpt><trkpt lat="49.92378" lon="18.05849"><time>2026-07-30T11:14:42Z</time></trkpt><trkpt lat="49.92378" lon="18.05847"><time>2026-07-30T11:14:43Z</time></trkpt><trkpt lat="49.92378" lon="18.05845"><time>2026-07-30T11:14:44Z</time></trkpt><trkpt lat="49.92378" lon="18.05843"><time>2026-07-30T11:14:45Z</time></trkpt><trkpt lat="49.92378" lon="18.05841"><time>2026-07-30T11:14:46Z</time></trkpt><trkpt lat="49.92378" lon="18.05838"><time>2026-07-30T11:14:57Z</time></trkpt><trkpt lat="49.92378" lon="18.05835"><time>2026-07-30T11:14:58Z</time></trkpt><trkpt lat="49.92378" lon="18.05832"><time>2026-07-30T11:14:59Z</time></trkpt><trkpt lat="49.92378" lon="18.05829"><time>2026-07-30T11:15:00Z</time></trkpt><trkpt lat="49.92378" lon="18.05826"><time>2026-07-30T11:15:01Z</time></trkpt><trkpt lat="49.92378" lon="18.05823"><time>2026-07-30T11:15:02Z</time></trkpt><trkpt lat="49.92378" lon="18.0582"><time>2026-07-30T11:15:03Z</time></trkpt><trkpt lat="49.92378" lon="18.05818"><time>2026-07-30T11:15:04Z</time></trkpt><trkpt lat="49.92378" lon="18.05815"><time>2026-07-30T11:15:05Z</time></trkpt><trkpt lat="49.92378" lon="18.05812"><time>2026-07-30T11:15:06Z</time></trkpt><trkpt lat="49.92378" lon="18.0581"><time>2026-07-30T11:15:07Z</time></trkpt><trkpt lat="49.92378" lon="18.05807"><time>2026-07-30T11:15:08Z</time></trkpt><trkpt lat="49.92377" lon="18.05805"><time>2026-07-30T11:15:09Z</time></trkpt><trkpt lat="49.92377" lon="18.05802"><time>2026-07-30T11:15:10Z</time></trkpt><trkpt lat="49.92377" lon="18.058"><time>2026-07-30T11:15:11Z</time></trkpt><trkpt lat="49.92377" lon="18.05798"><time>2026-07-30T11:15:12Z</time></trkpt><trkpt lat="49.92377" lon="18.05796"><time>2026-07-30T11:15:13Z</time></trkpt><trkpt lat="49.92377" lon="18.05793"><time>2026-07-30T11:15:14Z</time></trkpt><trkpt lat="49.92377" lon="18.05791"><time>2026-07-30T11:15:15Z</time></trkpt><trkpt lat="49.92378" lon="18.05788"><time>2026-07-30T11:15:16Z</time></trkpt><trkpt lat="49.92378" lon="18.05786"><time>2026-07-30T11:15:17Z</time></trkpt><trkpt lat="49.92378" lon="18.05783"><time>2026-07-30T11:15:18Z</time></trkpt><trkpt lat="49.92378" lon="18.05781"><time>2026-07-30T11:15:19Z</time></trkpt><trkpt lat="49.92378" lon="18.05779"><time>2026-07-30T11:15:20Z</time></trkpt><trkpt lat="49.92379" lon="18.05776"><time>2026-07-30T11:15:21Z</time></trkpt><trkpt lat="49.92379" lon="18.05774"><time>2026-07-30T11:15:22Z</time></trkpt><trkpt lat="49.92379" lon="18.05772"><time>2026-07-30T11:15:23Z</time></trkpt><trkpt lat="49.92379" lon="18.05769"><time>2026-07-30T11:15:24Z</time></trkpt><trkpt lat="49.92379" lon="18.05767"><time>2026-07-30T11:15:25Z</time></trkpt><trkpt lat="49.92379" lon="18.05764"><time>2026-07-30T11:15:26Z</time></trkpt><trkpt lat="49.92379" lon="18.05762"><time>2026-07-30T11:15:27Z</time></trkpt><trkpt lat="49.92379" lon="18.05759"><time>2026-07-30T11:15:28Z</time></trkpt><trkpt lat="49.92379" lon="18.05757"><time>2026-07-30T11:15:29Z</time></trkpt><trkpt lat="49.92379" lon="18.05755"><time>2026-07-30T11:15:30Z</time></trkpt><trkpt lat="49.92379" lon="18.05752"><time>2026-07-30T11:15:31Z</time></trkpt><trkpt lat="49.92379" lon="18.0575"><time>2026-07-30T11:15:32Z</time></trkpt><trkpt lat="49.92379" lon="18.05748"><time>2026-07-30T11:15:33Z</time></trkpt><trkpt lat="49.92379" lon="18.05745"><time>2026-07-30T11:15:34Z</time></trkpt><trkpt lat="49.92379" lon="18.05743"><time>2026-07-30T11:15:35Z</time></trkpt><trkpt lat="49.92379" lon="18.05741"><time>2026-07-30T11:15:36Z</time></trkpt><trkpt lat="49.9238" lon="18.05738"><time>2026-07-30T11:15:37Z</time></trkpt><trkpt lat="49.9238" lon="18.05736"><time>2026-07-30T11:15:38Z</time></trkpt><trkpt lat="49.9238" lon="18.05734"><time>2026-07-30T11:15:39Z</time></trkpt><trkpt lat="49.9238" lon="18.05731"><time>2026-07-30T11:15:40Z</time></trkpt><trkpt lat="49.9238" lon="18.05728"><time>2026-07-30T11:15:41Z</time></trkpt><trkpt lat="49.9238" lon="18.05725"><time>2026-07-30T11:15:42Z</time></trkpt><trkpt lat="49.9238" lon="18.05722"><time>2026-07-30T11:15:43Z</time></trkpt><trkpt lat="49.92381" lon="18.05719"><time>2026-07-30T11:15:44Z</time></trkpt><trkpt lat="49.92381" lon="18.05717"><time>2026-07-30T11:15:45Z</time></trkpt><trkpt lat="49.92381" lon="18.05714"><time>2026-07-30T11:15:46Z</time></trkpt><trkpt lat="49.92381" lon="18.05712"><time>2026-07-30T11:15:47Z</time></trkpt><trkpt lat="49.92381" lon="18.05709"><time>2026-07-30T11:15:48Z</time></trkpt><trkpt lat="49.92382" lon="18.05706"><time>2026-07-30T11:15:49Z</time></trkpt><trkpt lat="49.92382" lon="18.05704"><time>2026-07-30T11:15:50Z</time></trkpt><trkpt lat="49.92382" lon="18.05701"><time>2026-07-30T11:15:51Z</time></trkpt><trkpt lat="49.92382" lon="18.05698"><time>2026-07-30T11:15:52Z</time></trkpt><trkpt lat="49.92382" lon="18.05696"><time>2026-07-30T11:15:53Z</time></trkpt><trkpt lat="49.92382" lon="18.05694"><time>2026-07-30T11:15:54Z</time></trkpt><trkpt lat="49.92383" lon="18.05691"><time>2026-07-30T11:15:55Z</time></trkpt><trkpt lat="49.92383" lon="18.05689"><time>2026-07-30T11:15:56Z</time></trkpt><trkpt lat="49.92383" lon="18.05686"><time>2026-07-30T11:15:57Z</time></trkpt><trkpt lat="49.92383" lon="18.05684"><time>2026-07-30T11:15:58Z</time></trkpt><trkpt lat="49.92383" lon="18.05681"><time>2026-07-30T11:15:59Z</time></trkpt><trkpt lat="49.92384" lon="18.05679"><time>2026-07-30T11:16:00Z</time></trkpt><trkpt lat="49.92384" lon="18.05677"><time>2026-07-30T11:16:01Z</time></trkpt><trkpt lat="49.92384" lon="18.05674"><time>2026-07-30T11:16:02Z</time></trkpt><trkpt lat="49.92384" lon="18.05672"><time>2026-07-30T11:16:03Z</time></trkpt><trkpt lat="49.92384" lon="18.05669"><time>2026-07-30T11:16:04Z</time></trkpt><trkpt lat="49.92385" lon="18.05667"><time>2026-07-30T11:16:05Z</time></trkpt><trkpt lat="49.92385" lon="18.05665"><time>2026-07-30T11:16:06Z</time></trkpt><trkpt lat="49.92385" lon="18.05662"><time>2026-07-30T11:16:07Z</time></trkpt><trkpt lat="49.92385" lon="18.0566"><time>2026-07-30T11:16:08Z</time></trkpt><trkpt lat="49.92385" lon="18.05657"><time>2026-07-30T11:16:09Z</time></trkpt><trkpt lat="49.92385" lon="18.05655"><time>2026-07-30T11:16:10Z</time></trkpt><trkpt lat="49.92385" lon="18.05652"><time>2026-07-30T11:16:11Z</time></trkpt><trkpt lat="49.92386" lon="18.0565"><time>2026-07-30T11:16:12Z</time></trkpt><trkpt lat="49.92386" lon="18.05647"><time>2026-07-30T11:16:13Z</time></trkpt><trkpt lat="49.92386" lon="18.05645"><time>2026-07-30T11:16:14Z</time></trkpt><trkpt lat="49.92386" lon="18.05642"><time>2026-07-30T11:16:15Z</time></trkpt><trkpt lat="49.92386" lon="18.0564"><time>2026-07-30T11:16:16Z</time></trkpt><trkpt lat="49.92387" lon="18.05637"><time>2026-07-30T11:16:17Z</time></trkpt><trkpt lat="49.92387" lon="18.05635"><time>2026-07-30T11:16:18Z</time></trkpt><trkpt lat="49.92387" lon="18.05633"><time>2026-07-30T11:16:19Z</time></trkpt><trkpt lat="49.92387" lon="18.0563"><time>2026-07-30T11:16:20Z</time></trkpt><trkpt lat="49.92388" lon="18.05628"><time>2026-07-30T11:16:21Z</time></trkpt><trkpt lat="49.92388" lon="18.05626"><time>2026-07-30T11:16:22Z</time></trkpt><trkpt lat="49.92388" lon="18.05623"><time>2026-07-30T11:16:22Z</time></trkpt><trkpt lat="49.92388" lon="18.05621"><time>2026-07-30T11:16:23Z</time></trkpt><trkpt lat="49.92389" lon="18.05618"><time>2026-07-30T11:16:24Z</time></trkpt><trkpt lat="49.92389" lon="18.05616"><time>2026-07-30T11:16:25Z</time></trkpt><trkpt lat="49.92389" lon="18.05614"><time>2026-07-30T11:16:26Z</time></trkpt><trkpt lat="49.9239" lon="18.05611"><time>2026-07-30T11:16:27Z</time></trkpt><trkpt lat="49.9239" lon="18.05609"><time>2026-07-30T11:16:28Z</time></trkpt><trkpt lat="49.9239" lon="18.05607"><time>2026-07-30T11:16:29Z</time></trkpt><trkpt lat="49.92391" lon="18.05605"><time>2026-07-30T11:16:30Z</time></trkpt><trkpt lat="49.92391" lon="18.05602"><time>2026-07-30T11:16:31Z</time></trkpt><trkpt lat="49.92391" lon="18.056"><time>2026-07-30T11:16:32Z</time></trkpt><trkpt lat="49.92392" lon="18.05598"><time>2026-07-30T11:16:33Z</time></trkpt><trkpt lat="49.92392" lon="18.05596"><time>2026-07-30T11:16:34Z</time></trkpt><trkpt lat="49.92392" lon="18.05593"><time>2026-07-30T11:16:35Z</time></trkpt><trkpt lat="49.92392" lon="18.05591"><time>2026-07-30T11:16:36Z</time></trkpt><trkpt lat="49.92393" lon="18.05589"><time>2026-07-30T11:16:37Z</time></trkpt><trkpt lat="49.92393" lon="18.05586"><time>2026-07-30T11:16:38Z</time></trkpt><trkpt lat="49.92393" lon="18.05584"><time>2026-07-30T11:16:39Z</time></trkpt><trkpt lat="49.92394" lon="18.05582"><time>2026-07-30T11:16:40Z</time></trkpt><trkpt lat="49.92394" lon="18.05579"><time>2026-07-30T11:16:41Z</time></trkpt><trkpt lat="49.92394" lon="18.05577"><time>2026-07-30T11:16:42Z</time></trkpt><trkpt lat="49.92395" lon="18.05574"><time>2026-07-30T11:16:43Z</time></trkpt><trkpt lat="49.92395" lon="18.05572"><time>2026-07-30T11:16:44Z</time></trkpt><trkpt lat="49.92395" lon="18.05569"><time>2026-07-30T11:16:45Z</time></trkpt><trkpt lat="49.92396" lon="18.05567"><time>2026-07-30T11:16:46Z</time></trkpt><trkpt lat="49.92396" lon="18.05565"><time>2026-07-30T11:16:47Z</time></trkpt><trkpt lat="49.92396" lon="18.05562"><time>2026-07-30T11:16:48Z</time></trkpt><trkpt lat="49.92397" lon="18.0556"><time>2026-07-30T11:16:49Z</time></trkpt><trkpt lat="49.92397" lon="18.05558"><time>2026-07-30T11:16:50Z</time></trkpt><trkpt lat="49.92398" lon="18.05556"><time>2026-07-30T11:16:51Z</time></trkpt><trkpt lat="49.92398" lon="18.05554"><time>2026-07-30T11:16:52Z</time></trkpt><trkpt lat="49.92398" lon="18.05552"><time>2026-07-30T11:16:53Z</time></trkpt><trkpt lat="49.92399" lon="18.05549"><time>2026-07-30T11:16:54Z</time></trkpt><trkpt lat="49.92399" lon="18.05547"><time>2026-07-30T11:16:55Z</time></trkpt><trkpt lat="49.92399" lon="18.05545"><time>2026-07-30T11:16:56Z</time></trkpt><trkpt lat="49.924" lon="18.05542"><time>2026-07-30T11:16:57Z</time></trkpt><trkpt lat="49.924" lon="18.0554"><time>2026-07-30T11:16:58Z</time></trkpt><trkpt lat="49.92401" lon="18.05537"><time>2026-07-30T11:16:59Z</time></trkpt><trkpt lat="49.92401" lon="18.05535"><time>2026-07-30T11:17:00Z</time></trkpt><trkpt lat="49.92401" lon="18.05532"><time>2026-07-30T11:17:01Z</time></trkpt><trkpt lat="49.92401" lon="18.0553"><time>2026-07-30T11:17:02Z</time></trkpt><trkpt lat="49.92402" lon="18.05528"><time>2026-07-30T11:17:03Z</time></trkpt><trkpt lat="49.92403" lon="18.05526"><time>2026-07-30T11:17:04Z</time></trkpt><trkpt lat="49.92403" lon="18.05523"><time>2026-07-30T11:17:05Z</time></trkpt><trkpt lat="49.92403" lon="18.05522"><time>2026-07-30T11:17:06Z</time></trkpt><trkpt lat="49.92404" lon="18.0552"><time>2026-07-30T11:17:07Z</time></trkpt><trkpt lat="49.92404" lon="18.05517"><time>2026-07-30T11:17:08Z</time></trkpt><trkpt lat="49.92405" lon="18.05515"><time>2026-07-30T11:17:09Z</time></trkpt><trkpt lat="49.92405" lon="18.05513"><time>2026-07-30T11:17:10Z</time></trkpt><trkpt lat="49.92405" lon="18.05511"><time>2026-07-30T11:17:11Z</time></trkpt><trkpt lat="49.92406" lon="18.05509"><time>2026-07-30T11:17:12Z</time></trkpt><trkpt lat="49.92407" lon="18.05507"><time>2026-07-30T11:17:13Z</time></trkpt><trkpt lat="49.92408" lon="18.05506"><time>2026-07-30T11:17:14Z</time></trkpt><trkpt lat="49.92409" lon="18.05505"><time>2026-07-30T11:17:15Z</time></trkpt><trkpt lat="49.92407" lon="18.05505"><time>2026-07-30T11:18:06Z</time></trkpt><trkpt lat="49.92408" lon="18.05503"><time>2026-07-30T11:18:07Z</time></trkpt><trkpt lat="49.92408" lon="18.05501"><time>2026-07-30T11:18:08Z</time></trkpt><trkpt lat="49.92408" lon="18.05498"><time>2026-07-30T11:18:09Z</time></trkpt><trkpt lat="49.92409" lon="18.05496"><time>2026-07-30T11:18:10Z</time></trkpt><trkpt lat="49.92409" lon="18.05494"><time>2026-07-30T11:18:11Z</time></trkpt><trkpt lat="49.9241" lon="18.05491"><time>2026-07-30T11:18:12Z</time></trkpt><trkpt lat="49.9241" lon="18.05489"><time>2026-07-30T11:18:13Z</time></trkpt><trkpt lat="49.92411" lon="18.05487"><time>2026-07-30T11:18:14Z</time></trkpt><trkpt lat="49.92411" lon="18.05485"><time>2026-07-30T11:18:15Z</time></trkpt><trkpt lat="49.92412" lon="18.05482"><time>2026-07-30T11:18:16Z</time></trkpt><trkpt lat="49.92412" lon="18.0548"><time>2026-07-30T11:18:17Z</time></trkpt><trkpt lat="49.92413" lon="18.05478"><time>2026-07-30T11:18:18Z</time></trkpt><trkpt lat="49.92413" lon="18.05476"><time>2026-07-30T11:18:19Z</time></trkpt><trkpt lat="49.92413" lon="18.05474"><time>2026-07-30T11:18:20Z</time></trkpt><trkpt lat="49.92414" lon="18.05472"><time>2026-07-30T11:18:21Z</time></trkpt><trkpt lat="49.92415" lon="18.0547"><time>2026-07-30T11:18:22Z</time></trkpt><trkpt lat="49.92415" lon="18.05468"><time>2026-07-30T11:18:23Z</time></trkpt><trkpt lat="49.92416" lon="18.05466"><time>2026-07-30T11:18:24Z</time></trkpt><trkpt lat="49.92417" lon="18.05464"><time>2026-07-30T11:18:25Z</time></trkpt><trkpt lat="49.92418" lon="18.05462"><time>2026-07-30T11:18:26Z</time></trkpt><trkpt lat="49.92418" lon="18.0546"><time>2026-07-30T11:18:27Z</time></trkpt><trkpt lat="49.92419" lon="18.05458"><time>2026-07-30T11:18:28Z</time></trkpt><trkpt lat="49.9242" lon="18.05455"><time>2026-07-30T11:18:29Z</time></trkpt><trkpt lat="49.9242" lon="18.05453"><time>2026-07-30T11:18:30Z</time></trkpt><trkpt lat="49.92421" lon="18.05451"><time>2026-07-30T11:18:31Z</time></trkpt><trkpt lat="49.92421" lon="18.05449"><time>2026-07-30T11:18:32Z</time></trkpt><trkpt lat="49.92422" lon="18.05447"><time>2026-07-30T11:18:33Z</time></trkpt><trkpt lat="49.92422" lon="18.05444"><time>2026-07-30T11:18:34Z</time></trkpt><trkpt lat="49.92423" lon="18.05443"><time>2026-07-30T11:18:35Z</time></trkpt><trkpt lat="49.92423" lon="18.05441"><time>2026-07-30T11:18:36Z</time></trkpt><trkpt lat="49.92424" lon="18.05439"><time>2026-07-30T11:18:37Z</time></trkpt><trkpt lat="49.92424" lon="18.05437"><time>2026-07-30T11:18:38Z</time></trkpt><trkpt lat="49.92425" lon="18.05435"><time>2026-07-30T11:18:39Z</time></trkpt><trkpt lat="49.92425" lon="18.05433"><time>2026-07-30T11:18:40Z</time></trkpt><trkpt lat="49.92425" lon="18.05431"><time>2026-07-30T11:18:41Z</time></trkpt><trkpt lat="49.92426" lon="18.05429"><time>2026-07-30T11:18:42Z</time></trkpt><trkpt lat="49.92426" lon="18.05427"><time>2026-07-30T11:18:43Z</time></trkpt><trkpt lat="49.92427" lon="18.05425"><time>2026-07-30T11:18:44Z</time></trkpt><trkpt lat="49.92427" lon="18.05423"><time>2026-07-30T11:18:45Z</time></trkpt><trkpt lat="49.92428" lon="18.05421"><time>2026-07-30T11:18:46Z</time></trkpt><trkpt lat="49.92428" lon="18.05419"><time>2026-07-30T11:18:47Z</time></trkpt><trkpt lat="49.92429" lon="18.05417"><time>2026-07-30T11:18:48Z</time></trkpt><trkpt lat="49.92429" lon="18.05415"><time>2026-07-30T11:18:49Z</time></trkpt><trkpt lat="49.9243" lon="18.05413"><time>2026-07-30T11:18:50Z</time></trkpt><trkpt lat="49.9243" lon="18.05411"><time>2026-07-30T11:18:51Z</time></trkpt><trkpt lat="49.92431" lon="18.05409"><time>2026-07-30T11:18:52Z</time></trkpt><trkpt lat="49.92431" lon="18.05407"><time>2026-07-30T11:18:53Z</time></trkpt><trkpt lat="49.92432" lon="18.05405"><time>2026-07-30T11:18:54Z</time></trkpt><trkpt lat="49.92432" lon="18.05403"><time>2026-07-30T11:18:55Z</time></trkpt><trkpt lat="49.92432" lon="18.05401"><time>2026-07-30T11:18:56Z</time></trkpt><trkpt lat="49.92433" lon="18.05398"><time>2026-07-30T11:18:57Z</time></trkpt><trkpt lat="49.92433" lon="18.05396"><time>2026-07-30T11:18:58Z</time></trkpt><trkpt lat="49.92434" lon="18.05394"><time>2026-07-30T11:18:59Z</time></trkpt><trkpt lat="49.92434" lon="18.05392"><time>2026-07-30T11:19:00Z</time></trkpt><trkpt lat="49.92435" lon="18.0539"><time>2026-07-30T11:19:01Z</time></trkpt><trkpt lat="49.92435" lon="18.05388"><time>2026-07-30T11:19:02Z</time></trkpt><trkpt lat="49.92436" lon="18.05386"><time>2026-07-30T11:19:03Z</time></trkpt><trkpt lat="49.92437" lon="18.05384"><time>2026-07-30T11:19:04Z</time></trkpt><trkpt lat="49.92437" lon="18.05381"><time>2026-07-30T11:19:05Z</time></trkpt><trkpt lat="49.92438" lon="18.05379"><time>2026-07-30T11:19:06Z</time></trkpt><trkpt lat="49.92439" lon="18.05377"><time>2026-07-30T11:19:07Z</time></trkpt><trkpt lat="49.92439" lon="18.05375"><time>2026-07-30T11:19:08Z</time></trkpt><trkpt lat="49.9244" lon="18.05373"><time>2026-07-30T11:19:09Z</time></trkpt><trkpt lat="49.9244" lon="18.0537"><time>2026-07-30T11:19:10Z</time></trkpt><trkpt lat="49.92441" lon="18.05368"><time>2026-07-30T11:19:11Z</time></trkpt><trkpt lat="49.92442" lon="18.05366"><time>2026-07-30T11:19:12Z</time></trkpt><trkpt lat="49.92442" lon="18.05364"><time>2026-07-30T11:19:13Z</time></trkpt><trkpt lat="49.92443" lon="18.05362"><time>2026-07-30T11:19:14Z</time></trkpt><trkpt lat="49.92443" lon="18.0536"><time>2026-07-30T11:19:15Z</time></trkpt><trkpt lat="49.92444" lon="18.05358"><time>2026-07-30T11:19:16Z</time></trkpt><trkpt lat="49.92444" lon="18.05356"><time>2026-07-30T11:19:17Z</time></trkpt><trkpt lat="49.92445" lon="18.05354"><time>2026-07-30T11:19:18Z</time></trkpt><trkpt lat="49.92445" lon="18.05351"><time>2026-07-30T11:19:19Z</time></trkpt><trkpt lat="49.92446" lon="18.05349"><time>2026-07-30T11:19:20Z</time></trkpt><trkpt lat="49.92446" lon="18.05347"><time>2026-07-30T11:19:21Z</time></trkpt><trkpt lat="49.92447" lon="18.05345"><time>2026-07-30T11:19:22Z</time></trkpt><trkpt lat="49.92447" lon="18.05343"><time>2026-07-30T11:19:23Z</time></trkpt><trkpt lat="49.92448" lon="18.0534"><time>2026-07-30T11:19:24Z</time></trkpt><trkpt lat="49.92448" lon="18.05338"><time>2026-07-30T11:19:25Z</time></trkpt><trkpt lat="49.92449" lon="18.05336"><time>2026-07-30T11:19:26Z</time></trkpt><trkpt lat="49.92449" lon="18.05334"><time>2026-07-30T11:19:27Z</time></trkpt><trkpt lat="49.9245" lon="18.05332"><time>2026-07-30T11:19:28Z</time></trkpt><trkpt lat="49.92451" lon="18.05329"><time>2026-07-30T11:19:29Z</time></trkpt><trkpt lat="49.92451" lon="18.05327"><time>2026-07-30T11:19:30Z</time></trkpt><trkpt lat="49.92452" lon="18.05325"><time>2026-07-30T11:19:31Z</time></trkpt><trkpt lat="49.92452" lon="18.05323"><time>2026-07-30T11:19:32Z</time></trkpt><trkpt lat="49.92453" lon="18.05321"><time>2026-07-30T11:19:33Z</time></trkpt><trkpt lat="49.92453" lon="18.05318"><time>2026-07-30T11:19:34Z</time></trkpt><trkpt lat="49.92454" lon="18.05316"><time>2026-07-30T11:19:35Z</time></trkpt><trkpt lat="49.92455" lon="18.05314"><time>2026-07-30T11:19:36Z</time></trkpt><trkpt lat="49.92455" lon="18.05312"><time>2026-07-30T11:19:37Z</time></trkpt><trkpt lat="49.92456" lon="18.0531"><time>2026-07-30T11:19:38Z</time></trkpt><trkpt lat="49.92457" lon="18.05307"><time>2026-07-30T11:19:39Z</time></trkpt><trkpt lat="49.92457" lon="18.05305"><time>2026-07-30T11:19:40Z</time></trkpt><trkpt lat="49.92458" lon="18.05303"><time>2026-07-30T11:19:41Z</time></trkpt><trkpt lat="49.92458" lon="18.05301"><time>2026-07-30T11:19:42Z</time></trkpt><trkpt lat="49.92459" lon="18.05299"><time>2026-07-30T11:19:43Z</time></trkpt><trkpt lat="49.9246" lon="18.05297"><time>2026-07-30T11:19:44Z</time></trkpt><trkpt lat="49.9246" lon="18.05295"><time>2026-07-30T11:19:45Z</time></trkpt><trkpt lat="49.92461" lon="18.05293"><time>2026-07-30T11:19:46Z</time></trkpt><trkpt lat="49.92461" lon="18.05291"><time>2026-07-30T11:19:47Z</time></trkpt><trkpt lat="49.92462" lon="18.0529"><time>2026-07-30T11:19:48Z</time></trkpt><trkpt lat="49.92462" lon="18.05288"><time>2026-07-30T11:19:49Z</time></trkpt><trkpt lat="49.92463" lon="18.05285"><time>2026-07-30T11:19:50Z</time></trkpt><trkpt lat="49.92463" lon="18.05283"><time>2026-07-30T11:19:51Z</time></trkpt><trkpt lat="49.92464" lon="18.05281"><time>2026-07-30T11:19:53Z</time></trkpt><trkpt lat="49.92464" lon="18.05279"><time>2026-07-30T11:19:54Z</time></trkpt><trkpt lat="49.92465" lon="18.05277"><time>2026-07-30T11:19:55Z</time></trkpt><trkpt lat="49.92465" lon="18.05276"><time>2026-07-30T11:19:56Z</time></trkpt><trkpt lat="49.92465" lon="18.05273"><time>2026-07-30T11:19:56Z</time></trkpt><trkpt lat="49.92466" lon="18.05271"><time>2026-07-30T11:19:58Z</time></trkpt><trkpt lat="49.92466" lon="18.05269"><time>2026-07-30T11:19:59Z</time></trkpt><trkpt lat="49.92466" lon="18.05267"><time>2026-07-30T11:20:00Z</time></trkpt><trkpt lat="49.92467" lon="18.05265"><time>2026-07-30T11:20:01Z</time></trkpt><trkpt lat="49.92468" lon="18.05262"><time>2026-07-30T11:20:02Z</time></trkpt><trkpt lat="49.92468" lon="18.0526"><time>2026-07-30T11:20:03Z</time></trkpt><trkpt lat="49.92469" lon="18.05258"><time>2026-07-30T11:20:04Z</time></trkpt><trkpt lat="49.9247" lon="18.05256"><time>2026-07-30T11:20:05Z</time></trkpt><trkpt lat="49.9247" lon="18.05254"><time>2026-07-30T11:20:06Z</time></trkpt><trkpt lat="49.92471" lon="18.05251"><time>2026-07-30T11:20:07Z</time></trkpt><trkpt lat="49.92472" lon="18.05249"><time>2026-07-30T11:20:08Z</time></trkpt><trkpt lat="49.92472" lon="18.05247"><time>2026-07-30T11:20:09Z</time></trkpt><trkpt lat="49.92473" lon="18.05246"><time>2026-07-30T11:20:10Z</time></trkpt><trkpt lat="49.92474" lon="18.05244"><time>2026-07-30T11:20:11Z</time></trkpt><trkpt lat="49.92474" lon="18.05242"><time>2026-07-30T11:20:12Z</time></trkpt><trkpt lat="49.92475" lon="18.0524"><time>2026-07-30T11:20:13Z</time></trkpt><trkpt lat="49.92475" lon="18.05238"><time>2026-07-30T11:20:14Z</time></trkpt><trkpt lat="49.92475" lon="18.05237"><time>2026-07-30T11:20:15Z</time></trkpt><trkpt lat="49.92476" lon="18.05234"><time>2026-07-30T11:20:16Z</time></trkpt><trkpt lat="49.92477" lon="18.05232"><time>2026-07-30T11:20:17Z</time></trkpt><trkpt lat="49.92477" lon="18.05229"><time>2026-07-30T11:20:18Z</time></trkpt><trkpt lat="49.92478" lon="18.05227"><time>2026-07-30T11:20:19Z</time></trkpt><trkpt lat="49.92478" lon="18.05225"><time>2026-07-30T11:20:20Z</time></trkpt><trkpt lat="49.92478" lon="18.05223"><time>2026-07-30T11:20:21Z</time></trkpt><trkpt lat="49.92479" lon="18.05221"><time>2026-07-30T11:20:22Z</time></trkpt><trkpt lat="49.92479" lon="18.05219"><time>2026-07-30T11:20:23Z</time></trkpt><trkpt lat="49.9248" lon="18.05217"><time>2026-07-30T11:20:24Z</time></trkpt><trkpt lat="49.9248" lon="18.05215"><time>2026-07-30T11:20:25Z</time></trkpt><trkpt lat="49.9248" lon="18.05213"><time>2026-07-30T11:20:26Z</time></trkpt><trkpt lat="49.92481" lon="18.05211"><time>2026-07-30T11:20:27Z</time></trkpt><trkpt lat="49.92481" lon="18.05209"><time>2026-07-30T11:20:28Z</time></trkpt><trkpt lat="49.92481" lon="18.05207"><time>2026-07-30T11:20:29Z</time></trkpt><trkpt lat="49.92481" lon="18.05205"><time>2026-07-30T11:20:30Z</time></trkpt><trkpt lat="49.92482" lon="18.05204"><time>2026-07-30T11:20:31Z</time></trkpt><trkpt lat="49.92482" lon="18.05202"><time>2026-07-30T11:20:32Z</time></trkpt><trkpt lat="49.92482" lon="18.052"><time>2026-07-30T11:20:33Z</time></trkpt><trkpt lat="49.92482" lon="18.05198"><time>2026-07-30T11:20:34Z</time></trkpt><trkpt lat="49.92483" lon="18.05197"><time>2026-07-30T11:20:35Z</time></trkpt><trkpt lat="49.92483" lon="18.05195"><time>2026-07-30T11:20:36Z</time></trkpt><trkpt lat="49.92483" lon="18.05185"><time>2026-07-30T11:21:06Z</time></trkpt><trkpt lat="49.92482" lon="18.05183"><time>2026-07-30T11:21:07Z</time></trkpt><trkpt lat="49.92481" lon="18.05182"><time>2026-07-30T11:21:08Z</time></trkpt><trkpt lat="49.92481" lon="18.05181"><time>2026-07-30T11:21:09Z</time></trkpt><trkpt lat="49.9248" lon="18.05179"><time>2026-07-30T11:21:10Z</time></trkpt><trkpt lat="49.92479" lon="18.05177"><time>2026-07-30T11:21:11Z</time></trkpt><trkpt lat="49.92478" lon="18.05175"><time>2026-07-30T11:21:12Z</time></trkpt><trkpt lat="49.92477" lon="18.05173"><time>2026-07-30T11:21:13Z</time></trkpt><trkpt lat="49.92476" lon="18.05171"><time>2026-07-30T11:21:14Z</time></trkpt><trkpt lat="49.92475" lon="18.05169"><time>2026-07-30T11:21:15Z</time></trkpt><trkpt lat="49.92474" lon="18.05167"><time>2026-07-30T11:21:16Z</time></trkpt><trkpt lat="49.92473" lon="18.05166"><time>2026-07-30T11:21:17Z</time></trkpt><trkpt lat="49.92472" lon="18.05164"><time>2026-07-30T11:21:18Z</time></trkpt><trkpt lat="49.92471" lon="18.05164"><time>2026-07-30T11:21:19Z</time></trkpt><trkpt lat="49.9247" lon="18.05163"><time>2026-07-30T11:21:20Z</time></trkpt><trkpt lat="49.92469" lon="18.05162"><time>2026-07-30T11:21:21Z</time></trkpt><trkpt lat="49.92468" lon="18.05162"><time>2026-07-30T11:21:22Z</time></trkpt><trkpt lat="49.92467" lon="18.05162"><time>2026-07-30T11:21:23Z</time></trkpt><trkpt lat="49.92466" lon="18.05162"><time>2026-07-30T11:21:24Z</time></trkpt><trkpt lat="49.92465" lon="18.05162"><time>2026-07-30T11:21:25Z</time></trkpt><trkpt lat="49.92464" lon="18.05161"><time>2026-07-30T11:21:26Z</time></trkpt><trkpt lat="49.92463" lon="18.0516"><time>2026-07-30T11:21:27Z</time></trkpt><trkpt lat="49.92463" lon="18.05158"><time>2026-07-30T11:21:28Z</time></trkpt><trkpt lat="49.92463" lon="18.05157"><time>2026-07-30T11:21:29Z</time></trkpt><trkpt lat="49.92464" lon="18.05157"><time>2026-07-30T11:22:41Z</time></trkpt><trkpt lat="49.92467" lon="18.05172"><time>2026-07-30T11:24:52Z</time></trkpt><trkpt lat="49.92466" lon="18.05171"><time>2026-07-30T11:40:11Z</time></trkpt><trkpt lat="49.92461" lon="18.05171"><time>2026-07-30T11:57:18Z</time></trkpt><trkpt lat="49.92467" lon="18.05174"><time>2026-07-30T12:07:49Z</time></trkpt><trkpt lat="49.92475" lon="18.05181"><time>2026-07-30T12:08:48Z</time></trkpt><trkpt lat="49.92475" lon="18.05182"><time>2026-07-30T12:08:49Z</time></trkpt><trkpt lat="49.92477" lon="18.05186"><time>2026-07-30T12:08:56Z</time></trkpt><trkpt lat="49.92476" lon="18.05186"><time>2026-07-30T12:08:58Z</time></trkpt><trkpt lat="49.92471" lon="18.05148"><time>2026-07-30T12:09:38Z</time></trkpt><trkpt lat="49.92472" lon="18.05147"><time>2026-07-30T12:09:39Z</time></trkpt><trkpt lat="49.92472" lon="18.05139"><time>2026-07-30T12:10:18Z</time></trkpt><trkpt lat="49.92473" lon="18.05141"><time>2026-07-30T12:10:20Z</time></trkpt><trkpt lat="49.92473" lon="18.05143"><time>2026-07-30T12:10:21Z</time></trkpt><trkpt lat="49.92473" lon="18.05144"><time>2026-07-30T12:10:22Z</time></trkpt><trkpt lat="49.92473" lon="18.05146"><time>2026-07-30T12:10:23Z</time></trkpt><trkpt lat="49.92474" lon="18.05147"><time>2026-07-30T12:10:24Z</time></trkpt><trkpt lat="49.92474" lon="18.05149"><time>2026-07-30T12:10:25Z</time></trkpt><trkpt lat="49.92475" lon="18.0515"><time>2026-07-30T12:10:26Z</time></trkpt><trkpt lat="49.92476" lon="18.05151"><time>2026-07-30T12:10:27Z</time></trkpt><trkpt lat="49.92476" lon="18.05152"><time>2026-07-30T12:10:28Z</time></trkpt><trkpt lat="49.92476" lon="18.05153"><time>2026-07-30T12:10:29Z</time></trkpt><trkpt lat="49.92477" lon="18.05153"><time>2026-07-30T12:10:30Z</time></trkpt><trkpt lat="49.92469" lon="18.05181"><time>2026-07-30T12:11:56Z</time></trkpt><trkpt lat="49.9247" lon="18.05182"><time>2026-07-30T12:11:57Z</time></trkpt><trkpt lat="49.92469" lon="18.05174"><time>2026-07-30T12:17:08Z</time></trkpt><trkpt lat="49.92468" lon="18.05173"><time>2026-07-30T12:17:09Z</time></trkpt><trkpt lat="49.92467" lon="18.05173"><time>2026-07-30T12:17:10Z</time></trkpt><trkpt lat="49.9246" lon="18.05167"><time>2026-07-30T12:18:33Z</time></trkpt><trkpt lat="49.92461" lon="18.0517"><time>2026-07-30T12:18:35Z</time></trkpt><trkpt lat="49.92462" lon="18.0517"><time>2026-07-30T12:18:36Z</time></trkpt><trkpt lat="49.92465" lon="18.05168"><time>2026-07-30T12:24:43Z</time></trkpt><trkpt lat="49.92465" lon="18.05169"><time>2026-07-30T12:24:44Z</time></trkpt><trkpt lat="49.92465" lon="18.05169"><time>2026-07-30T12:24:45Z</time></trkpt><trkpt lat="49.92464" lon="18.05168"><time>2026-07-30T12:27:46Z</time></trkpt><trkpt lat="49.92466" lon="18.0517"><time>2026-07-30T12:28:17Z</time></trkpt><trkpt lat="49.92466" lon="18.05171"><time>2026-07-30T12:28:18Z</time></trkpt><trkpt lat="49.92463" lon="18.05173"><time>2026-07-30T12:32:10Z</time></trkpt><trkpt lat="49.92462" lon="18.05174"><time>2026-07-30T12:32:12Z</time></trkpt><trkpt lat="49.92461" lon="18.05175"><time>2026-07-30T12:32:13Z</time></trkpt><trkpt lat="49.92459" lon="18.05163"><time>2026-07-30T12:33:28Z</time></trkpt><trkpt lat="49.92458" lon="18.0516"><time>2026-07-30T12:33:29Z</time></trkpt><trkpt lat="49.9246" lon="18.05154"><time>2026-07-30T12:33:30Z</time></trkpt><trkpt lat="49.92466" lon="18.05144"><time>2026-07-30T12:33:31Z</time></trkpt><trkpt lat="49.92471" lon="18.05143"><time>2026-07-30T12:33:32Z</time></trkpt><trkpt lat="49.92475" lon="18.05142"><time>2026-07-30T12:33:33Z</time></trkpt><trkpt lat="49.92479" lon="18.05142"><time>2026-07-30T12:33:34Z</time></trkpt><trkpt lat="49.92482" lon="18.05141"><time>2026-07-30T12:33:35Z</time></trkpt><trkpt lat="49.92484" lon="18.05142"><time>2026-07-30T12:33:36Z</time></trkpt><trkpt lat="49.92485" lon="18.05141"><time>2026-07-30T12:33:37Z</time></trkpt><trkpt lat="49.92484" lon="18.0514"><time>2026-07-30T12:33:38Z</time></trkpt><trkpt lat="49.92485" lon="18.0514"><time>2026-07-30T12:33:39Z</time></trkpt><trkpt lat="49.92486" lon="18.0514"><time>2026-07-30T12:33:40Z</time></trkpt><trkpt lat="49.92481" lon="18.05142"><time>2026-07-30T12:33:47Z</time></trkpt><trkpt lat="49.92482" lon="18.05144"><time>2026-07-30T12:33:48Z</time></trkpt><trkpt lat="49.92483" lon="18.05147"><time>2026-07-30T12:33:49Z</time></trkpt><trkpt lat="49.92483" lon="18.05152"><time>2026-07-30T12:33:50Z</time></trkpt><trkpt lat="49.92482" lon="18.05162"><time>2026-07-30T12:33:51Z</time></trkpt><trkpt lat="49.9248" lon="18.05175"><time>2026-07-30T12:33:52Z</time></trkpt><trkpt lat="49.92478" lon="18.0519"><time>2026-07-30T12:33:53Z</time></trkpt><trkpt lat="49.92476" lon="18.05203"><time>2026-07-30T12:33:54Z</time></trkpt><trkpt lat="49.92472" lon="18.05218"><time>2026-07-30T12:33:55Z</time></trkpt><trkpt lat="49.92469" lon="18.05235"><time>2026-07-30T12:33:56Z</time></trkpt><trkpt lat="49.92465" lon="18.05254"><time>2026-07-30T12:33:57Z</time></trkpt><trkpt lat="49.92459" lon="18.05276"><time>2026-07-30T12:33:58Z</time></trkpt><trkpt lat="49.92454" lon="18.05296"><time>2026-07-30T12:33:59Z</time></trkpt><trkpt lat="49.92449" lon="18.05317"><time>2026-07-30T12:34:00Z</time></trkpt><trkpt lat="49.92443" lon="18.0534"><time>2026-07-30T12:34:01Z</time></trkpt><trkpt lat="49.92437" lon="18.05363"><time>2026-07-30T12:34:02Z</time></trkpt><trkpt lat="49.9243" lon="18.05387"><time>2026-07-30T12:34:03Z</time></trkpt><trkpt lat="49.92425" lon="18.05411"><time>2026-07-30T12:34:04Z</time></trkpt><trkpt lat="49.92419" lon="18.05435"><time>2026-07-30T12:34:05Z</time></trkpt><trkpt lat="49.92413" lon="18.05458"><time>2026-07-30T12:34:06Z</time></trkpt><trkpt lat="49.92407" lon="18.05483"><time>2026-07-30T12:34:07Z</time></trkpt><trkpt lat="49.92402" lon="18.05505"><time>2026-07-30T12:34:08Z</time></trkpt><trkpt lat="49.92397" lon="18.0553"><time>2026-07-30T12:34:09Z</time></trkpt><trkpt lat="49.92392" lon="18.05555"><time>2026-07-30T12:34:10Z</time></trkpt><trkpt lat="49.92389" lon="18.05581"><time>2026-07-30T12:34:11Z</time></trkpt><trkpt lat="49.92385" lon="18.05609"><time>2026-07-30T12:34:12Z</time></trkpt><trkpt lat="49.92382" lon="18.05639"><time>2026-07-30T12:34:13Z</time></trkpt><trkpt lat="49.92379" lon="18.0567"><time>2026-07-30T12:34:14Z</time></trkpt><trkpt lat="49.92377" lon="18.05702"><time>2026-07-30T12:34:15Z</time></trkpt><trkpt lat="49.92376" lon="18.05734"><time>2026-07-30T12:34:16Z</time></trkpt><trkpt lat="49.92374" lon="18.05768"><time>2026-07-30T12:34:17Z</time></trkpt><trkpt lat="49.92374" lon="18.05798"><time>2026-07-30T12:34:18Z</time></trkpt><trkpt lat="49.92374" lon="18.05828"><time>2026-07-30T12:34:19Z</time></trkpt><trkpt lat="49.92374" lon="18.05858"><time>2026-07-30T12:34:20Z</time></trkpt><trkpt lat="49.92375" lon="18.05888"><time>2026-07-30T12:34:21Z</time></trkpt><trkpt lat="49.92377" lon="18.05918"><time>2026-07-30T12:34:22Z</time></trkpt><trkpt lat="49.9238" lon="18.05949"><time>2026-07-30T12:34:23Z</time></trkpt><trkpt lat="49.92384" lon="18.0598"><time>2026-07-30T12:34:24Z</time></trkpt><trkpt lat="49.92388" lon="18.06012"><time>2026-07-30T12:34:25Z</time></trkpt><trkpt lat="49.92392" lon="18.06043"><time>2026-07-30T12:34:26Z</time></trkpt><trkpt lat="49.92395" lon="18.06074"><time>2026-07-30T12:34:27Z</time></trkpt><trkpt lat="49.92399" lon="18.06105"><time>2026-07-30T12:34:28Z</time></trkpt><trkpt lat="49.92403" lon="18.06136"><time>2026-07-30T12:34:29Z</time></trkpt><trkpt lat="49.92407" lon="18.06166"><time>2026-07-30T12:34:30Z</time></trkpt><trkpt lat="49.92411" lon="18.06195"><time>2026-07-30T12:34:31Z</time></trkpt><trkpt lat="49.92415" lon="18.06224"><time>2026-07-30T12:34:32Z</time></trkpt><trkpt lat="49.9242" lon="18.06254"><time>2026-07-30T12:34:33Z</time></trkpt><trkpt lat="49.92424" lon="18.06287"><time>2026-07-30T12:34:34Z</time></trkpt><trkpt lat="49.92428" lon="18.06316"><time>2026-07-30T12:34:35Z</time></trkpt><trkpt lat="49.92431" lon="18.06346"><time>2026-07-30T12:34:36Z</time></trkpt><trkpt lat="49.92435" lon="18.06376"><time>2026-07-30T12:34:37Z</time></trkpt><trkpt lat="49.92439" lon="18.06406"><time>2026-07-30T12:34:38Z</time></trkpt><trkpt lat="49.9244" lon="18.06437"><time>2026-07-30T12:34:39Z</time></trkpt><trkpt lat="49.92441" lon="18.06466"><time>2026-07-30T12:34:40Z</time></trkpt><trkpt lat="49.92439" lon="18.06496"><time>2026-07-30T12:34:41Z</time></trkpt><trkpt lat="49.92437" lon="18.06526"><time>2026-07-30T12:34:42Z</time></trkpt><trkpt lat="49.92434" lon="18.06556"><time>2026-07-30T12:34:43Z</time></trkpt><trkpt lat="49.92431" lon="18.06587"><time>2026-07-30T12:34:44Z</time></trkpt><trkpt lat="49.92427" lon="18.06618"><time>2026-07-30T12:34:45Z</time></trkpt><trkpt lat="49.92423" lon="18.06649"><time>2026-07-30T12:34:46Z</time></trkpt><trkpt lat="49.92419" lon="18.06681"><time>2026-07-30T12:34:47Z</time></trkpt><trkpt lat="49.92414" lon="18.06714"><time>2026-07-30T12:34:48Z</time></trkpt><trkpt lat="49.92411" lon="18.06747"><time>2026-07-30T12:34:49Z</time></trkpt><trkpt lat="49.92407" lon="18.06778"><time>2026-07-30T12:34:50Z</time></trkpt><trkpt lat="49.92403" lon="18.06809"><time>2026-07-30T12:34:51Z</time></trkpt><trkpt lat="49.92399" lon="18.06839"><time>2026-07-30T12:34:52Z</time></trkpt><trkpt lat="49.92395" lon="18.0687"><time>2026-07-30T12:34:53Z</time></trkpt><trkpt lat="49.9239" lon="18.06899"><time>2026-07-30T12:34:54Z</time></trkpt><trkpt lat="49.92385" lon="18.06929"><time>2026-07-30T12:34:55Z</time></trkpt><trkpt lat="49.92378" lon="18.0696"><time>2026-07-30T12:34:56Z</time></trkpt><trkpt lat="49.92371" lon="18.0699"><time>2026-07-30T12:34:57Z</time></trkpt><trkpt lat="49.92364" lon="18.07022"><time>2026-07-30T12:34:58Z</time></trkpt><trkpt lat="49.92355" lon="18.07054"><time>2026-07-30T12:34:59Z</time></trkpt><trkpt lat="49.92347" lon="18.07083"><time>2026-07-30T12:35:00Z</time></trkpt><trkpt lat="49.9234" lon="18.07113"><time>2026-07-30T12:35:01Z</time></trkpt><trkpt lat="49.92332" lon="18.07141"><time>2026-07-30T12:35:02Z</time></trkpt><trkpt lat="49.92325" lon="18.07169"><time>2026-07-30T12:35:03Z</time></trkpt><trkpt lat="49.92319" lon="18.07195"><time>2026-07-30T12:35:04Z</time></trkpt><trkpt lat="49.92312" lon="18.07221"><time>2026-07-30T12:35:05Z</time></trkpt><trkpt lat="49.92305" lon="18.07247"><time>2026-07-30T12:35:06Z</time></trkpt><trkpt lat="49.92298" lon="18.07273"><time>2026-07-30T12:35:07Z</time></trkpt><trkpt lat="49.92292" lon="18.07298"><time>2026-07-30T12:35:08Z</time></trkpt><trkpt lat="49.92286" lon="18.07323"><time>2026-07-30T12:35:09Z</time></trkpt><trkpt lat="49.9228" lon="18.07344"><time>2026-07-30T12:35:10Z</time></trkpt><trkpt lat="49.92275" lon="18.07365"><time>2026-07-30T12:35:11Z</time></trkpt><trkpt lat="49.9227" lon="18.07386"><time>2026-07-30T12:35:12Z</time></trkpt><trkpt lat="49.92265" lon="18.07404"><time>2026-07-30T12:35:13Z</time></trkpt><trkpt lat="49.9226" lon="18.07423"><time>2026-07-30T12:35:14Z</time></trkpt><trkpt lat="49.92255" lon="18.07442"><time>2026-07-30T12:35:15Z</time></trkpt><trkpt lat="49.9225" lon="18.0746"><time>2026-07-30T12:35:16Z</time></trkpt><trkpt lat="49.92244" lon="18.07477"><time>2026-07-30T12:35:17Z</time></trkpt><trkpt lat="49.92237" lon="18.07495"><time>2026-07-30T12:35:18Z</time></trkpt><trkpt lat="49.9223" lon="18.07513"><time>2026-07-30T12:35:19Z</time></trkpt><trkpt lat="49.92223" lon="18.07531"><time>2026-07-30T12:35:20Z</time></trkpt><trkpt lat="49.92214" lon="18.07552"><time>2026-07-30T12:35:21Z</time></trkpt><trkpt lat="49.92205" lon="18.0757"><time>2026-07-30T12:35:22Z</time></trkpt><trkpt lat="49.92196" lon="18.07589"><time>2026-07-30T12:35:23Z</time></trkpt><trkpt lat="49.92187" lon="18.07609"><time>2026-07-30T12:35:24Z</time></trkpt><trkpt lat="49.92179" lon="18.07628"><time>2026-07-30T12:35:25Z</time></trkpt><trkpt lat="49.92172" lon="18.07647"><time>2026-07-30T12:35:26Z</time></trkpt><trkpt lat="49.92166" lon="18.07665"><time>2026-07-30T12:35:27Z</time></trkpt><trkpt lat="49.92161" lon="18.07687"><time>2026-07-30T12:35:28Z</time></trkpt><trkpt lat="49.92157" lon="18.07709"><time>2026-07-30T12:35:29Z</time></trkpt><trkpt lat="49.92154" lon="18.07731"><time>2026-07-30T12:35:30Z</time></trkpt><trkpt lat="49.92152" lon="18.07755"><time>2026-07-30T12:35:31Z</time></trkpt><trkpt lat="49.9215" lon="18.07777"><time>2026-07-30T12:35:32Z</time></trkpt><trkpt lat="49.92148" lon="18.078"><time>2026-07-30T12:35:33Z</time></trkpt><trkpt lat="49.92144" lon="18.07823"><time>2026-07-30T12:35:34Z</time></trkpt><trkpt lat="49.92142" lon="18.07848"><time>2026-07-30T12:35:35Z</time></trkpt><trkpt lat="49.92139" lon="18.07872"><time>2026-07-30T12:35:36Z</time></trkpt><trkpt lat="49.92135" lon="18.07896"><time>2026-07-30T12:35:37Z</time></trkpt><trkpt lat="49.92132" lon="18.07917"><time>2026-07-30T12:35:38Z</time></trkpt><trkpt lat="49.92129" lon="18.07938"><time>2026-07-30T12:35:39Z</time></trkpt><trkpt lat="49.92125" lon="18.07959"><time>2026-07-30T12:35:40Z</time></trkpt><trkpt lat="49.9212" lon="18.0798"><time>2026-07-30T12:35:41Z</time></trkpt><trkpt lat="49.92114" lon="18.08"><time>2026-07-30T12:35:42Z</time></trkpt><trkpt lat="49.92108" lon="18.08021"><time>2026-07-30T12:35:43Z</time></trkpt><trkpt lat="49.92101" lon="18.08043"><time>2026-07-30T12:35:44Z</time></trkpt><trkpt lat="49.92094" lon="18.08064"><time>2026-07-30T12:35:45Z</time></trkpt><trkpt lat="49.92088" lon="18.08084"><time>2026-07-30T12:35:46Z</time></trkpt><trkpt lat="49.92082" lon="18.08104"><time>2026-07-30T12:35:47Z</time></trkpt><trkpt lat="49.92076" lon="18.08125"><time>2026-07-30T12:35:48Z</time></trkpt><trkpt lat="49.9207" lon="18.08145"><time>2026-07-30T12:35:49Z</time></trkpt><trkpt lat="49.92064" lon="18.08166"><time>2026-07-30T12:35:50Z</time></trkpt><trkpt lat="49.9206" lon="18.08185"><time>2026-07-30T12:35:51Z</time></trkpt><trkpt lat="49.92055" lon="18.08207"><time>2026-07-30T12:35:52Z</time></trkpt><trkpt lat="49.92053" lon="18.08228"><time>2026-07-30T12:35:53Z</time></trkpt><trkpt lat="49.92051" lon="18.0825"><time>2026-07-30T12:35:54Z</time></trkpt><trkpt lat="49.92051" lon="18.08269"><time>2026-07-30T12:35:55Z</time></trkpt><trkpt lat="49.92053" lon="18.08291"><time>2026-07-30T12:35:56Z</time></trkpt><trkpt lat="49.92054" lon="18.08312"><time>2026-07-30T12:35:57Z</time></trkpt><trkpt lat="49.92056" lon="18.08335"><time>2026-07-30T12:35:58Z</time></trkpt><trkpt lat="49.92058" lon="18.08358"><time>2026-07-30T12:35:59Z</time></trkpt><trkpt lat="49.92062" lon="18.08381"><time>2026-07-30T12:36:00Z</time></trkpt><trkpt lat="49.92065" lon="18.08403"><time>2026-07-30T12:36:01Z</time></trkpt><trkpt lat="49.92068" lon="18.08425"><time>2026-07-30T12:36:02Z</time></trkpt><trkpt lat="49.92071" lon="18.08447"><time>2026-07-30T12:36:03Z</time></trkpt><trkpt lat="49.92074" lon="18.08469"><time>2026-07-30T12:36:04Z</time></trkpt><trkpt lat="49.92077" lon="18.08492"><time>2026-07-30T12:36:05Z</time></trkpt><trkpt lat="49.9208" lon="18.08513"><time>2026-07-30T12:36:06Z</time></trkpt><trkpt lat="49.92083" lon="18.08533"><time>2026-07-30T12:36:07Z</time></trkpt><trkpt lat="49.92086" lon="18.08552"><time>2026-07-30T12:36:08Z</time></trkpt><trkpt lat="49.9209" lon="18.08572"><time>2026-07-30T12:36:09Z</time></trkpt><trkpt lat="49.92093" lon="18.08592"><time>2026-07-30T12:36:10Z</time></trkpt><trkpt lat="49.92096" lon="18.08611"><time>2026-07-30T12:36:11Z</time></trkpt><trkpt lat="49.92099" lon="18.08631"><time>2026-07-30T12:36:12Z</time></trkpt><trkpt lat="49.92104" lon="18.08649"><time>2026-07-30T12:36:13Z</time></trkpt><trkpt lat="49.92109" lon="18.08667"><time>2026-07-30T12:36:14Z</time></trkpt><trkpt lat="49.92113" lon="18.08686"><time>2026-07-30T12:36:15Z</time></trkpt><trkpt lat="49.9212" lon="18.08704"><time>2026-07-30T12:36:16Z</time></trkpt><trkpt lat="49.92127" lon="18.08723"><time>2026-07-30T12:36:17Z</time></trkpt><trkpt lat="49.92133" lon="18.0874"><time>2026-07-30T12:36:18Z</time></trkpt><trkpt lat="49.92141" lon="18.08757"><time>2026-07-30T12:36:19Z</time></trkpt><trkpt lat="49.9215" lon="18.08773"><time>2026-07-30T12:36:20Z</time></trkpt><trkpt lat="49.92158" lon="18.08789"><time>2026-07-30T12:36:21Z</time></trkpt><trkpt lat="49.92166" lon="18.08804"><time>2026-07-30T12:36:22Z</time></trkpt><trkpt lat="49.92175" lon="18.08819"><time>2026-07-30T12:36:23Z</time></trkpt><trkpt lat="49.92183" lon="18.08836"><time>2026-07-30T12:36:24Z</time></trkpt><trkpt lat="49.92191" lon="18.08852"><time>2026-07-30T12:36:25Z</time></trkpt><trkpt lat="49.92199" lon="18.08869"><time>2026-07-30T12:36:26Z</time></trkpt><trkpt lat="49.92206" lon="18.08886"><time>2026-07-30T12:36:27Z</time></trkpt><trkpt lat="49.92211" lon="18.08906"><time>2026-07-30T12:36:28Z</time></trkpt><trkpt lat="49.92216" lon="18.08925"><time>2026-07-30T12:36:29Z</time></trkpt><trkpt lat="49.9222" lon="18.08945"><time>2026-07-30T12:36:30Z</time></trkpt><trkpt lat="49.92224" lon="18.08964"><time>2026-07-30T12:36:31Z</time></trkpt><trkpt lat="49.92226" lon="18.08984"><time>2026-07-30T12:36:32Z</time></trkpt><trkpt lat="49.92227" lon="18.09002"><time>2026-07-30T12:36:33Z</time></trkpt><trkpt lat="49.92228" lon="18.09019"><time>2026-07-30T12:36:34Z</time></trkpt><trkpt lat="49.92228" lon="18.09038"><time>2026-07-30T12:36:35Z</time></trkpt><trkpt lat="49.92228" lon="18.09056"><time>2026-07-30T12:36:36Z</time></trkpt><trkpt lat="49.92229" lon="18.09075"><time>2026-07-30T12:36:37Z</time></trkpt><trkpt lat="49.92228" lon="18.09094"><time>2026-07-30T12:36:38Z</time></trkpt><trkpt lat="49.92228" lon="18.09114"><time>2026-07-30T12:36:39Z</time></trkpt><trkpt lat="49.92227" lon="18.09136"><time>2026-07-30T12:36:40Z</time></trkpt><trkpt lat="49.92226" lon="18.09155"><time>2026-07-30T12:36:41Z</time></trkpt><trkpt lat="49.92225" lon="18.09173"><time>2026-07-30T12:36:42Z</time></trkpt><trkpt lat="49.92223" lon="18.09192"><time>2026-07-30T12:36:43Z</time></trkpt><trkpt lat="49.92221" lon="18.0921"><time>2026-07-30T12:36:44Z</time></trkpt><trkpt lat="49.9222" lon="18.0923"><time>2026-07-30T12:36:45Z</time></trkpt><trkpt lat="49.92218" lon="18.09249"><time>2026-07-30T12:36:46Z</time></trkpt><trkpt lat="49.92216" lon="18.09269"><time>2026-07-30T12:36:47Z</time></trkpt><trkpt lat="49.92214" lon="18.09289"><time>2026-07-30T12:36:48Z</time></trkpt><trkpt lat="49.92212" lon="18.09307"><time>2026-07-30T12:36:49Z</time></trkpt><trkpt lat="49.92211" lon="18.09325"><time>2026-07-30T12:36:50Z</time></trkpt><trkpt lat="49.9221" lon="18.09344"><time>2026-07-30T12:36:51Z</time></trkpt><trkpt lat="49.92208" lon="18.09363"><time>2026-07-30T12:36:52Z</time></trkpt><trkpt lat="49.92206" lon="18.09383"><time>2026-07-30T12:36:53Z</time></trkpt><trkpt lat="49.92205" lon="18.09404"><time>2026-07-30T12:36:54Z</time></trkpt><trkpt lat="49.92202" lon="18.09422"><time>2026-07-30T12:36:55Z</time></trkpt><trkpt lat="49.92201" lon="18.09439"><time>2026-07-30T12:36:56Z</time></trkpt><trkpt lat="49.92199" lon="18.09458"><time>2026-07-30T12:36:57Z</time></trkpt><trkpt lat="49.92198" lon="18.09477"><time>2026-07-30T12:36:58Z</time></trkpt><trkpt lat="49.92196" lon="18.09495"><time>2026-07-30T12:36:59Z</time></trkpt><trkpt lat="49.92194" lon="18.09514"><time>2026-07-30T12:37:00Z</time></trkpt><trkpt lat="49.92193" lon="18.09533"><time>2026-07-30T12:37:01Z</time></trkpt><trkpt lat="49.92191" lon="18.09551"><time>2026-07-30T12:37:02Z</time></trkpt><trkpt lat="49.92189" lon="18.09568"><time>2026-07-30T12:37:03Z</time></trkpt><trkpt lat="49.92188" lon="18.09585"><time>2026-07-30T12:37:04Z</time></trkpt><trkpt lat="49.92187" lon="18.09603"><time>2026-07-30T12:37:05Z</time></trkpt><trkpt lat="49.92185" lon="18.09622"><time>2026-07-30T12:37:06Z</time></trkpt><trkpt lat="49.92184" lon="18.09639"><time>2026-07-30T12:37:07Z</time></trkpt><trkpt lat="49.92183" lon="18.09654"><time>2026-07-30T12:37:08Z</time></trkpt><trkpt lat="49.92182" lon="18.0967"><time>2026-07-30T12:37:09Z</time></trkpt><trkpt lat="49.9218" lon="18.09689"><time>2026-07-30T12:37:10Z</time></trkpt><trkpt lat="49.9218" lon="18.09707"><time>2026-07-30T12:37:11Z</time></trkpt><trkpt lat="49.92177" lon="18.09728"><time>2026-07-30T12:37:12Z</time></trkpt><trkpt lat="49.92175" lon="18.09747"><time>2026-07-30T12:37:13Z</time></trkpt><trkpt lat="49.92173" lon="18.09767"><time>2026-07-30T12:37:14Z</time></trkpt><trkpt lat="49.92172" lon="18.09783"><time>2026-07-30T12:37:15Z</time></trkpt><trkpt lat="49.9217" lon="18.09802"><time>2026-07-30T12:37:16Z</time></trkpt><trkpt lat="49.92168" lon="18.09827"><time>2026-07-30T12:37:17Z</time></trkpt><trkpt lat="49.92166" lon="18.09849"><time>2026-07-30T12:37:18Z</time></trkpt><trkpt lat="49.92164" lon="18.09872"><time>2026-07-30T12:37:19Z</time></trkpt><trkpt lat="49.92162" lon="18.09895"><time>2026-07-30T12:37:20Z</time></trkpt><trkpt lat="49.92161" lon="18.09918"><time>2026-07-30T12:37:21Z</time></trkpt><trkpt lat="49.92159" lon="18.0994"><time>2026-07-30T12:37:22Z</time></trkpt><trkpt lat="49.92155" lon="18.0996"><time>2026-07-30T12:37:23Z</time></trkpt><trkpt lat="49.92154" lon="18.09981"><time>2026-07-30T12:37:24Z</time></trkpt><trkpt lat="49.92153" lon="18.10003"><time>2026-07-30T12:37:25Z</time></trkpt><trkpt lat="49.9215" lon="18.10026"><time>2026-07-30T12:37:26Z</time></trkpt><trkpt lat="49.92147" lon="18.10048"><time>2026-07-30T12:37:27Z</time></trkpt><trkpt lat="49.92145" lon="18.10068"><time>2026-07-30T12:37:28Z</time></trkpt><trkpt lat="49.92144" lon="18.10087"><time>2026-07-30T12:37:29Z</time></trkpt><trkpt lat="49.92142" lon="18.10104"><time>2026-07-30T12:37:30Z</time></trkpt><trkpt lat="49.9214" lon="18.10123"><time>2026-07-30T12:37:31Z</time></trkpt><trkpt lat="49.92139" lon="18.10142"><time>2026-07-30T12:37:32Z</time></trkpt><trkpt lat="49.92137" lon="18.10161"><time>2026-07-30T12:37:33Z</time></trkpt><trkpt lat="49.92137" lon="18.10181"><time>2026-07-30T12:37:34Z</time></trkpt><trkpt lat="49.92135" lon="18.102"><time>2026-07-30T12:37:35Z</time></trkpt><trkpt lat="49.92134" lon="18.10219"><time>2026-07-30T12:37:36Z</time></trkpt><trkpt lat="49.92132" lon="18.10238"><time>2026-07-30T12:37:37Z</time></trkpt><trkpt lat="49.9213" lon="18.10256"><time>2026-07-30T12:37:38Z</time></trkpt><trkpt lat="49.92128" lon="18.10274"><time>2026-07-30T12:37:39Z</time></trkpt><trkpt lat="49.92126" lon="18.10291"><time>2026-07-30T12:37:40Z</time></trkpt><trkpt lat="49.92125" lon="18.10307"><time>2026-07-30T12:37:41Z</time></trkpt><trkpt lat="49.92124" lon="18.10325"><time>2026-07-30T12:37:42Z</time></trkpt><trkpt lat="49.92122" lon="18.10342"><time>2026-07-30T12:37:43Z</time></trkpt><trkpt lat="49.92119" lon="18.10359"><time>2026-07-30T12:37:44Z</time></trkpt><trkpt lat="49.92117" lon="18.10378"><time>2026-07-30T12:37:45Z</time></trkpt><trkpt lat="49.92116" lon="18.10393"><time>2026-07-30T12:37:46Z</time></trkpt><trkpt lat="49.92114" lon="18.1041"><time>2026-07-30T12:37:47Z</time></trkpt><trkpt lat="49.92112" lon="18.10427"><time>2026-07-30T12:37:48Z</time></trkpt><trkpt lat="49.9211" lon="18.10444"><time>2026-07-30T12:37:49Z</time></trkpt><trkpt lat="49.92108" lon="18.10462"><time>2026-07-30T12:37:50Z</time></trkpt><trkpt lat="49.92106" lon="18.10479"><time>2026-07-30T12:37:51Z</time></trkpt><trkpt lat="49.92106" lon="18.10495"><time>2026-07-30T12:37:52Z</time></trkpt><trkpt lat="49.92106" lon="18.10511"><time>2026-07-30T12:37:53Z</time></trkpt><trkpt lat="49.92106" lon="18.10528"><time>2026-07-30T12:37:54Z</time></trkpt><trkpt lat="49.92105" lon="18.10545"><time>2026-07-30T12:37:55Z</time></trkpt><trkpt lat="49.92105" lon="18.10563"><time>2026-07-30T12:37:56Z</time></trkpt><trkpt lat="49.92104" lon="18.10581"><time>2026-07-30T12:37:57Z</time></trkpt><trkpt lat="49.92104" lon="18.106"><time>2026-07-30T12:37:58Z</time></trkpt><trkpt lat="49.92105" lon="18.10619"><time>2026-07-30T12:37:59Z</time></trkpt><trkpt lat="49.92105" lon="18.10638"><time>2026-07-30T12:38:00Z</time></trkpt><trkpt lat="49.92105" lon="18.10658"><time>2026-07-30T12:38:01Z</time></trkpt><trkpt lat="49.92105" lon="18.10677"><time>2026-07-30T12:38:02Z</time></trkpt><trkpt lat="49.92105" lon="18.10697"><time>2026-07-30T12:38:03Z</time></trkpt><trkpt lat="49.92104" lon="18.10718"><time>2026-07-30T12:38:04Z</time></trkpt><trkpt lat="49.92104" lon="18.10739"><time>2026-07-30T12:38:05Z</time></trkpt><trkpt lat="49.92104" lon="18.1076"><time>2026-07-30T12:38:06Z</time></trkpt><trkpt lat="49.92104" lon="18.10781"><time>2026-07-30T12:38:07Z</time></trkpt><trkpt lat="49.92104" lon="18.10802"><time>2026-07-30T12:38:08Z</time></trkpt><trkpt lat="49.92104" lon="18.10823"><time>2026-07-30T12:38:09Z</time></trkpt><trkpt lat="49.92105" lon="18.10844"><time>2026-07-30T12:38:10Z</time></trkpt><trkpt lat="49.92106" lon="18.10866"><time>2026-07-30T12:38:11Z</time></trkpt><trkpt lat="49.92108" lon="18.10887"><time>2026-07-30T12:38:12Z</time></trkpt><trkpt lat="49.9211" lon="18.10908"><time>2026-07-30T12:38:13Z</time></trkpt><trkpt lat="49.92113" lon="18.10928"><time>2026-07-30T12:38:14Z</time></trkpt><trkpt lat="49.92117" lon="18.10947"><time>2026-07-30T12:38:15Z</time></trkpt><trkpt lat="49.9212" lon="18.10965"><time>2026-07-30T12:38:16Z</time></trkpt><trkpt lat="49.92121" lon="18.10984"><time>2026-07-30T12:38:17Z</time></trkpt><trkpt lat="49.9212" lon="18.11002"><time>2026-07-30T12:38:18Z</time></trkpt><trkpt lat="49.92119" lon="18.1102"><time>2026-07-30T12:38:19Z</time></trkpt><trkpt lat="49.92116" lon="18.11035"><time>2026-07-30T12:38:20Z</time></trkpt><trkpt lat="49.92116" lon="18.11054"><time>2026-07-30T12:38:21Z</time></trkpt><trkpt lat="49.92115" lon="18.11072"><time>2026-07-30T12:38:22Z</time></trkpt><trkpt lat="49.92115" lon="18.11091"><time>2026-07-30T12:38:23Z</time></trkpt><trkpt lat="49.92114" lon="18.11111"><time>2026-07-30T12:38:24Z</time></trkpt><trkpt lat="49.92114" lon="18.1113"><time>2026-07-30T12:38:25Z</time></trkpt><trkpt lat="49.92113" lon="18.11149"><time>2026-07-30T12:38:26Z</time></trkpt><trkpt lat="49.92113" lon="18.11166"><time>2026-07-30T12:38:27Z</time></trkpt><trkpt lat="49.92108" lon="18.11182"><time>2026-07-30T12:38:28Z</time></trkpt><trkpt lat="49.92105" lon="18.11198"><time>2026-07-30T12:38:29Z</time></trkpt><trkpt lat="49.92099" lon="18.11213"><time>2026-07-30T12:38:30Z</time></trkpt><trkpt lat="49.92094" lon="18.11229"><time>2026-07-30T12:38:31Z</time></trkpt><trkpt lat="49.92088" lon="18.11242"><time>2026-07-30T12:38:32Z</time></trkpt><trkpt lat="49.92082" lon="18.11255"><time>2026-07-30T12:38:33Z</time></trkpt><trkpt lat="49.92075" lon="18.11267"><time>2026-07-30T12:38:34Z</time></trkpt><trkpt lat="49.92067" lon="18.11282"><time>2026-07-30T12:38:35Z</time></trkpt><trkpt lat="49.92059" lon="18.11297"><time>2026-07-30T12:38:36Z</time></trkpt><trkpt lat="49.92052" lon="18.11311"><time>2026-07-30T12:38:37Z</time></trkpt><trkpt lat="49.92045" lon="18.11324"><time>2026-07-30T12:38:38Z</time></trkpt><trkpt lat="49.92039" lon="18.11337"><time>2026-07-30T12:38:39Z</time></trkpt><trkpt lat="49.92032" lon="18.11348"><time>2026-07-30T12:38:40Z</time></trkpt><trkpt lat="49.92025" lon="18.11361"><time>2026-07-30T12:38:41Z</time></trkpt><trkpt lat="49.92018" lon="18.11373"><time>2026-07-30T12:38:42Z</time></trkpt><trkpt lat="49.9201" lon="18.11383"><time>2026-07-30T12:38:43Z</time></trkpt><trkpt lat="49.92003" lon="18.11395"><time>2026-07-30T12:38:44Z</time></trkpt><trkpt lat="49.91996" lon="18.11406"><time>2026-07-30T12:38:45Z</time></trkpt><trkpt lat="49.91993" lon="18.11414"><time>2026-07-30T12:38:46Z</time></trkpt><trkpt lat="49.91991" lon="18.11424"><time>2026-07-30T12:38:47Z</time></trkpt><trkpt lat="49.9199" lon="18.1143"><time>2026-07-30T12:38:48Z</time></trkpt><trkpt lat="49.91989" lon="18.11438"><time>2026-07-30T12:38:49Z</time></trkpt><trkpt lat="49.91989" lon="18.11443"><time>2026-07-30T12:38:50Z</time></trkpt><trkpt lat="49.91988" lon="18.11446"><time>2026-07-30T12:38:51Z</time></trkpt><trkpt lat="49.91987" lon="18.1145"><time>2026-07-30T12:38:52Z</time></trkpt><trkpt lat="49.91987" lon="18.11453"><time>2026-07-30T12:38:53Z</time></trkpt><trkpt lat="49.91986" lon="18.11455"><time>2026-07-30T12:38:54Z</time></trkpt><trkpt lat="49.91986" lon="18.11458"><time>2026-07-30T12:38:55Z</time></trkpt><trkpt lat="49.91986" lon="18.1146"><time>2026-07-30T12:38:56Z</time></trkpt><trkpt lat="49.91986" lon="18.11462"><time>2026-07-30T12:38:57Z</time></trkpt><trkpt lat="49.91986" lon="18.11466"><time>2026-07-30T12:39:01Z</time></trkpt><trkpt lat="49.91986" lon="18.1147"><time>2026-07-30T12:39:01Z</time></trkpt><trkpt lat="49.91986" lon="18.11478"><time>2026-07-30T12:39:02Z</time></trkpt><trkpt lat="49.91985" lon="18.11487"><time>2026-07-30T12:39:03Z</time></trkpt><trkpt lat="49.91985" lon="18.11494"><time>2026-07-30T12:39:04Z</time></trkpt><trkpt lat="49.91984" lon="18.11502"><time>2026-07-30T12:39:05Z</time></trkpt><trkpt lat="49.91984" lon="18.11514"><time>2026-07-30T12:39:06Z</time></trkpt><trkpt lat="49.91984" lon="18.11526"><time>2026-07-30T12:39:07Z</time></trkpt><trkpt lat="49.91983" lon="18.1154"><time>2026-07-30T12:39:08Z</time></trkpt><trkpt lat="49.91982" lon="18.11554"><time>2026-07-30T12:39:09Z</time></trkpt><trkpt lat="49.91982" lon="18.11568"><time>2026-07-30T12:39:10Z</time></trkpt><trkpt lat="49.9198" lon="18.11581"><time>2026-07-30T12:39:11Z</time></trkpt><trkpt lat="49.91978" lon="18.11594"><time>2026-07-30T12:39:12Z</time></trkpt><trkpt lat="49.91974" lon="18.11606"><time>2026-07-30T12:39:13Z</time></trkpt><trkpt lat="49.9197" lon="18.11619"><time>2026-07-30T12:39:14Z</time></trkpt><trkpt lat="49.91966" lon="18.11632"><time>2026-07-30T12:39:15Z</time></trkpt><trkpt lat="49.91962" lon="18.11647"><time>2026-07-30T12:39:16Z</time></trkpt><trkpt lat="49.91957" lon="18.11662"><time>2026-07-30T12:39:17Z</time></trkpt><trkpt lat="49.91953" lon="18.11677"><time>2026-07-30T12:39:18Z</time></trkpt><trkpt lat="49.91949" lon="18.11691"><time>2026-07-30T12:39:19Z</time></trkpt><trkpt lat="49.91945" lon="18.11706"><time>2026-07-30T12:39:20Z</time></trkpt><trkpt lat="49.91941" lon="18.1172"><time>2026-07-30T12:39:21Z</time></trkpt><trkpt lat="49.91938" lon="18.11734"><time>2026-07-30T12:39:22Z</time></trkpt><trkpt lat="49.91935" lon="18.1175"><time>2026-07-30T12:39:23Z</time></trkpt><trkpt lat="49.91932" lon="18.11766"><time>2026-07-30T12:39:24Z</time></trkpt><trkpt lat="49.91931" lon="18.11782"><time>2026-07-30T12:39:25Z</time></trkpt><trkpt lat="49.9193" lon="18.118"><time>2026-07-30T12:39:26Z</time></trkpt><trkpt lat="49.9193" lon="18.11818"><time>2026-07-30T12:39:27Z</time></trkpt><trkpt lat="49.91929" lon="18.11836"><time>2026-07-30T12:39:28Z</time></trkpt><trkpt lat="49.91929" lon="18.11854"><time>2026-07-30T12:39:29Z</time></trkpt><trkpt lat="49.91929" lon="18.11873"><time>2026-07-30T12:39:30Z</time></trkpt><trkpt lat="49.91928" lon="18.11892"><time>2026-07-30T12:39:31Z</time></trkpt><trkpt lat="49.91928" lon="18.11913"><time>2026-07-30T12:39:32Z</time></trkpt><trkpt lat="49.91928" lon="18.11933"><time>2026-07-30T12:39:33Z</time></trkpt><trkpt lat="49.91927" lon="18.11953"><time>2026-07-30T12:39:34Z</time></trkpt><trkpt lat="49.91926" lon="18.11972"><time>2026-07-30T12:39:35Z</time></trkpt><trkpt lat="49.91925" lon="18.11991"><time>2026-07-30T12:39:36Z</time></trkpt><trkpt lat="49.91923" lon="18.12008"><time>2026-07-30T12:39:37Z</time></trkpt><trkpt lat="49.91921" lon="18.12025"><time>2026-07-30T12:39:38Z</time></trkpt><trkpt lat="49.91918" lon="18.12042"><time>2026-07-30T12:39:39Z</time></trkpt><trkpt lat="49.91915" lon="18.1206"><time>2026-07-30T12:39:40Z</time></trkpt><trkpt lat="49.91912" lon="18.12078"><time>2026-07-30T12:39:41Z</time></trkpt><trkpt lat="49.9191" lon="18.12096"><time>2026-07-30T12:39:42Z</time></trkpt><trkpt lat="49.91907" lon="18.12112"><time>2026-07-30T12:39:43Z</time></trkpt><trkpt lat="49.91904" lon="18.1213"><time>2026-07-30T12:39:44Z</time></trkpt><trkpt lat="49.91901" lon="18.12148"><time>2026-07-30T12:39:45Z</time></trkpt><trkpt lat="49.91897" lon="18.12166"><time>2026-07-30T12:39:46Z</time></trkpt><trkpt lat="49.91894" lon="18.12185"><time>2026-07-30T12:39:47Z</time></trkpt><trkpt lat="49.9189" lon="18.12202"><time>2026-07-30T12:39:48Z</time></trkpt><trkpt lat="49.91885" lon="18.12221"><time>2026-07-30T12:39:49Z</time></trkpt><trkpt lat="49.91881" lon="18.1224"><time>2026-07-30T12:39:50Z</time></trkpt><trkpt lat="49.91876" lon="18.12256"><time>2026-07-30T12:39:51Z</time></trkpt><trkpt lat="49.91872" lon="18.12273"><time>2026-07-30T12:39:52Z</time></trkpt><trkpt lat="49.91867" lon="18.12291"><time>2026-07-30T12:39:53Z</time></trkpt><trkpt lat="49.91861" lon="18.12309"><time>2026-07-30T12:39:54Z</time></trkpt><trkpt lat="49.91856" lon="18.12327"><time>2026-07-30T12:39:55Z</time></trkpt><trkpt lat="49.9185" lon="18.12346"><time>2026-07-30T12:39:56Z</time></trkpt><trkpt lat="49.91846" lon="18.12364"><time>2026-07-30T12:39:57Z</time></trkpt><trkpt lat="49.9184" lon="18.12382"><time>2026-07-30T12:39:58Z</time></trkpt><trkpt lat="49.91835" lon="18.124"><time>2026-07-30T12:39:59Z</time></trkpt><trkpt lat="49.9183" lon="18.12418"><time>2026-07-30T12:40:00Z</time></trkpt><trkpt lat="49.91826" lon="18.12437"><time>2026-07-30T12:40:01Z</time></trkpt><trkpt lat="49.9182" lon="18.12456"><time>2026-07-30T12:40:02Z</time></trkpt><trkpt lat="49.91815" lon="18.12475"><time>2026-07-30T12:40:03Z</time></trkpt><trkpt lat="49.91809" lon="18.12494"><time>2026-07-30T12:40:04Z</time></trkpt><trkpt lat="49.91803" lon="18.12513"><time>2026-07-30T12:40:05Z</time></trkpt><trkpt lat="49.91798" lon="18.12533"><time>2026-07-30T12:40:06Z</time></trkpt><trkpt lat="49.91792" lon="18.12553"><time>2026-07-30T12:40:07Z</time></trkpt><trkpt lat="49.91786" lon="18.12572"><time>2026-07-30T12:40:08Z</time></trkpt><trkpt lat="49.91781" lon="18.12591"><time>2026-07-30T12:40:09Z</time></trkpt><trkpt lat="49.91775" lon="18.12609"><time>2026-07-30T12:40:10Z</time></trkpt><trkpt lat="49.91771" lon="18.12626"><time>2026-07-30T12:40:11Z</time></trkpt><trkpt lat="49.91763" lon="18.12644"><time>2026-07-30T12:40:12Z</time></trkpt><trkpt lat="49.91756" lon="18.12661"><time>2026-07-30T12:40:13Z</time></trkpt><trkpt lat="49.91747" lon="18.12678"><time>2026-07-30T12:40:14Z</time></trkpt><trkpt lat="49.91738" lon="18.12695"><time>2026-07-30T12:40:15Z</time></trkpt><trkpt lat="49.91728" lon="18.12713"><time>2026-07-30T12:40:16Z</time></trkpt><trkpt lat="49.91718" lon="18.12731"><time>2026-07-30T12:40:17Z</time></trkpt><trkpt lat="49.91707" lon="18.1275"><time>2026-07-30T12:40:18Z</time></trkpt><trkpt lat="49.91697" lon="18.1277"><time>2026-07-30T12:40:19Z</time></trkpt><trkpt lat="49.91688" lon="18.12789"><time>2026-07-30T12:40:20Z</time></trkpt><trkpt lat="49.9168" lon="18.12809"><time>2026-07-30T12:40:21Z</time></trkpt><trkpt lat="49.91673" lon="18.1283"><time>2026-07-30T12:40:22Z</time></trkpt><trkpt lat="49.91668" lon="18.12853"><time>2026-07-30T12:40:23Z</time></trkpt><trkpt lat="49.91663" lon="18.12878"><time>2026-07-30T12:40:24Z</time></trkpt><trkpt lat="49.91658" lon="18.12903"><time>2026-07-30T12:40:25Z</time></trkpt><trkpt lat="49.91654" lon="18.12931"><time>2026-07-30T12:40:26Z</time></trkpt><trkpt lat="49.9165" lon="18.12958"><time>2026-07-30T12:40:27Z</time></trkpt><trkpt lat="49.91646" lon="18.12983"><time>2026-07-30T12:40:28Z</time></trkpt><trkpt lat="49.91642" lon="18.13008"><time>2026-07-30T12:40:29Z</time></trkpt><trkpt lat="49.91638" lon="18.13032"><time>2026-07-30T12:40:30Z</time></trkpt><trkpt lat="49.91635" lon="18.13056"><time>2026-07-30T12:40:31Z</time></trkpt><trkpt lat="49.91632" lon="18.1308"><time>2026-07-30T12:40:32Z</time></trkpt><trkpt lat="49.91631" lon="18.13103"><time>2026-07-30T12:40:33Z</time></trkpt><trkpt lat="49.91631" lon="18.13126"><time>2026-07-30T12:40:34Z</time></trkpt><trkpt lat="49.91633" lon="18.13151"><time>2026-07-30T12:40:35Z</time></trkpt><trkpt lat="49.91636" lon="18.13178"><time>2026-07-30T12:40:36Z</time></trkpt><trkpt lat="49.91639" lon="18.13204"><time>2026-07-30T12:40:37Z</time></trkpt><trkpt lat="49.91643" lon="18.13232"><time>2026-07-30T12:40:38Z</time></trkpt><trkpt lat="49.91646" lon="18.1326"><time>2026-07-30T12:40:39Z</time></trkpt><trkpt lat="49.9165" lon="18.13288"><time>2026-07-30T12:40:40Z</time></trkpt><trkpt lat="49.91655" lon="18.13316"><time>2026-07-30T12:40:41Z</time></trkpt><trkpt lat="49.91659" lon="18.13344"><time>2026-07-30T12:40:42Z</time></trkpt><trkpt lat="49.91664" lon="18.13372"><time>2026-07-30T12:40:43Z</time></trkpt><trkpt lat="49.91668" lon="18.13401"><time>2026-07-30T12:40:44Z</time></trkpt><trkpt lat="49.91672" lon="18.1343"><time>2026-07-30T12:40:45Z</time></trkpt><trkpt lat="49.91677" lon="18.13461"><time>2026-07-30T12:40:46Z</time></trkpt><trkpt lat="49.91682" lon="18.13492"><time>2026-07-30T12:40:47Z</time></trkpt><trkpt lat="49.91687" lon="18.13523"><time>2026-07-30T12:40:48Z</time></trkpt><trkpt lat="49.91691" lon="18.13554"><time>2026-07-30T12:40:49Z</time></trkpt><trkpt lat="49.91695" lon="18.13584"><time>2026-07-30T12:40:50Z</time></trkpt><trkpt lat="49.917" lon="18.13613"><time>2026-07-30T12:40:51Z</time></trkpt><trkpt lat="49.91704" lon="18.13643"><time>2026-07-30T12:40:52Z</time></trkpt><trkpt lat="49.91708" lon="18.13672"><time>2026-07-30T12:40:53Z</time></trkpt><trkpt lat="49.91713" lon="18.13703"><time>2026-07-30T12:40:54Z</time></trkpt><trkpt lat="49.91718" lon="18.13733"><time>2026-07-30T12:40:55Z</time></trkpt><trkpt lat="49.91724" lon="18.13764"><time>2026-07-30T12:40:56Z</time></trkpt><trkpt lat="49.91729" lon="18.13795"><time>2026-07-30T12:40:57Z</time></trkpt><trkpt lat="49.91734" lon="18.13826"><time>2026-07-30T12:40:58Z</time></trkpt><trkpt lat="49.91738" lon="18.13856"><time>2026-07-30T12:40:59Z</time></trkpt><trkpt lat="49.91742" lon="18.13885"><time>2026-07-30T12:41:00Z</time></trkpt><trkpt lat="49.91746" lon="18.13913"><time>2026-07-30T12:41:01Z</time></trkpt><trkpt lat="49.9175" lon="18.13939"><time>2026-07-30T12:41:02Z</time></trkpt><trkpt lat="49.91754" lon="18.13964"><time>2026-07-30T12:41:03Z</time></trkpt><trkpt lat="49.91757" lon="18.13989"><time>2026-07-30T12:41:04Z</time></trkpt><trkpt lat="49.91761" lon="18.14014"><time>2026-07-30T12:41:05Z</time></trkpt><trkpt lat="49.91765" lon="18.14038"><time>2026-07-30T12:41:06Z</time></trkpt><trkpt lat="49.91769" lon="18.14064"><time>2026-07-30T12:41:07Z</time></trkpt><trkpt lat="49.91773" lon="18.1409"><time>2026-07-30T12:41:08Z</time></trkpt><trkpt lat="49.91776" lon="18.14116"><time>2026-07-30T12:41:09Z</time></trkpt><trkpt lat="49.91781" lon="18.14144"><time>2026-07-30T12:41:10Z</time></trkpt><trkpt lat="49.91784" lon="18.14173"><time>2026-07-30T12:41:11Z</time></trkpt><trkpt lat="49.91788" lon="18.14199"><time>2026-07-30T12:41:12Z</time></trkpt><trkpt lat="49.91791" lon="18.14224"><time>2026-07-30T12:41:13Z</time></trkpt><trkpt lat="49.91794" lon="18.14248"><time>2026-07-30T12:41:14Z</time></trkpt><trkpt lat="49.91798" lon="18.1427"><time>2026-07-30T12:41:15Z</time></trkpt><trkpt lat="49.91802" lon="18.14292"><time>2026-07-30T12:41:16Z</time></trkpt><trkpt lat="49.91805" lon="18.14312"><time>2026-07-30T12:41:17Z</time></trkpt><trkpt lat="49.91808" lon="18.14333"><time>2026-07-30T12:41:18Z</time></trkpt><trkpt lat="49.91811" lon="18.14354"><time>2026-07-30T12:41:19Z</time></trkpt><trkpt lat="49.91815" lon="18.14376"><time>2026-07-30T12:41:20Z</time></trkpt><trkpt lat="49.91819" lon="18.14399"><time>2026-07-30T12:41:21Z</time></trkpt><trkpt lat="49.91822" lon="18.14421"><time>2026-07-30T12:41:22Z</time></trkpt><trkpt lat="49.91824" lon="18.14443"><time>2026-07-30T12:41:23Z</time></trkpt><trkpt lat="49.91826" lon="18.14464"><time>2026-07-30T12:41:24Z</time></trkpt><trkpt lat="49.91827" lon="18.14484"><time>2026-07-30T12:41:25Z</time></trkpt><trkpt lat="49.91826" lon="18.14504"><time>2026-07-30T12:41:26Z</time></trkpt><trkpt lat="49.91823" lon="18.14525"><time>2026-07-30T12:41:27Z</time></trkpt><trkpt lat="49.91818" lon="18.14545"><time>2026-07-30T12:41:28Z</time></trkpt><trkpt lat="49.9181" lon="18.14564"><time>2026-07-30T12:41:29Z</time></trkpt><trkpt lat="49.91803" lon="18.14582"><time>2026-07-30T12:41:30Z</time></trkpt><trkpt lat="49.91796" lon="18.146"><time>2026-07-30T12:41:31Z</time></trkpt><trkpt lat="49.91789" lon="18.14616"><time>2026-07-30T12:41:32Z</time></trkpt><trkpt lat="49.91783" lon="18.14632"><time>2026-07-30T12:41:33Z</time></trkpt><trkpt lat="49.91776" lon="18.14647"><time>2026-07-30T12:41:34Z</time></trkpt><trkpt lat="49.91769" lon="18.14661"><time>2026-07-30T12:41:35Z</time></trkpt><trkpt lat="49.91763" lon="18.14677"><time>2026-07-30T12:41:36Z</time></trkpt><trkpt lat="49.91756" lon="18.14693"><time>2026-07-30T12:41:37Z</time></trkpt><trkpt lat="49.91748" lon="18.1471"><time>2026-07-30T12:41:38Z</time></trkpt><trkpt lat="49.91741" lon="18.14726"><time>2026-07-30T12:41:39Z</time></trkpt><trkpt lat="49.91733" lon="18.14745"><time>2026-07-30T12:41:40Z</time></trkpt><trkpt lat="49.91726" lon="18.14765"><time>2026-07-30T12:41:41Z</time></trkpt><trkpt lat="49.91717" lon="18.14782"><time>2026-07-30T12:41:42Z</time></trkpt><trkpt lat="49.9171" lon="18.14797"><time>2026-07-30T12:41:43Z</time></trkpt><trkpt lat="49.91703" lon="18.14813"><time>2026-07-30T12:41:44Z</time></trkpt><trkpt lat="49.91697" lon="18.14829"><time>2026-07-30T12:41:45Z</time></trkpt><trkpt lat="49.91691" lon="18.14846"><time>2026-07-30T12:41:46Z</time></trkpt><trkpt lat="49.91684" lon="18.14862"><time>2026-07-30T12:41:47Z</time></trkpt><trkpt lat="49.91677" lon="18.14878"><time>2026-07-30T12:41:48Z</time></trkpt><trkpt lat="49.9167" lon="18.14893"><time>2026-07-30T12:41:49Z</time></trkpt><trkpt lat="49.91664" lon="18.14908"><time>2026-07-30T12:41:50Z</time></trkpt><trkpt lat="49.91657" lon="18.14923"><time>2026-07-30T12:41:51Z</time></trkpt><trkpt lat="49.9165" lon="18.14939"><time>2026-07-30T12:41:52Z</time></trkpt><trkpt lat="49.91643" lon="18.14955"><time>2026-07-30T12:41:53Z</time></trkpt><trkpt lat="49.91637" lon="18.1497"><time>2026-07-30T12:41:54Z</time></trkpt><trkpt lat="49.9163" lon="18.14984"><time>2026-07-30T12:41:55Z</time></trkpt><trkpt lat="49.91623" lon="18.14998"><time>2026-07-30T12:41:56Z</time></trkpt><trkpt lat="49.91617" lon="18.15012"><time>2026-07-30T12:41:57Z</time></trkpt><trkpt lat="49.91611" lon="18.15027"><time>2026-07-30T12:41:58Z</time></trkpt><trkpt lat="49.91604" lon="18.15041"><time>2026-07-30T12:41:59Z</time></trkpt><trkpt lat="49.91599" lon="18.15057"><time>2026-07-30T12:42:00Z</time></trkpt><trkpt lat="49.91592" lon="18.15072"><time>2026-07-30T12:42:01Z</time></trkpt><trkpt lat="49.91586" lon="18.15086"><time>2026-07-30T12:42:02Z</time></trkpt><trkpt lat="49.91579" lon="18.15102"><time>2026-07-30T12:42:03Z</time></trkpt><trkpt lat="49.91573" lon="18.15117"><time>2026-07-30T12:42:04Z</time></trkpt><trkpt lat="49.91566" lon="18.15132"><time>2026-07-30T12:42:05Z</time></trkpt><trkpt lat="49.9156" lon="18.15147"><time>2026-07-30T12:42:06Z</time></trkpt><trkpt lat="49.91553" lon="18.15163"><time>2026-07-30T12:42:07Z</time></trkpt><trkpt lat="49.91547" lon="18.15178"><time>2026-07-30T12:42:08Z</time></trkpt><trkpt lat="49.9154" lon="18.15195"><time>2026-07-30T12:42:09Z</time></trkpt><trkpt lat="49.91533" lon="18.15211"><time>2026-07-30T12:42:10Z</time></trkpt><trkpt lat="49.91526" lon="18.15226"><time>2026-07-30T12:42:11Z</time></trkpt><trkpt lat="49.91519" lon="18.15242"><time>2026-07-30T12:42:12Z</time></trkpt><trkpt lat="49.91512" lon="18.15257"><time>2026-07-30T12:42:13Z</time></trkpt><trkpt lat="49.91504" lon="18.15271"><time>2026-07-30T12:42:14Z</time></trkpt><trkpt lat="49.91497" lon="18.15286"><time>2026-07-30T12:42:15Z</time></trkpt><trkpt lat="49.91489" lon="18.15299"><time>2026-07-30T12:42:16Z</time></trkpt><trkpt lat="49.91479" lon="18.15313"><time>2026-07-30T12:42:17Z</time></trkpt><trkpt lat="49.91469" lon="18.15326"><time>2026-07-30T12:42:18Z</time></trkpt><trkpt lat="49.91458" lon="18.15338"><time>2026-07-30T12:42:19Z</time></trkpt><trkpt lat="49.91447" lon="18.1535"><time>2026-07-30T12:42:20Z</time></trkpt><trkpt lat="49.91436" lon="18.1536"><time>2026-07-30T12:42:21Z</time></trkpt><trkpt lat="49.91425" lon="18.1537"><time>2026-07-30T12:42:22Z</time></trkpt><trkpt lat="49.91415" lon="18.1538"><time>2026-07-30T12:42:23Z</time></trkpt><trkpt lat="49.91405" lon="18.15389"><time>2026-07-30T12:42:24Z</time></trkpt><trkpt lat="49.91396" lon="18.154"><time>2026-07-30T12:42:25Z</time></trkpt><trkpt lat="49.91388" lon="18.15412"><time>2026-07-30T12:42:26Z</time></trkpt><trkpt lat="49.9138" lon="18.15423"><time>2026-07-30T12:42:27Z</time></trkpt><trkpt lat="49.91372" lon="18.1544"><time>2026-07-30T12:42:28Z</time></trkpt><trkpt lat="49.91365" lon="18.15455"><time>2026-07-30T12:42:29Z</time></trkpt><trkpt lat="49.91358" lon="18.15471"><time>2026-07-30T12:42:30Z</time></trkpt><trkpt lat="49.91351" lon="18.15486"><time>2026-07-30T12:42:31Z</time></trkpt><trkpt lat="49.91344" lon="18.15503"><time>2026-07-30T12:42:32Z</time></trkpt><trkpt lat="49.91337" lon="18.1552"><time>2026-07-30T12:42:33Z</time></trkpt><trkpt lat="49.9133" lon="18.15537"><time>2026-07-30T12:42:34Z</time></trkpt><trkpt lat="49.91323" lon="18.15555"><time>2026-07-30T12:42:35Z</time></trkpt><trkpt lat="49.91315" lon="18.15572"><time>2026-07-30T12:42:36Z</time></trkpt><trkpt lat="49.91308" lon="18.15589"><time>2026-07-30T12:42:37Z</time></trkpt><trkpt lat="49.91301" lon="18.15606"><time>2026-07-30T12:42:38Z</time></trkpt><trkpt lat="49.91294" lon="18.15623"><time>2026-07-30T12:42:39Z</time></trkpt><trkpt lat="49.91287" lon="18.15639"><time>2026-07-30T12:42:40Z</time></trkpt><trkpt lat="49.9128" lon="18.15657"><time>2026-07-30T12:42:41Z</time></trkpt><trkpt lat="49.91273" lon="18.15672"><time>2026-07-30T12:42:42Z</time></trkpt><trkpt lat="49.91267" lon="18.15688"><time>2026-07-30T12:42:43Z</time></trkpt><trkpt lat="49.9126" lon="18.15704"><time>2026-07-30T12:42:44Z</time></trkpt><trkpt lat="49.91254" lon="18.15721"><time>2026-07-30T12:42:45Z</time></trkpt><trkpt lat="49.91248" lon="18.15739"><time>2026-07-30T12:42:46Z</time></trkpt><trkpt lat="49.9124" lon="18.15757"><time>2026-07-30T12:42:47Z</time></trkpt><trkpt lat="49.91233" lon="18.15775"><time>2026-07-30T12:42:48Z</time></trkpt><trkpt lat="49.91224" lon="18.15794"><time>2026-07-30T12:42:49Z</time></trkpt><trkpt lat="49.91216" lon="18.15812"><time>2026-07-30T12:42:50Z</time></trkpt><trkpt lat="49.91206" lon="18.1583"><time>2026-07-30T12:42:51Z</time></trkpt><trkpt lat="49.91195" lon="18.15846"><time>2026-07-30T12:42:52Z</time></trkpt><trkpt lat="49.91184" lon="18.15862"><time>2026-07-30T12:42:53Z</time></trkpt><trkpt lat="49.91172" lon="18.15878"><time>2026-07-30T12:42:54Z</time></trkpt><trkpt lat="49.9116" lon="18.15894"><time>2026-07-30T12:42:55Z</time></trkpt><trkpt lat="49.91147" lon="18.1591"><time>2026-07-30T12:42:56Z</time></trkpt><trkpt lat="49.91135" lon="18.15925"><time>2026-07-30T12:42:57Z</time></trkpt><trkpt lat="49.91123" lon="18.15939"><time>2026-07-30T12:42:58Z</time></trkpt><trkpt lat="49.91112" lon="18.15954"><time>2026-07-30T12:42:59Z</time></trkpt><trkpt lat="49.911" lon="18.15968"><time>2026-07-30T12:43:00Z</time></trkpt><trkpt lat="49.91089" lon="18.15983"><time>2026-07-30T12:43:01Z</time></trkpt><trkpt lat="49.91078" lon="18.16"><time>2026-07-30T12:43:02Z</time></trkpt><trkpt lat="49.91067" lon="18.16017"><time>2026-07-30T12:43:03Z</time></trkpt><trkpt lat="49.91057" lon="18.16036"><time>2026-07-30T12:43:04Z</time></trkpt><trkpt lat="49.91048" lon="18.16057"><time>2026-07-30T12:43:05Z</time></trkpt><trkpt lat="49.91041" lon="18.16079"><time>2026-07-30T12:43:06Z</time></trkpt><trkpt lat="49.91035" lon="18.16101"><time>2026-07-30T12:43:07Z</time></trkpt><trkpt lat="49.91029" lon="18.16124"><time>2026-07-30T12:43:08Z</time></trkpt><trkpt lat="49.91026" lon="18.16146"><time>2026-07-30T12:43:09Z</time></trkpt><trkpt lat="49.91022" lon="18.16172"><time>2026-07-30T12:43:10Z</time></trkpt><trkpt lat="49.91021" lon="18.16194"><time>2026-07-30T12:43:11Z</time></trkpt><trkpt lat="49.91019" lon="18.16217"><time>2026-07-30T12:43:12Z</time></trkpt><trkpt lat="49.91017" lon="18.16244"><time>2026-07-30T12:43:13Z</time></trkpt><trkpt lat="49.91014" lon="18.16269"><time>2026-07-30T12:43:14Z</time></trkpt><trkpt lat="49.91011" lon="18.16298"><time>2026-07-30T12:43:15Z</time></trkpt><trkpt lat="49.9101" lon="18.16328"><time>2026-07-30T12:43:16Z</time></trkpt><trkpt lat="49.91007" lon="18.16357"><time>2026-07-30T12:43:17Z</time></trkpt><trkpt lat="49.91005" lon="18.16385"><time>2026-07-30T12:43:18Z</time></trkpt><trkpt lat="49.91002" lon="18.16411"><time>2026-07-30T12:43:19Z</time></trkpt><trkpt lat="49.90999" lon="18.16438"><time>2026-07-30T12:43:20Z</time></trkpt><trkpt lat="49.90993" lon="18.16462"><time>2026-07-30T12:43:21Z</time></trkpt><trkpt lat="49.90987" lon="18.16489"><time>2026-07-30T12:43:22Z</time></trkpt><trkpt lat="49.90981" lon="18.16516"><time>2026-07-30T12:43:23Z</time></trkpt><trkpt lat="49.90974" lon="18.16543"><time>2026-07-30T12:43:24Z</time></trkpt><trkpt lat="49.90967" lon="18.1657"><time>2026-07-30T12:43:25Z</time></trkpt><trkpt lat="49.90959" lon="18.16598"><time>2026-07-30T12:43:26Z</time></trkpt><trkpt lat="49.90951" lon="18.16627"><time>2026-07-30T12:43:27Z</time></trkpt><trkpt lat="49.90944" lon="18.16656"><time>2026-07-30T12:43:28Z</time></trkpt><trkpt lat="49.90935" lon="18.16685"><time>2026-07-30T12:43:29Z</time></trkpt><trkpt lat="49.90928" lon="18.16714"><time>2026-07-30T12:43:30Z</time></trkpt><trkpt lat="49.90922" lon="18.16741"><time>2026-07-30T12:43:31Z</time></trkpt><trkpt lat="49.90915" lon="18.16768"><time>2026-07-30T12:43:32Z</time></trkpt><trkpt lat="49.90907" lon="18.16793"><time>2026-07-30T12:43:33Z</time></trkpt><trkpt lat="49.90897" lon="18.16818"><time>2026-07-30T12:43:34Z</time></trkpt><trkpt lat="49.90887" lon="18.1684"><time>2026-07-30T12:43:35Z</time></trkpt><trkpt lat="49.90877" lon="18.16863"><time>2026-07-30T12:43:36Z</time></trkpt><trkpt lat="49.90865" lon="18.16886"><time>2026-07-30T12:43:37Z</time></trkpt><trkpt lat="49.90853" lon="18.16906"><time>2026-07-30T12:43:38Z</time></trkpt><trkpt lat="49.90842" lon="18.16927"><time>2026-07-30T12:43:39Z</time></trkpt><trkpt lat="49.9083" lon="18.16945"><time>2026-07-30T12:43:40Z</time></trkpt><trkpt lat="49.90819" lon="18.16966"><time>2026-07-30T12:43:41Z</time></trkpt><trkpt lat="49.90807" lon="18.16986"><time>2026-07-30T12:43:42Z</time></trkpt><trkpt lat="49.90795" lon="18.17007"><time>2026-07-30T12:43:43Z</time></trkpt><trkpt lat="49.90783" lon="18.17028"><time>2026-07-30T12:43:44Z</time></trkpt><trkpt lat="49.9077" lon="18.17049"><time>2026-07-30T12:43:45Z</time></trkpt><trkpt lat="49.90757" lon="18.17072"><time>2026-07-30T12:43:46Z</time></trkpt><trkpt lat="49.90744" lon="18.17095"><time>2026-07-30T12:43:47Z</time></trkpt><trkpt lat="49.9073" lon="18.17119"><time>2026-07-30T12:43:48Z</time></trkpt><trkpt lat="49.90717" lon="18.17142"><time>2026-07-30T12:43:49Z</time></trkpt><trkpt lat="49.90703" lon="18.17165"><time>2026-07-30T12:43:50Z</time></trkpt><trkpt lat="49.9069" lon="18.17189"><time>2026-07-30T12:43:51Z</time></trkpt><trkpt lat="49.90677" lon="18.17212"><time>2026-07-30T12:43:52Z</time></trkpt><trkpt lat="49.90663" lon="18.17235"><time>2026-07-30T12:43:53Z</time></trkpt><trkpt lat="49.9065" lon="18.17258"><time>2026-07-30T12:43:54Z</time></trkpt><trkpt lat="49.90638" lon="18.17279"><time>2026-07-30T12:43:55Z</time></trkpt><trkpt lat="49.90625" lon="18.173"><time>2026-07-30T12:43:56Z</time></trkpt><trkpt lat="49.90613" lon="18.17323"><time>2026-07-30T12:43:57Z</time></trkpt><trkpt lat="49.90599" lon="18.17346"><time>2026-07-30T12:43:58Z</time></trkpt><trkpt lat="49.90587" lon="18.17368"><time>2026-07-30T12:43:59Z</time></trkpt><trkpt lat="49.90574" lon="18.17389"><time>2026-07-30T12:44:00Z</time></trkpt><trkpt lat="49.90562" lon="18.17409"><time>2026-07-30T12:44:01Z</time></trkpt><trkpt lat="49.90549" lon="18.17433"><time>2026-07-30T12:44:02Z</time></trkpt><trkpt lat="49.90536" lon="18.17456"><time>2026-07-30T12:44:03Z</time></trkpt><trkpt lat="49.90523" lon="18.17478"><time>2026-07-30T12:44:04Z</time></trkpt><trkpt lat="49.90511" lon="18.175"><time>2026-07-30T12:44:05Z</time></trkpt><trkpt lat="49.90498" lon="18.17523"><time>2026-07-30T12:44:06Z</time></trkpt><trkpt lat="49.90484" lon="18.17546"><time>2026-07-30T12:44:07Z</time></trkpt><trkpt lat="49.90471" lon="18.17569"><time>2026-07-30T12:44:08Z</time></trkpt><trkpt lat="49.90457" lon="18.17591"><time>2026-07-30T12:44:09Z</time></trkpt><trkpt lat="49.90444" lon="18.17613"><time>2026-07-30T12:44:10Z</time></trkpt><trkpt lat="49.90431" lon="18.17635"><time>2026-07-30T12:44:11Z</time></trkpt><trkpt lat="49.90418" lon="18.17658"><time>2026-07-30T12:44:12Z</time></trkpt><trkpt lat="49.90405" lon="18.17681"><time>2026-07-30T12:44:13Z</time></trkpt><trkpt lat="49.90392" lon="18.17702"><time>2026-07-30T12:44:14Z</time></trkpt><trkpt lat="49.9038" lon="18.17724"><time>2026-07-30T12:44:15Z</time></trkpt><trkpt lat="49.90368" lon="18.17744"><time>2026-07-30T12:44:16Z</time></trkpt><trkpt lat="49.90355" lon="18.17765"><time>2026-07-30T12:44:17Z</time></trkpt><trkpt lat="49.90342" lon="18.17787"><time>2026-07-30T12:44:18Z</time></trkpt><trkpt lat="49.90329" lon="18.17807"><time>2026-07-30T12:44:19Z</time></trkpt><trkpt lat="49.90316" lon="18.17828"><time>2026-07-30T12:44:20Z</time></trkpt><trkpt lat="49.90302" lon="18.17847"><time>2026-07-30T12:44:21Z</time></trkpt><trkpt lat="49.90289" lon="18.17869"><time>2026-07-30T12:44:22Z</time></trkpt><trkpt lat="49.90275" lon="18.17888"><time>2026-07-30T12:44:23Z</time></trkpt><trkpt lat="49.90262" lon="18.17907"><time>2026-07-30T12:44:24Z</time></trkpt><trkpt lat="49.90249" lon="18.17923"><time>2026-07-30T12:44:25Z</time></trkpt><trkpt lat="49.90237" lon="18.1794"><time>2026-07-30T12:44:26Z</time></trkpt><trkpt lat="49.90224" lon="18.17956"><time>2026-07-30T12:44:27Z</time></trkpt><trkpt lat="49.90211" lon="18.17973"><time>2026-07-30T12:44:28Z</time></trkpt><trkpt lat="49.90198" lon="18.17991"><time>2026-07-30T12:44:29Z</time></trkpt><trkpt lat="49.90185" lon="18.18007"><time>2026-07-30T12:44:30Z</time></trkpt><trkpt lat="49.90171" lon="18.18025"><time>2026-07-30T12:44:31Z</time></trkpt><trkpt lat="49.90158" lon="18.18042"><time>2026-07-30T12:44:32Z</time></trkpt><trkpt lat="49.90144" lon="18.1806"><time>2026-07-30T12:44:33Z</time></trkpt><trkpt lat="49.90132" lon="18.18077"><time>2026-07-30T12:44:34Z</time></trkpt><trkpt lat="49.90119" lon="18.18096"><time>2026-07-30T12:44:35Z</time></trkpt><trkpt lat="49.90106" lon="18.18113"><time>2026-07-30T12:44:36Z</time></trkpt><trkpt lat="49.90093" lon="18.18129"><time>2026-07-30T12:44:37Z</time></trkpt><trkpt lat="49.90082" lon="18.18146"><time>2026-07-30T12:44:38Z</time></trkpt><trkpt lat="49.90071" lon="18.18161"><time>2026-07-30T12:44:39Z</time></trkpt><trkpt lat="49.9006" lon="18.18175"><time>2026-07-30T12:44:40Z</time></trkpt><trkpt lat="49.90049" lon="18.18189"><time>2026-07-30T12:44:41Z</time></trkpt><trkpt lat="49.90039" lon="18.18203"><time>2026-07-30T12:44:42Z</time></trkpt><trkpt lat="49.9003" lon="18.18215"><time>2026-07-30T12:44:43Z</time></trkpt><trkpt lat="49.90021" lon="18.18226"><time>2026-07-30T12:44:44Z</time></trkpt><trkpt lat="49.90012" lon="18.18238"><time>2026-07-30T12:44:45Z</time></trkpt><trkpt lat="49.90003" lon="18.18249"><time>2026-07-30T12:44:46Z</time></trkpt><trkpt lat="49.89995" lon="18.18259"><time>2026-07-30T12:44:47Z</time></trkpt><trkpt lat="49.89987" lon="18.18269"><time>2026-07-30T12:44:48Z</time></trkpt><trkpt lat="49.89979" lon="18.1828"><time>2026-07-30T12:44:49Z</time></trkpt><trkpt lat="49.89971" lon="18.1829"><time>2026-07-30T12:44:50Z</time></trkpt><trkpt lat="49.89963" lon="18.18299"><time>2026-07-30T12:44:51Z</time></trkpt><trkpt lat="49.89955" lon="18.18308"><time>2026-07-30T12:44:52Z</time></trkpt><trkpt lat="49.89947" lon="18.18316"><time>2026-07-30T12:44:53Z</time></trkpt><trkpt lat="49.89939" lon="18.18324"><time>2026-07-30T12:44:54Z</time></trkpt><trkpt lat="49.89931" lon="18.18331"><time>2026-07-30T12:44:55Z</time></trkpt><trkpt lat="49.89924" lon="18.18336"><time>2026-07-30T12:44:56Z</time></trkpt><trkpt lat="49.89916" lon="18.18343"><time>2026-07-30T12:44:57Z</time></trkpt><trkpt lat="49.89907" lon="18.1835"><time>2026-07-30T12:44:58Z</time></trkpt><trkpt lat="49.89899" lon="18.18356"><time>2026-07-30T12:44:59Z</time></trkpt><trkpt lat="49.8989" lon="18.18363"><time>2026-07-30T12:45:00Z</time></trkpt><trkpt lat="49.8988" lon="18.18371"><time>2026-07-30T12:45:01Z</time></trkpt><trkpt lat="49.89872" lon="18.18378"><time>2026-07-30T12:45:02Z</time></trkpt><trkpt lat="49.89868" lon="18.18382"><time>2026-07-30T12:45:03Z</time></trkpt><trkpt lat="49.89859" lon="18.18387"><time>2026-07-30T12:45:04Z</time></trkpt><trkpt lat="49.8985" lon="18.18393"><time>2026-07-30T12:45:05Z</time></trkpt><trkpt lat="49.89839" lon="18.18403"><time>2026-07-30T12:45:06Z</time></trkpt><trkpt lat="49.89829" lon="18.18411"><time>2026-07-30T12:45:07Z</time></trkpt><trkpt lat="49.89819" lon="18.18419"><time>2026-07-30T12:45:08Z</time></trkpt><trkpt lat="49.89809" lon="18.18427"><time>2026-07-30T12:45:09Z</time></trkpt><trkpt lat="49.89799" lon="18.18434"><time>2026-07-30T12:45:10Z</time></trkpt><trkpt lat="49.89787" lon="18.1844"><time>2026-07-30T12:45:11Z</time></trkpt><trkpt lat="49.89776" lon="18.18446"><time>2026-07-30T12:45:12Z</time></trkpt><trkpt lat="49.89764" lon="18.18449"><time>2026-07-30T12:45:13Z</time></trkpt><trkpt lat="49.89753" lon="18.18451"><time>2026-07-30T12:45:14Z</time></trkpt><trkpt lat="49.89742" lon="18.18452"><time>2026-07-30T12:45:15Z</time></trkpt><trkpt lat="49.89729" lon="18.18452"><time>2026-07-30T12:45:16Z</time></trkpt><trkpt lat="49.89716" lon="18.18451"><time>2026-07-30T12:45:17Z</time></trkpt><trkpt lat="49.89704" lon="18.18449"><time>2026-07-30T12:45:18Z</time></trkpt><trkpt lat="49.8969" lon="18.18448"><time>2026-07-30T12:45:19Z</time></trkpt><trkpt lat="49.89676" lon="18.18447"><time>2026-07-30T12:45:20Z</time></trkpt><trkpt lat="49.89663" lon="18.18446"><time>2026-07-30T12:45:21Z</time></trkpt><trkpt lat="49.89649" lon="18.18446"><time>2026-07-30T12:45:22Z</time></trkpt><trkpt lat="49.89637" lon="18.18448"><time>2026-07-30T12:45:23Z</time></trkpt><trkpt lat="49.89624" lon="18.18451"><time>2026-07-30T12:45:24Z</time></trkpt><trkpt lat="49.89612" lon="18.18456"><time>2026-07-30T12:45:25Z</time></trkpt><trkpt lat="49.896" lon="18.1846"><time>2026-07-30T12:45:26Z</time></trkpt><trkpt lat="49.89588" lon="18.18467"><time>2026-07-30T12:45:27Z</time></trkpt><trkpt lat="49.89576" lon="18.18475"><time>2026-07-30T12:45:28Z</time></trkpt><trkpt lat="49.89565" lon="18.18484"><time>2026-07-30T12:45:29Z</time></trkpt><trkpt lat="49.89554" lon="18.18495"><time>2026-07-30T12:45:30Z</time></trkpt><trkpt lat="49.89544" lon="18.18506"><time>2026-07-30T12:45:31Z</time></trkpt><trkpt lat="49.89535" lon="18.18518"><time>2026-07-30T12:45:32Z</time></trkpt><trkpt lat="49.89527" lon="18.18531"><time>2026-07-30T12:45:33Z</time></trkpt><trkpt lat="49.89519" lon="18.18546"><time>2026-07-30T12:45:34Z</time></trkpt><trkpt lat="49.89511" lon="18.18562"><time>2026-07-30T12:45:35Z</time></trkpt><trkpt lat="49.89503" lon="18.18579"><time>2026-07-30T12:45:36Z</time></trkpt><trkpt lat="49.89497" lon="18.18597"><time>2026-07-30T12:45:37Z</time></trkpt><trkpt lat="49.89492" lon="18.18614"><time>2026-07-30T12:45:38Z</time></trkpt><trkpt lat="49.89487" lon="18.18631"><time>2026-07-30T12:45:39Z</time></trkpt><trkpt lat="49.89484" lon="18.18648"><time>2026-07-30T12:45:40Z</time></trkpt><trkpt lat="49.89482" lon="18.18666"><time>2026-07-30T12:45:41Z</time></trkpt><trkpt lat="49.8948" lon="18.18684"><time>2026-07-30T12:45:42Z</time></trkpt><trkpt lat="49.8948" lon="18.18703"><time>2026-07-30T12:45:43Z</time></trkpt><trkpt lat="49.89481" lon="18.1872"><time>2026-07-30T12:45:44Z</time></trkpt><trkpt lat="49.89482" lon="18.18737"><time>2026-07-30T12:45:45Z</time></trkpt><trkpt lat="49.89482" lon="18.18755"><time>2026-07-30T12:45:46Z</time></trkpt><trkpt lat="49.89484" lon="18.18773"><time>2026-07-30T12:45:47Z</time></trkpt><trkpt lat="49.89488" lon="18.1879"><time>2026-07-30T12:45:48Z</time></trkpt><trkpt lat="49.89492" lon="18.18807"><time>2026-07-30T12:45:49Z</time></trkpt><trkpt lat="49.89496" lon="18.18824"><time>2026-07-30T12:45:50Z</time></trkpt><trkpt lat="49.895" lon="18.18839"><time>2026-07-30T12:45:51Z</time></trkpt><trkpt lat="49.89505" lon="18.18854"><time>2026-07-30T12:45:52Z</time></trkpt><trkpt lat="49.89511" lon="18.1887"><time>2026-07-30T12:45:53Z</time></trkpt><trkpt lat="49.89518" lon="18.18883"><time>2026-07-30T12:45:54Z</time></trkpt><trkpt lat="49.89526" lon="18.18896"><time>2026-07-30T12:45:55Z</time></trkpt><trkpt lat="49.89533" lon="18.18909"><time>2026-07-30T12:45:56Z</time></trkpt><trkpt lat="49.89541" lon="18.18921"><time>2026-07-30T12:45:57Z</time></trkpt><trkpt lat="49.89548" lon="18.18933"><time>2026-07-30T12:45:58Z</time></trkpt><trkpt lat="49.89556" lon="18.18944"><time>2026-07-30T12:45:59Z</time></trkpt><trkpt lat="49.89563" lon="18.18955"><time>2026-07-30T12:46:00Z</time></trkpt><trkpt lat="49.8957" lon="18.18965"><time>2026-07-30T12:46:01Z</time></trkpt><trkpt lat="49.89577" lon="18.18976"><time>2026-07-30T12:46:02Z</time></trkpt><trkpt lat="49.89583" lon="18.18985"><time>2026-07-30T12:46:03Z</time></trkpt><trkpt lat="49.89588" lon="18.18993"><time>2026-07-30T12:46:04Z</time></trkpt><trkpt lat="49.89588" lon="18.18993"><time>2026-07-30T12:46:05Z</time></trkpt><trkpt lat="49.89589" lon="18.18995"><time>2026-07-30T12:46:06Z</time></trkpt><trkpt lat="49.8959" lon="18.18997"><time>2026-07-30T12:46:07Z</time></trkpt><trkpt lat="49.89592" lon="18.18999"><time>2026-07-30T12:46:08Z</time></trkpt><trkpt lat="49.89595" lon="18.19003"><time>2026-07-30T12:46:09Z</time></trkpt><trkpt lat="49.896" lon="18.1901"><time>2026-07-30T12:46:10Z</time></trkpt><trkpt lat="49.89605" lon="18.19018"><time>2026-07-30T12:46:11Z</time></trkpt><trkpt lat="49.8961" lon="18.19027"><time>2026-07-30T12:46:12Z</time></trkpt><trkpt lat="49.89616" lon="18.19037"><time>2026-07-30T12:46:13Z</time></trkpt><trkpt lat="49.89622" lon="18.19049"><time>2026-07-30T12:46:14Z</time></trkpt><trkpt lat="49.89627" lon="18.19062"><time>2026-07-30T12:46:15Z</time></trkpt><trkpt lat="49.89631" lon="18.19074"><time>2026-07-30T12:46:16Z</time></trkpt><trkpt lat="49.89635" lon="18.19086"><time>2026-07-30T12:46:17Z</time></trkpt><trkpt lat="49.89638" lon="18.19098"><time>2026-07-30T12:46:18Z</time></trkpt><trkpt lat="49.89641" lon="18.19113"><time>2026-07-30T12:46:19Z</time></trkpt><trkpt lat="49.89643" lon="18.1913"><time>2026-07-30T12:46:20Z</time></trkpt><trkpt lat="49.89644" lon="18.19146"><time>2026-07-30T12:46:21Z</time></trkpt><trkpt lat="49.89644" lon="18.19164"><time>2026-07-30T12:46:22Z</time></trkpt><trkpt lat="49.89645" lon="18.1918"><time>2026-07-30T12:46:23Z</time></trkpt><trkpt lat="49.89646" lon="18.19195"><time>2026-07-30T12:46:24Z</time></trkpt><trkpt lat="49.89644" lon="18.19213"><time>2026-07-30T12:46:25Z</time></trkpt><trkpt lat="49.89642" lon="18.1923"><time>2026-07-30T12:46:26Z</time></trkpt><trkpt lat="49.8964" lon="18.1925"><time>2026-07-30T12:46:27Z</time></trkpt><trkpt lat="49.89638" lon="18.19267"><time>2026-07-30T12:46:28Z</time></trkpt><trkpt lat="49.89639" lon="18.19284"><time>2026-07-30T12:46:29Z</time></trkpt><trkpt lat="49.89638" lon="18.19303"><time>2026-07-30T12:46:30Z</time></trkpt><trkpt lat="49.89632" lon="18.19322"><time>2026-07-30T12:46:31Z</time></trkpt><trkpt lat="49.89635" lon="18.19342"><time>2026-07-30T12:46:32Z</time></trkpt><trkpt lat="49.89631" lon="18.1936"><time>2026-07-30T12:46:33Z</time></trkpt><trkpt lat="49.89632" lon="18.1938"><time>2026-07-30T12:46:34Z</time></trkpt><trkpt lat="49.89632" lon="18.19398"><time>2026-07-30T12:46:35Z</time></trkpt><trkpt lat="49.89631" lon="18.19415"><time>2026-07-30T12:46:36Z</time></trkpt><trkpt lat="49.89632" lon="18.19433"><time>2026-07-30T12:46:37Z</time></trkpt><trkpt lat="49.89631" lon="18.1945"><time>2026-07-30T12:46:38Z</time></trkpt><trkpt lat="49.89629" lon="18.19465"><time>2026-07-30T12:46:39Z</time></trkpt><trkpt lat="49.8963" lon="18.19483"><time>2026-07-30T12:46:40Z</time></trkpt><trkpt lat="49.89631" lon="18.19501"><time>2026-07-30T12:46:41Z</time></trkpt><trkpt lat="49.89632" lon="18.19518"><time>2026-07-30T12:46:42Z</time></trkpt><trkpt lat="49.89632" lon="18.19537"><time>2026-07-30T12:46:43Z</time></trkpt><trkpt lat="49.89634" lon="18.19555"><time>2026-07-30T12:46:44Z</time></trkpt><trkpt lat="49.89634" lon="18.19572"><time>2026-07-30T12:46:45Z</time></trkpt><trkpt lat="49.89636" lon="18.19589"><time>2026-07-30T12:46:46Z</time></trkpt><trkpt lat="49.89636" lon="18.19606"><time>2026-07-30T12:46:47Z</time></trkpt><trkpt lat="49.89637" lon="18.19624"><time>2026-07-30T12:46:48Z</time></trkpt><trkpt lat="49.89638" lon="18.19642"><time>2026-07-30T12:46:49Z</time></trkpt><trkpt lat="49.89638" lon="18.19661"><time>2026-07-30T12:46:50Z</time></trkpt><trkpt lat="49.89639" lon="18.19678"><time>2026-07-30T12:46:51Z</time></trkpt><trkpt lat="49.89639" lon="18.19696"><time>2026-07-30T12:46:52Z</time></trkpt><trkpt lat="49.89639" lon="18.19714"><time>2026-07-30T12:46:53Z</time></trkpt><trkpt lat="49.89638" lon="18.19731"><time>2026-07-30T12:46:54Z</time></trkpt><trkpt lat="49.89638" lon="18.19748"><time>2026-07-30T12:46:55Z</time></trkpt><trkpt lat="49.89638" lon="18.19767"><time>2026-07-30T12:46:56Z</time></trkpt><trkpt lat="49.89637" lon="18.19785"><time>2026-07-30T12:46:57Z</time></trkpt><trkpt lat="49.89636" lon="18.19805"><time>2026-07-30T12:46:58Z</time></trkpt><trkpt lat="49.89636" lon="18.19822"><time>2026-07-30T12:46:59Z</time></trkpt><trkpt lat="49.89636" lon="18.1984"><time>2026-07-30T12:47:00Z</time></trkpt><trkpt lat="49.89634" lon="18.19857"><time>2026-07-30T12:47:01Z</time></trkpt><trkpt lat="49.89633" lon="18.19872"><time>2026-07-30T12:47:02Z</time></trkpt><trkpt lat="49.89631" lon="18.19887"><time>2026-07-30T12:47:03Z</time></trkpt><trkpt lat="49.8963" lon="18.19902"><time>2026-07-30T12:47:04Z</time></trkpt><trkpt lat="49.89629" lon="18.19915"><time>2026-07-30T12:47:05Z</time></trkpt><trkpt lat="49.89627" lon="18.19929"><time>2026-07-30T12:47:06Z</time></trkpt><trkpt lat="49.89625" lon="18.19943"><time>2026-07-30T12:47:07Z</time></trkpt><trkpt lat="49.89623" lon="18.19956"><time>2026-07-30T12:47:08Z</time></trkpt><trkpt lat="49.89619" lon="18.1997"><time>2026-07-30T12:47:09Z</time></trkpt><trkpt lat="49.89615" lon="18.19985"><time>2026-07-30T12:47:10Z</time></trkpt><trkpt lat="49.89613" lon="18.19999"><time>2026-07-30T12:47:11Z</time></trkpt><trkpt lat="49.89612" lon="18.20013"><time>2026-07-30T12:47:12Z</time></trkpt><trkpt lat="49.8961" lon="18.20028"><time>2026-07-30T12:47:13Z</time></trkpt><trkpt lat="49.89607" lon="18.20043"><time>2026-07-30T12:47:14Z</time></trkpt><trkpt lat="49.89603" lon="18.20058"><time>2026-07-30T12:47:15Z</time></trkpt><trkpt lat="49.89599" lon="18.20075"><time>2026-07-30T12:47:16Z</time></trkpt><trkpt lat="49.89594" lon="18.20093"><time>2026-07-30T12:47:17Z</time></trkpt><trkpt lat="49.8959" lon="18.20112"><time>2026-07-30T12:47:18Z</time></trkpt><trkpt lat="49.89587" lon="18.20131"><time>2026-07-30T12:47:19Z</time></trkpt><trkpt lat="49.89582" lon="18.2015"><time>2026-07-30T12:47:20Z</time></trkpt><trkpt lat="49.89578" lon="18.2017"><time>2026-07-30T12:47:21Z</time></trkpt><trkpt lat="49.89574" lon="18.2019"><time>2026-07-30T12:47:22Z</time></trkpt><trkpt lat="49.8957" lon="18.20212"><time>2026-07-30T12:47:23Z</time></trkpt><trkpt lat="49.89565" lon="18.20234"><time>2026-07-30T12:47:24Z</time></trkpt><trkpt lat="49.89561" lon="18.20258"><time>2026-07-30T12:47:25Z</time></trkpt><trkpt lat="49.89556" lon="18.20283"><time>2026-07-30T12:47:26Z</time></trkpt><trkpt lat="49.89551" lon="18.20307"><time>2026-07-30T12:47:27Z</time></trkpt><trkpt lat="49.89545" lon="18.20333"><time>2026-07-30T12:47:28Z</time></trkpt><trkpt lat="49.8954" lon="18.20358"><time>2026-07-30T12:47:29Z</time></trkpt><trkpt lat="49.89535" lon="18.20384"><time>2026-07-30T12:47:30Z</time></trkpt><trkpt lat="49.8953" lon="18.20408"><time>2026-07-30T12:47:31Z</time></trkpt><trkpt lat="49.89525" lon="18.20433"><time>2026-07-30T12:47:32Z</time></trkpt><trkpt lat="49.8952" lon="18.20457"><time>2026-07-30T12:47:33Z</time></trkpt><trkpt lat="49.89515" lon="18.20482"><time>2026-07-30T12:47:34Z</time></trkpt><trkpt lat="49.89511" lon="18.20507"><time>2026-07-30T12:47:35Z</time></trkpt><trkpt lat="49.89506" lon="18.20531"><time>2026-07-30T12:47:36Z</time></trkpt><trkpt lat="49.89502" lon="18.20555"><time>2026-07-30T12:47:37Z</time></trkpt><trkpt lat="49.89498" lon="18.2058"><time>2026-07-30T12:47:38Z</time></trkpt><trkpt lat="49.89494" lon="18.20605"><time>2026-07-30T12:47:39Z</time></trkpt><trkpt lat="49.89492" lon="18.20629"><time>2026-07-30T12:47:40Z</time></trkpt><trkpt lat="49.89492" lon="18.20652"><time>2026-07-30T12:47:41Z</time></trkpt><trkpt lat="49.89492" lon="18.20675"><time>2026-07-30T12:47:42Z</time></trkpt><trkpt lat="49.89491" lon="18.207"><time>2026-07-30T12:47:43Z</time></trkpt><trkpt lat="49.89492" lon="18.20725"><time>2026-07-30T12:47:44Z</time></trkpt><trkpt lat="49.89493" lon="18.2075"><time>2026-07-30T12:47:45Z</time></trkpt><trkpt lat="49.89494" lon="18.20775"><time>2026-07-30T12:47:46Z</time></trkpt><trkpt lat="49.89495" lon="18.208"><time>2026-07-30T12:47:47Z</time></trkpt><trkpt lat="49.89496" lon="18.20825"><time>2026-07-30T12:47:48Z</time></trkpt><trkpt lat="49.89498" lon="18.20852"><time>2026-07-30T12:47:49Z</time></trkpt><trkpt lat="49.895" lon="18.20879"><time>2026-07-30T12:47:50Z</time></trkpt><trkpt lat="49.89501" lon="18.20906"><time>2026-07-30T12:47:51Z</time></trkpt><trkpt lat="49.89503" lon="18.20934"><time>2026-07-30T12:47:52Z</time></trkpt><trkpt lat="49.89504" lon="18.20961"><time>2026-07-30T12:47:53Z</time></trkpt><trkpt lat="49.89506" lon="18.20986"><time>2026-07-30T12:47:54Z</time></trkpt><trkpt lat="49.89508" lon="18.21012"><time>2026-07-30T12:47:55Z</time></trkpt><trkpt lat="49.89509" lon="18.21037"><time>2026-07-30T12:47:56Z</time></trkpt><trkpt lat="49.89512" lon="18.21062"><time>2026-07-30T12:47:57Z</time></trkpt><trkpt lat="49.89514" lon="18.21087"><time>2026-07-30T12:47:58Z</time></trkpt><trkpt lat="49.89515" lon="18.21112"><time>2026-07-30T12:47:59Z</time></trkpt><trkpt lat="49.89517" lon="18.21138"><time>2026-07-30T12:48:00Z</time></trkpt><trkpt lat="49.89518" lon="18.21164"><time>2026-07-30T12:48:01Z</time></trkpt><trkpt lat="49.8952" lon="18.21189"><time>2026-07-30T12:48:02Z</time></trkpt><trkpt lat="49.89521" lon="18.21217"><time>2026-07-30T12:48:03Z</time></trkpt><trkpt lat="49.89523" lon="18.21243"><time>2026-07-30T12:48:04Z</time></trkpt><trkpt lat="49.89525" lon="18.21269"><time>2026-07-30T12:48:05Z</time></trkpt><trkpt lat="49.89526" lon="18.21297"><time>2026-07-30T12:48:06Z</time></trkpt><trkpt lat="49.89527" lon="18.21323"><time>2026-07-30T12:48:07Z</time></trkpt><trkpt lat="49.89526" lon="18.2135"><time>2026-07-30T12:48:08Z</time></trkpt><trkpt lat="49.89525" lon="18.21376"><time>2026-07-30T12:48:09Z</time></trkpt><trkpt lat="49.89522" lon="18.21402"><time>2026-07-30T12:48:10Z</time></trkpt><trkpt lat="49.89518" lon="18.21428"><time>2026-07-30T12:48:11Z</time></trkpt><trkpt lat="49.89514" lon="18.21453"><time>2026-07-30T12:48:12Z</time></trkpt><trkpt lat="49.89509" lon="18.21478"><time>2026-07-30T12:48:13Z</time></trkpt><trkpt lat="49.89504" lon="18.21502"><time>2026-07-30T12:48:14Z</time></trkpt><trkpt lat="49.89499" lon="18.21527"><time>2026-07-30T12:48:15Z</time></trkpt><trkpt lat="49.89493" lon="18.21551"><time>2026-07-30T12:48:16Z</time></trkpt><trkpt lat="49.89487" lon="18.21577"><time>2026-07-30T12:48:17Z</time></trkpt><trkpt lat="49.89481" lon="18.21603"><time>2026-07-30T12:48:18Z</time></trkpt><trkpt lat="49.89475" lon="18.21629"><time>2026-07-30T12:48:19Z</time></trkpt><trkpt lat="49.89469" lon="18.21656"><time>2026-07-30T12:48:20Z</time></trkpt><trkpt lat="49.89462" lon="18.21684"><time>2026-07-30T12:48:21Z</time></trkpt><trkpt lat="49.89455" lon="18.2171"><time>2026-07-30T12:48:22Z</time></trkpt><trkpt lat="49.89449" lon="18.21736"><time>2026-07-30T12:48:23Z</time></trkpt><trkpt lat="49.89442" lon="18.21763"><time>2026-07-30T12:48:24Z</time></trkpt><trkpt lat="49.89436" lon="18.21788"><time>2026-07-30T12:48:25Z</time></trkpt><trkpt lat="49.8943" lon="18.21814"><time>2026-07-30T12:48:26Z</time></trkpt><trkpt lat="49.89423" lon="18.21839"><time>2026-07-30T12:48:27Z</time></trkpt><trkpt lat="49.89416" lon="18.21863"><time>2026-07-30T12:48:28Z</time></trkpt><trkpt lat="49.89409" lon="18.21888"><time>2026-07-30T12:48:29Z</time></trkpt><trkpt lat="49.89401" lon="18.21913"><time>2026-07-30T12:48:30Z</time></trkpt><trkpt lat="49.89393" lon="18.21937"><time>2026-07-30T12:48:31Z</time></trkpt><trkpt lat="49.89385" lon="18.21962"><time>2026-07-30T12:48:32Z</time></trkpt><trkpt lat="49.89377" lon="18.21987"><time>2026-07-30T12:48:33Z</time></trkpt><trkpt lat="49.89369" lon="18.22011"><time>2026-07-30T12:48:34Z</time></trkpt><trkpt lat="49.89361" lon="18.22036"><time>2026-07-30T12:48:35Z</time></trkpt><trkpt lat="49.89354" lon="18.22061"><time>2026-07-30T12:48:36Z</time></trkpt><trkpt lat="49.89345" lon="18.22087"><time>2026-07-30T12:48:37Z</time></trkpt><trkpt lat="49.89336" lon="18.22112"><time>2026-07-30T12:48:38Z</time></trkpt><trkpt lat="49.89326" lon="18.22137"><time>2026-07-30T12:48:39Z</time></trkpt><trkpt lat="49.89317" lon="18.22162"><time>2026-07-30T12:48:40Z</time></trkpt><trkpt lat="49.89309" lon="18.22187"><time>2026-07-30T12:48:41Z</time></trkpt><trkpt lat="49.893" lon="18.22212"><time>2026-07-30T12:48:42Z</time></trkpt><trkpt lat="49.89291" lon="18.22238"><time>2026-07-30T12:48:43Z</time></trkpt><trkpt lat="49.89281" lon="18.22264"><time>2026-07-30T12:48:44Z</time></trkpt><trkpt lat="49.89271" lon="18.2229"><time>2026-07-30T12:48:45Z</time></trkpt><trkpt lat="49.89263" lon="18.22314"><time>2026-07-30T12:48:46Z</time></trkpt><trkpt lat="49.89255" lon="18.22338"><time>2026-07-30T12:48:47Z</time></trkpt><trkpt lat="49.89246" lon="18.22362"><time>2026-07-30T12:48:48Z</time></trkpt><trkpt lat="49.8924" lon="18.22387"><time>2026-07-30T12:48:49Z</time></trkpt><trkpt lat="49.89234" lon="18.22411"><time>2026-07-30T12:48:50Z</time></trkpt><trkpt lat="49.89231" lon="18.22436"><time>2026-07-30T12:48:51Z</time></trkpt><trkpt lat="49.89229" lon="18.22462"><time>2026-07-30T12:48:52Z</time></trkpt><trkpt lat="49.89227" lon="18.22489"><time>2026-07-30T12:48:53Z</time></trkpt><trkpt lat="49.89224" lon="18.22518"><time>2026-07-30T12:48:54Z</time></trkpt><trkpt lat="49.89222" lon="18.22548"><time>2026-07-30T12:48:55Z</time></trkpt><trkpt lat="49.89219" lon="18.22576"><time>2026-07-30T12:48:56Z</time></trkpt><trkpt lat="49.89217" lon="18.22605"><time>2026-07-30T12:48:57Z</time></trkpt><trkpt lat="49.89215" lon="18.22634"><time>2026-07-30T12:48:58Z</time></trkpt><trkpt lat="49.89213" lon="18.22659"><time>2026-07-30T12:48:59Z</time></trkpt><trkpt lat="49.89208" lon="18.22683"><time>2026-07-30T12:49:00Z</time></trkpt><trkpt lat="49.89201" lon="18.2271"><time>2026-07-30T12:49:01Z</time></trkpt><trkpt lat="49.89195" lon="18.22737"><time>2026-07-30T12:49:02Z</time></trkpt><trkpt lat="49.89189" lon="18.22763"><time>2026-07-30T12:49:03Z</time></trkpt><trkpt lat="49.89182" lon="18.22789"><time>2026-07-30T12:49:04Z</time></trkpt><trkpt lat="49.89176" lon="18.22815"><time>2026-07-30T12:49:05Z</time></trkpt><trkpt lat="49.8917" lon="18.2284"><time>2026-07-30T12:49:06Z</time></trkpt><trkpt lat="49.89164" lon="18.22865"><time>2026-07-30T12:49:07Z</time></trkpt><trkpt lat="49.89157" lon="18.22889"><time>2026-07-30T12:49:08Z</time></trkpt><trkpt lat="49.89151" lon="18.22913"><time>2026-07-30T12:49:09Z</time></trkpt><trkpt lat="49.89144" lon="18.22938"><time>2026-07-30T12:49:10Z</time></trkpt><trkpt lat="49.89138" lon="18.22961"><time>2026-07-30T12:49:11Z</time></trkpt><trkpt lat="49.89133" lon="18.22983"><time>2026-07-30T12:49:12Z</time></trkpt><trkpt lat="49.89127" lon="18.23004"><time>2026-07-30T12:49:13Z</time></trkpt><trkpt lat="49.8912" lon="18.23027"><time>2026-07-30T12:49:14Z</time></trkpt><trkpt lat="49.89114" lon="18.23049"><time>2026-07-30T12:49:15Z</time></trkpt><trkpt lat="49.89108" lon="18.23071"><time>2026-07-30T12:49:16Z</time></trkpt><trkpt lat="49.89102" lon="18.23094"><time>2026-07-30T12:49:17Z</time></trkpt><trkpt lat="49.89097" lon="18.23118"><time>2026-07-30T12:49:18Z</time></trkpt><trkpt lat="49.89091" lon="18.23141"><time>2026-07-30T12:49:19Z</time></trkpt><trkpt lat="49.89086" lon="18.23164"><time>2026-07-30T12:49:20Z</time></trkpt><trkpt lat="49.89082" lon="18.23186"><time>2026-07-30T12:49:21Z</time></trkpt><trkpt lat="49.89078" lon="18.23208"><time>2026-07-30T12:49:22Z</time></trkpt><trkpt lat="49.89074" lon="18.23229"><time>2026-07-30T12:49:23Z</time></trkpt><trkpt lat="49.8907" lon="18.2325"><time>2026-07-30T12:49:24Z</time></trkpt><trkpt lat="49.89067" lon="18.23272"><time>2026-07-30T12:49:25Z</time></trkpt><trkpt lat="49.89063" lon="18.23292"><time>2026-07-30T12:49:26Z</time></trkpt><trkpt lat="49.89059" lon="18.23313"><time>2026-07-30T12:49:27Z</time></trkpt><trkpt lat="49.89056" lon="18.23334"><time>2026-07-30T12:49:28Z</time></trkpt><trkpt lat="49.89053" lon="18.23353"><time>2026-07-30T12:49:29Z</time></trkpt><trkpt lat="49.89051" lon="18.23371"><time>2026-07-30T12:49:30Z</time></trkpt><trkpt lat="49.89047" lon="18.2339"><time>2026-07-30T12:49:31Z</time></trkpt><trkpt lat="49.89044" lon="18.23408"><time>2026-07-30T12:49:32Z</time></trkpt><trkpt lat="49.89041" lon="18.23425"><time>2026-07-30T12:49:33Z</time></trkpt><trkpt lat="49.89037" lon="18.23443"><time>2026-07-30T12:49:34Z</time></trkpt><trkpt lat="49.89034" lon="18.23461"><time>2026-07-30T12:49:35Z</time></trkpt><trkpt lat="49.89031" lon="18.2348"><time>2026-07-30T12:49:36Z</time></trkpt><trkpt lat="49.89028" lon="18.23497"><time>2026-07-30T12:49:37Z</time></trkpt><trkpt lat="49.89025" lon="18.23514"><time>2026-07-30T12:49:38Z</time></trkpt><trkpt lat="49.89023" lon="18.23533"><time>2026-07-30T12:49:39Z</time></trkpt><trkpt lat="49.89021" lon="18.2355"><time>2026-07-30T12:49:40Z</time></trkpt><trkpt lat="49.89021" lon="18.23568"><time>2026-07-30T12:49:41Z</time></trkpt><trkpt lat="49.89021" lon="18.23585"><time>2026-07-30T12:49:42Z</time></trkpt><trkpt lat="49.89019" lon="18.23602"><time>2026-07-30T12:49:43Z</time></trkpt><trkpt lat="49.89019" lon="18.23618"><time>2026-07-30T12:49:44Z</time></trkpt><trkpt lat="49.89018" lon="18.23633"><time>2026-07-30T12:49:45Z</time></trkpt><trkpt lat="49.89017" lon="18.23648"><time>2026-07-30T12:49:46Z</time></trkpt><trkpt lat="49.89016" lon="18.23662"><time>2026-07-30T12:49:47Z</time></trkpt><trkpt lat="49.89016" lon="18.23676"><time>2026-07-30T12:49:48Z</time></trkpt><trkpt lat="49.89015" lon="18.23687"><time>2026-07-30T12:49:49Z</time></trkpt><trkpt lat="49.89015" lon="18.23698"><time>2026-07-30T12:49:50Z</time></trkpt><trkpt lat="49.89014" lon="18.23706"><time>2026-07-30T12:49:51Z</time></trkpt><trkpt lat="49.89015" lon="18.23713"><time>2026-07-30T12:49:52Z</time></trkpt><trkpt lat="49.89014" lon="18.23718"><time>2026-07-30T12:49:53Z</time></trkpt><trkpt lat="49.89014" lon="18.23721"><time>2026-07-30T12:49:54Z</time></trkpt><trkpt lat="49.89014" lon="18.23723"><time>2026-07-30T12:49:55Z</time></trkpt><trkpt lat="49.89013" lon="18.2373"><time>2026-07-30T12:50:03Z</time></trkpt><trkpt lat="49.89013" lon="18.23736"><time>2026-07-30T12:50:04Z</time></trkpt><trkpt lat="49.89013" lon="18.23745"><time>2026-07-30T12:50:05Z</time></trkpt><trkpt lat="49.89014" lon="18.23754"><time>2026-07-30T12:50:06Z</time></trkpt><trkpt lat="49.89014" lon="18.23764"><time>2026-07-30T12:50:07Z</time></trkpt><trkpt lat="49.89015" lon="18.23776"><time>2026-07-30T12:50:08Z</time></trkpt><trkpt lat="49.89014" lon="18.23791"><time>2026-07-30T12:50:09Z</time></trkpt><trkpt lat="49.89013" lon="18.23807"><time>2026-07-30T12:50:10Z</time></trkpt><trkpt lat="49.89013" lon="18.23823"><time>2026-07-30T12:50:11Z</time></trkpt><trkpt lat="49.89012" lon="18.23839"><time>2026-07-30T12:50:12Z</time></trkpt><trkpt lat="49.89012" lon="18.23855"><time>2026-07-30T12:50:13Z</time></trkpt><trkpt lat="49.89012" lon="18.23872"><time>2026-07-30T12:50:14Z</time></trkpt><trkpt lat="49.89011" lon="18.23888"><time>2026-07-30T12:50:15Z</time></trkpt><trkpt lat="49.8901" lon="18.23905"><time>2026-07-30T12:50:16Z</time></trkpt><trkpt lat="49.89009" lon="18.23922"><time>2026-07-30T12:50:17Z</time></trkpt><trkpt lat="49.89007" lon="18.23938"><time>2026-07-30T12:50:18Z</time></trkpt><trkpt lat="49.89005" lon="18.23952"><time>2026-07-30T12:50:19Z</time></trkpt><trkpt lat="49.89002" lon="18.23965"><time>2026-07-30T12:50:20Z</time></trkpt><trkpt lat="49.88999" lon="18.23977"><time>2026-07-30T12:50:21Z</time></trkpt><trkpt lat="49.88996" lon="18.23986"><time>2026-07-30T12:50:22Z</time></trkpt><trkpt lat="49.88992" lon="18.23993"><time>2026-07-30T12:50:23Z</time></trkpt><trkpt lat="49.88988" lon="18.23999"><time>2026-07-30T12:50:24Z</time></trkpt><trkpt lat="49.88983" lon="18.24007"><time>2026-07-30T12:50:25Z</time></trkpt><trkpt lat="49.8898" lon="18.24016"><time>2026-07-30T12:50:26Z</time></trkpt><trkpt lat="49.88978" lon="18.24026"><time>2026-07-30T12:50:27Z</time></trkpt><trkpt lat="49.88975" lon="18.24038"><time>2026-07-30T12:50:28Z</time></trkpt><trkpt lat="49.88971" lon="18.2405"><time>2026-07-30T12:50:29Z</time></trkpt><trkpt lat="49.88964" lon="18.24065"><time>2026-07-30T12:50:30Z</time></trkpt><trkpt lat="49.88957" lon="18.24077"><time>2026-07-30T12:50:31Z</time></trkpt><trkpt lat="49.88948" lon="18.24092"><time>2026-07-30T12:50:32Z</time></trkpt><trkpt lat="49.88938" lon="18.24104"><time>2026-07-30T12:50:33Z</time></trkpt><trkpt lat="49.88928" lon="18.24118"><time>2026-07-30T12:50:34Z</time></trkpt><trkpt lat="49.88919" lon="18.24131"><time>2026-07-30T12:50:35Z</time></trkpt><trkpt lat="49.88908" lon="18.24145"><time>2026-07-30T12:50:36Z</time></trkpt><trkpt lat="49.88898" lon="18.2416"><time>2026-07-30T12:50:37Z</time></trkpt><trkpt lat="49.88886" lon="18.24176"><time>2026-07-30T12:50:38Z</time></trkpt><trkpt lat="49.88874" lon="18.24192"><time>2026-07-30T12:50:39Z</time></trkpt><trkpt lat="49.88862" lon="18.24209"><time>2026-07-30T12:50:40Z</time></trkpt><trkpt lat="49.88849" lon="18.24225"><time>2026-07-30T12:50:41Z</time></trkpt><trkpt lat="49.88837" lon="18.24242"><time>2026-07-30T12:50:42Z</time></trkpt><trkpt lat="49.88824" lon="18.24259"><time>2026-07-30T12:50:43Z</time></trkpt><trkpt lat="49.88811" lon="18.24276"><time>2026-07-30T12:50:44Z</time></trkpt><trkpt lat="49.88798" lon="18.24294"><time>2026-07-30T12:50:45Z</time></trkpt><trkpt lat="49.88785" lon="18.24311"><time>2026-07-30T12:50:46Z</time></trkpt><trkpt lat="49.88773" lon="18.24328"><time>2026-07-30T12:50:47Z</time></trkpt><trkpt lat="49.88761" lon="18.24344"><time>2026-07-30T12:50:48Z</time></trkpt><trkpt lat="49.8875" lon="18.24359"><time>2026-07-30T12:50:49Z</time></trkpt><trkpt lat="49.88738" lon="18.24375"><time>2026-07-30T12:50:50Z</time></trkpt><trkpt lat="49.88726" lon="18.24391"><time>2026-07-30T12:50:51Z</time></trkpt><trkpt lat="49.88715" lon="18.24406"><time>2026-07-30T12:50:52Z</time></trkpt><trkpt lat="49.88703" lon="18.24421"><time>2026-07-30T12:50:53Z</time></trkpt><trkpt lat="49.88692" lon="18.24436"><time>2026-07-30T12:50:54Z</time></trkpt><trkpt lat="49.8868" lon="18.24452"><time>2026-07-30T12:50:55Z</time></trkpt><trkpt lat="49.88668" lon="18.24469"><time>2026-07-30T12:50:56Z</time></trkpt><trkpt lat="49.88657" lon="18.24486"><time>2026-07-30T12:50:57Z</time></trkpt><trkpt lat="49.88647" lon="18.24505"><time>2026-07-30T12:50:58Z</time></trkpt><trkpt lat="49.88637" lon="18.24525"><time>2026-07-30T12:50:59Z</time></trkpt><trkpt lat="49.88627" lon="18.24546"><time>2026-07-30T12:51:00Z</time></trkpt><trkpt lat="49.88618" lon="18.24568"><time>2026-07-30T12:51:01Z</time></trkpt><trkpt lat="49.88609" lon="18.24589"><time>2026-07-30T12:51:02Z</time></trkpt><trkpt lat="49.886" lon="18.2461"><time>2026-07-30T12:51:03Z</time></trkpt><trkpt lat="49.88592" lon="18.24629"><time>2026-07-30T12:51:04Z</time></trkpt><trkpt lat="49.88584" lon="18.24649"><time>2026-07-30T12:51:05Z</time></trkpt><trkpt lat="49.88576" lon="18.24668"><time>2026-07-30T12:51:06Z</time></trkpt><trkpt lat="49.88568" lon="18.24688"><time>2026-07-30T12:51:07Z</time></trkpt><trkpt lat="49.88559" lon="18.24708"><time>2026-07-30T12:51:08Z</time></trkpt><trkpt lat="49.88551" lon="18.2473"><time>2026-07-30T12:51:09Z</time></trkpt><trkpt lat="49.88543" lon="18.24748"><time>2026-07-30T12:51:10Z</time></trkpt><trkpt lat="49.88535" lon="18.24767"><time>2026-07-30T12:51:11Z</time></trkpt><trkpt lat="49.88527" lon="18.24784"><time>2026-07-30T12:51:12Z</time></trkpt><trkpt lat="49.8852" lon="18.24802"><time>2026-07-30T12:51:13Z</time></trkpt><trkpt lat="49.88511" lon="18.2482"><time>2026-07-30T12:51:14Z</time></trkpt><trkpt lat="49.88503" lon="18.24834"><time>2026-07-30T12:51:15Z</time></trkpt><trkpt lat="49.88493" lon="18.24847"><time>2026-07-30T12:51:16Z</time></trkpt><trkpt lat="49.88481" lon="18.2486"><time>2026-07-30T12:51:17Z</time></trkpt><trkpt lat="49.88469" lon="18.24871"><time>2026-07-30T12:51:18Z</time></trkpt><trkpt lat="49.88456" lon="18.24879"><time>2026-07-30T12:51:19Z</time></trkpt><trkpt lat="49.88443" lon="18.24885"><time>2026-07-30T12:51:20Z</time></trkpt><trkpt lat="49.8843" lon="18.2489"><time>2026-07-30T12:51:21Z</time></trkpt><trkpt lat="49.88418" lon="18.24895"><time>2026-07-30T12:51:22Z</time></trkpt><trkpt lat="49.88405" lon="18.249"><time>2026-07-30T12:51:23Z</time></trkpt><trkpt lat="49.8839" lon="18.24903"><time>2026-07-30T12:51:24Z</time></trkpt><trkpt lat="49.88376" lon="18.24905"><time>2026-07-30T12:51:25Z</time></trkpt><trkpt lat="49.88361" lon="18.24907"><time>2026-07-30T12:51:26Z</time></trkpt><trkpt lat="49.88346" lon="18.24909"><time>2026-07-30T12:51:27Z</time></trkpt><trkpt lat="49.88332" lon="18.24912"><time>2026-07-30T12:51:28Z</time></trkpt><trkpt lat="49.88319" lon="18.24916"><time>2026-07-30T12:51:29Z</time></trkpt><trkpt lat="49.88307" lon="18.24916"><time>2026-07-30T12:51:30Z</time></trkpt><trkpt lat="49.88294" lon="18.24918"><time>2026-07-30T12:51:31Z</time></trkpt><trkpt lat="49.88282" lon="18.2492"><time>2026-07-30T12:51:32Z</time></trkpt><trkpt lat="49.88269" lon="18.24922"><time>2026-07-30T12:51:33Z</time></trkpt><trkpt lat="49.88256" lon="18.24925"><time>2026-07-30T12:51:34Z</time></trkpt><trkpt lat="49.88243" lon="18.2493"><time>2026-07-30T12:51:35Z</time></trkpt><trkpt lat="49.88229" lon="18.24934"><time>2026-07-30T12:51:36Z</time></trkpt><trkpt lat="49.88216" lon="18.2494"><time>2026-07-30T12:51:37Z</time></trkpt><trkpt lat="49.88202" lon="18.24944"><time>2026-07-30T12:51:38Z</time></trkpt><trkpt lat="49.88186" lon="18.24953"><time>2026-07-30T12:51:39Z</time></trkpt><trkpt lat="49.88172" lon="18.24958"><time>2026-07-30T12:51:40Z</time></trkpt><trkpt lat="49.88159" lon="18.24965"><time>2026-07-30T12:51:41Z</time></trkpt><trkpt lat="49.88147" lon="18.24972"><time>2026-07-30T12:51:42Z</time></trkpt><trkpt lat="49.88134" lon="18.24984"><time>2026-07-30T12:51:43Z</time></trkpt><trkpt lat="49.88123" lon="18.24997"><time>2026-07-30T12:51:44Z</time></trkpt><trkpt lat="49.88112" lon="18.25012"><time>2026-07-30T12:51:45Z</time></trkpt><trkpt lat="49.88102" lon="18.25027"><time>2026-07-30T12:51:46Z</time></trkpt><trkpt lat="49.88093" lon="18.25043"><time>2026-07-30T12:51:47Z</time></trkpt><trkpt lat="49.88083" lon="18.25058"><time>2026-07-30T12:51:48Z</time></trkpt><trkpt lat="49.88072" lon="18.25074"><time>2026-07-30T12:51:49Z</time></trkpt><trkpt lat="49.88063" lon="18.25088"><time>2026-07-30T12:51:50Z</time></trkpt><trkpt lat="49.88053" lon="18.25104"><time>2026-07-30T12:51:51Z</time></trkpt><trkpt lat="49.88044" lon="18.2512"><time>2026-07-30T12:51:52Z</time></trkpt><trkpt lat="49.88033" lon="18.25136"><time>2026-07-30T12:51:53Z</time></trkpt><trkpt lat="49.88023" lon="18.25152"><time>2026-07-30T12:51:54Z</time></trkpt><trkpt lat="49.88012" lon="18.25167"><time>2026-07-30T12:51:55Z</time></trkpt><trkpt lat="49.88001" lon="18.25182"><time>2026-07-30T12:51:56Z</time></trkpt><trkpt lat="49.87991" lon="18.25193"><time>2026-07-30T12:51:57Z</time></trkpt><trkpt lat="49.8798" lon="18.25207"><time>2026-07-30T12:51:58Z</time></trkpt><trkpt lat="49.87969" lon="18.25221"><time>2026-07-30T12:51:59Z</time></trkpt><trkpt lat="49.87959" lon="18.25235"><time>2026-07-30T12:52:00Z</time></trkpt><trkpt lat="49.8795" lon="18.25249"><time>2026-07-30T12:52:01Z</time></trkpt><trkpt lat="49.8794" lon="18.25264"><time>2026-07-30T12:52:02Z</time></trkpt><trkpt lat="49.87931" lon="18.25279"><time>2026-07-30T12:52:03Z</time></trkpt><trkpt lat="49.87922" lon="18.25293"><time>2026-07-30T12:52:04Z</time></trkpt><trkpt lat="49.87913" lon="18.25308"><time>2026-07-30T12:52:05Z</time></trkpt><trkpt lat="49.87904" lon="18.25324"><time>2026-07-30T12:52:06Z</time></trkpt><trkpt lat="49.87895" lon="18.25339"><time>2026-07-30T12:52:07Z</time></trkpt><trkpt lat="49.87888" lon="18.25355"><time>2026-07-30T12:52:08Z</time></trkpt><trkpt lat="49.87879" lon="18.2537"><time>2026-07-30T12:52:09Z</time></trkpt><trkpt lat="49.87872" lon="18.25384"><time>2026-07-30T12:52:10Z</time></trkpt><trkpt lat="49.87866" lon="18.25398"><time>2026-07-30T12:52:11Z</time></trkpt><trkpt lat="49.8786" lon="18.25412"><time>2026-07-30T12:52:12Z</time></trkpt><trkpt lat="49.87854" lon="18.25429"><time>2026-07-30T12:52:13Z</time></trkpt><trkpt lat="49.87849" lon="18.25446"><time>2026-07-30T12:52:14Z</time></trkpt><trkpt lat="49.87844" lon="18.25465"><time>2026-07-30T12:52:15Z</time></trkpt><trkpt lat="49.87839" lon="18.25484"><time>2026-07-30T12:52:16Z</time></trkpt><trkpt lat="49.87835" lon="18.25502"><time>2026-07-30T12:52:17Z</time></trkpt><trkpt lat="49.8783" lon="18.2552"><time>2026-07-30T12:52:18Z</time></trkpt><trkpt lat="49.87825" lon="18.25536"><time>2026-07-30T12:52:19Z</time></trkpt><trkpt lat="49.87819" lon="18.25551"><time>2026-07-30T12:52:20Z</time></trkpt><trkpt lat="49.87812" lon="18.25565"><time>2026-07-30T12:52:21Z</time></trkpt><trkpt lat="49.87805" lon="18.25579"><time>2026-07-30T12:52:22Z</time></trkpt><trkpt lat="49.87797" lon="18.25592"><time>2026-07-30T12:52:23Z</time></trkpt><trkpt lat="49.87789" lon="18.25602"><time>2026-07-30T12:52:24Z</time></trkpt><trkpt lat="49.87781" lon="18.25612"><time>2026-07-30T12:52:25Z</time></trkpt><trkpt lat="49.87772" lon="18.25621"><time>2026-07-30T12:52:26Z</time></trkpt><trkpt lat="49.87762" lon="18.25633"><time>2026-07-30T12:52:27Z</time></trkpt><trkpt lat="49.87752" lon="18.25642"><time>2026-07-30T12:52:28Z</time></trkpt><trkpt lat="49.87743" lon="18.2565"><time>2026-07-30T12:52:29Z</time></trkpt><trkpt lat="49.87734" lon="18.25659"><time>2026-07-30T12:52:30Z</time></trkpt><trkpt lat="49.87725" lon="18.25667"><time>2026-07-30T12:52:31Z</time></trkpt><trkpt lat="49.87717" lon="18.25675"><time>2026-07-30T12:52:32Z</time></trkpt><trkpt lat="49.87709" lon="18.25684"><time>2026-07-30T12:52:33Z</time></trkpt><trkpt lat="49.87701" lon="18.25692"><time>2026-07-30T12:52:34Z</time></trkpt><trkpt lat="49.87694" lon="18.25699"><time>2026-07-30T12:52:35Z</time></trkpt><trkpt lat="49.87687" lon="18.25707"><time>2026-07-30T12:52:36Z</time></trkpt><trkpt lat="49.8768" lon="18.25715"><time>2026-07-30T12:52:37Z</time></trkpt><trkpt lat="49.87673" lon="18.25722"><time>2026-07-30T12:52:38Z</time></trkpt><trkpt lat="49.87664" lon="18.25731"><time>2026-07-30T12:52:39Z</time></trkpt><trkpt lat="49.87657" lon="18.25739"><time>2026-07-30T12:52:40Z</time></trkpt><trkpt lat="49.87649" lon="18.25748"><time>2026-07-30T12:52:41Z</time></trkpt><trkpt lat="49.87641" lon="18.25757"><time>2026-07-30T12:52:42Z</time></trkpt><trkpt lat="49.87633" lon="18.25767"><time>2026-07-30T12:52:43Z</time></trkpt><trkpt lat="49.87626" lon="18.25777"><time>2026-07-30T12:52:44Z</time></trkpt><trkpt lat="49.87619" lon="18.25787"><time>2026-07-30T12:52:45Z</time></trkpt><trkpt lat="49.87612" lon="18.25798"><time>2026-07-30T12:52:46Z</time></trkpt><trkpt lat="49.87606" lon="18.25808"><time>2026-07-30T12:52:47Z</time></trkpt><trkpt lat="49.87599" lon="18.25818"><time>2026-07-30T12:52:48Z</time></trkpt><trkpt lat="49.87593" lon="18.25828"><time>2026-07-30T12:52:49Z</time></trkpt><trkpt lat="49.87587" lon="18.25838"><time>2026-07-30T12:52:50Z</time></trkpt><trkpt lat="49.87582" lon="18.25847"><time>2026-07-30T12:52:51Z</time></trkpt><trkpt lat="49.87577" lon="18.25855"><time>2026-07-30T12:52:52Z</time></trkpt><trkpt lat="49.87573" lon="18.25862"><time>2026-07-30T12:52:53Z</time></trkpt><trkpt lat="49.87569" lon="18.25868"><time>2026-07-30T12:52:54Z</time></trkpt><trkpt lat="49.87565" lon="18.25874"><time>2026-07-30T12:52:55Z</time></trkpt><trkpt lat="49.87561" lon="18.25881"><time>2026-07-30T12:52:56Z</time></trkpt><trkpt lat="49.87556" lon="18.25887"><time>2026-07-30T12:52:57Z</time></trkpt><trkpt lat="49.87553" lon="18.2589"><time>2026-07-30T12:52:58Z</time></trkpt><trkpt lat="49.87549" lon="18.25896"><time>2026-07-30T12:52:59Z</time></trkpt><trkpt lat="49.87546" lon="18.25899"><time>2026-07-30T12:53:00Z</time></trkpt><trkpt lat="49.87542" lon="18.25903"><time>2026-07-30T12:53:01Z</time></trkpt><trkpt lat="49.87539" lon="18.25907"><time>2026-07-30T12:53:02Z</time></trkpt><trkpt lat="49.87535" lon="18.25911"><time>2026-07-30T12:53:03Z</time></trkpt><trkpt lat="49.87531" lon="18.25914"><time>2026-07-30T12:53:04Z</time></trkpt><trkpt lat="49.87527" lon="18.25918"><time>2026-07-30T12:53:05Z</time></trkpt><trkpt lat="49.87524" lon="18.25924"><time>2026-07-30T12:53:06Z</time></trkpt><trkpt lat="49.87521" lon="18.25932"><time>2026-07-30T12:53:07Z</time></trkpt><trkpt lat="49.87522" lon="18.25941"><time>2026-07-30T12:53:08Z</time></trkpt><trkpt lat="49.87522" lon="18.25951"><time>2026-07-30T12:53:09Z</time></trkpt><trkpt lat="49.87524" lon="18.2596"><time>2026-07-30T12:53:10Z</time></trkpt><trkpt lat="49.87526" lon="18.2597"><time>2026-07-30T12:53:11Z</time></trkpt><trkpt lat="49.87529" lon="18.25982"><time>2026-07-30T12:53:12Z</time></trkpt><trkpt lat="49.87531" lon="18.25994"><time>2026-07-30T12:53:13Z</time></trkpt><trkpt lat="49.87533" lon="18.26006"><time>2026-07-30T12:53:14Z</time></trkpt><trkpt lat="49.87535" lon="18.26018"><time>2026-07-30T12:53:15Z</time></trkpt><trkpt lat="49.87538" lon="18.2603"><time>2026-07-30T12:53:16Z</time></trkpt><trkpt lat="49.87541" lon="18.26043"><time>2026-07-30T12:53:17Z</time></trkpt><trkpt lat="49.87546" lon="18.26054"><time>2026-07-30T12:53:18Z</time></trkpt><trkpt lat="49.87551" lon="18.26066"><time>2026-07-30T12:53:19Z</time></trkpt><trkpt lat="49.87557" lon="18.26077"><time>2026-07-30T12:53:20Z</time></trkpt><trkpt lat="49.87564" lon="18.26088"><time>2026-07-30T12:53:21Z</time></trkpt><trkpt lat="49.87572" lon="18.26097"><time>2026-07-30T12:53:22Z</time></trkpt><trkpt lat="49.87581" lon="18.26105"><time>2026-07-30T12:53:23Z</time></trkpt><trkpt lat="49.87588" lon="18.26113"><time>2026-07-30T12:53:24Z</time></trkpt><trkpt lat="49.87596" lon="18.2612"><time>2026-07-30T12:53:25Z</time></trkpt><trkpt lat="49.87603" lon="18.26127"><time>2026-07-30T12:53:26Z</time></trkpt><trkpt lat="49.8761" lon="18.26132"><time>2026-07-30T12:53:27Z</time></trkpt><trkpt lat="49.87616" lon="18.26139"><time>2026-07-30T12:53:28Z</time></trkpt><trkpt lat="49.87621" lon="18.26148"><time>2026-07-30T12:53:29Z</time></trkpt><trkpt lat="49.87623" lon="18.26158"><time>2026-07-30T12:53:30Z</time></trkpt><trkpt lat="49.87623" lon="18.2617"><time>2026-07-30T12:53:31Z</time></trkpt><trkpt lat="49.87618" lon="18.26183"><time>2026-07-30T12:53:32Z</time></trkpt><trkpt lat="49.87613" lon="18.26196"><time>2026-07-30T12:53:33Z</time></trkpt><trkpt lat="49.87608" lon="18.26207"><time>2026-07-30T12:53:34Z</time></trkpt><trkpt lat="49.87602" lon="18.26221"><time>2026-07-30T12:53:35Z</time></trkpt><trkpt lat="49.87595" lon="18.26236"><time>2026-07-30T12:53:36Z</time></trkpt><trkpt lat="49.87588" lon="18.26252"><time>2026-07-30T12:53:37Z</time></trkpt><trkpt lat="49.8758" lon="18.26267"><time>2026-07-30T12:53:38Z</time></trkpt><trkpt lat="49.87573" lon="18.26281"><time>2026-07-30T12:53:39Z</time></trkpt><trkpt lat="49.87565" lon="18.26295"><time>2026-07-30T12:53:40Z</time></trkpt><trkpt lat="49.87557" lon="18.2631"><time>2026-07-30T12:53:41Z</time></trkpt><trkpt lat="49.87551" lon="18.26322"><time>2026-07-30T12:53:42Z</time></trkpt><trkpt lat="49.87544" lon="18.26334"><time>2026-07-30T12:53:43Z</time></trkpt><trkpt lat="49.87538" lon="18.26346"><time>2026-07-30T12:53:44Z</time></trkpt><trkpt lat="49.87533" lon="18.26359"><time>2026-07-30T12:53:45Z</time></trkpt><trkpt lat="49.87529" lon="18.26373"><time>2026-07-30T12:53:46Z</time></trkpt><trkpt lat="49.87527" lon="18.26387"><time>2026-07-30T12:53:47Z</time></trkpt><trkpt lat="49.87527" lon="18.26402"><time>2026-07-30T12:53:48Z</time></trkpt><trkpt lat="49.87527" lon="18.26417"><time>2026-07-30T12:53:49Z</time></trkpt><trkpt lat="49.87529" lon="18.26432"><time>2026-07-30T12:53:50Z</time></trkpt><trkpt lat="49.87531" lon="18.26447"><time>2026-07-30T12:53:51Z</time></trkpt><trkpt lat="49.87534" lon="18.26462"><time>2026-07-30T12:53:52Z</time></trkpt><trkpt lat="49.87538" lon="18.26478"><time>2026-07-30T12:53:53Z</time></trkpt><trkpt lat="49.87542" lon="18.26494"><time>2026-07-30T12:53:54Z</time></trkpt><trkpt lat="49.87547" lon="18.2651"><time>2026-07-30T12:53:55Z</time></trkpt><trkpt lat="49.87553" lon="18.26526"><time>2026-07-30T12:53:56Z</time></trkpt><trkpt lat="49.87558" lon="18.26541"><time>2026-07-30T12:53:57Z</time></trkpt><trkpt lat="49.87565" lon="18.26556"><time>2026-07-30T12:53:58Z</time></trkpt><trkpt lat="49.87572" lon="18.26571"><time>2026-07-30T12:53:59Z</time></trkpt><trkpt lat="49.87579" lon="18.26587"><time>2026-07-30T12:54:00Z</time></trkpt><trkpt lat="49.87586" lon="18.26601"><time>2026-07-30T12:54:01Z</time></trkpt><trkpt lat="49.87592" lon="18.26618"><time>2026-07-30T12:54:02Z</time></trkpt><trkpt lat="49.87597" lon="18.26634"><time>2026-07-30T12:54:03Z</time></trkpt><trkpt lat="49.87603" lon="18.26653"><time>2026-07-30T12:54:04Z</time></trkpt><trkpt lat="49.87606" lon="18.26672"><time>2026-07-30T12:54:05Z</time></trkpt><trkpt lat="49.87609" lon="18.26692"><time>2026-07-30T12:54:06Z</time></trkpt><trkpt lat="49.87608" lon="18.26711"><time>2026-07-30T12:54:07Z</time></trkpt><trkpt lat="49.87608" lon="18.2673"><time>2026-07-30T12:54:08Z</time></trkpt><trkpt lat="49.87608" lon="18.26749"><time>2026-07-30T12:54:09Z</time></trkpt><trkpt lat="49.87607" lon="18.26767"><time>2026-07-30T12:54:10Z</time></trkpt><trkpt lat="49.87606" lon="18.26785"><time>2026-07-30T12:54:11Z</time></trkpt><trkpt lat="49.87606" lon="18.26805"><time>2026-07-30T12:54:12Z</time></trkpt><trkpt lat="49.87605" lon="18.26824"><time>2026-07-30T12:54:13Z</time></trkpt><trkpt lat="49.87605" lon="18.26842"><time>2026-07-30T12:54:14Z</time></trkpt><trkpt lat="49.87606" lon="18.2686"><time>2026-07-30T12:54:15Z</time></trkpt><trkpt lat="49.87607" lon="18.2688"><time>2026-07-30T12:54:16Z</time></trkpt><trkpt lat="49.87608" lon="18.26898"><time>2026-07-30T12:54:17Z</time></trkpt><trkpt lat="49.87608" lon="18.26916"><time>2026-07-30T12:54:18Z</time></trkpt><trkpt lat="49.87608" lon="18.26934"><time>2026-07-30T12:54:19Z</time></trkpt><trkpt lat="49.87608" lon="18.26953"><time>2026-07-30T12:54:20Z</time></trkpt><trkpt lat="49.87609" lon="18.26972"><time>2026-07-30T12:54:21Z</time></trkpt><trkpt lat="49.87608" lon="18.2699"><time>2026-07-30T12:54:22Z</time></trkpt><trkpt lat="49.87608" lon="18.27009"><time>2026-07-30T12:54:23Z</time></trkpt><trkpt lat="49.87608" lon="18.27027"><time>2026-07-30T12:54:24Z</time></trkpt><trkpt lat="49.87608" lon="18.27045"><time>2026-07-30T12:54:25Z</time></trkpt><trkpt lat="49.87608" lon="18.27063"><time>2026-07-30T12:54:26Z</time></trkpt><trkpt lat="49.87609" lon="18.2708"><time>2026-07-30T12:54:27Z</time></trkpt><trkpt lat="49.87609" lon="18.27098"><time>2026-07-30T12:54:28Z</time></trkpt><trkpt lat="49.87609" lon="18.27118"><time>2026-07-30T12:54:29Z</time></trkpt><trkpt lat="49.8761" lon="18.27137"><time>2026-07-30T12:54:30Z</time></trkpt><trkpt lat="49.87611" lon="18.27157"><time>2026-07-30T12:54:31Z</time></trkpt><trkpt lat="49.87611" lon="18.27176"><time>2026-07-30T12:54:32Z</time></trkpt><trkpt lat="49.87612" lon="18.27193"><time>2026-07-30T12:54:33Z</time></trkpt><trkpt lat="49.87612" lon="18.27211"><time>2026-07-30T12:54:34Z</time></trkpt><trkpt lat="49.87613" lon="18.27228"><time>2026-07-30T12:54:35Z</time></trkpt><trkpt lat="49.87614" lon="18.27245"><time>2026-07-30T12:54:36Z</time></trkpt><trkpt lat="49.87614" lon="18.27261"><time>2026-07-30T12:54:37Z</time></trkpt><trkpt lat="49.87614" lon="18.27276"><time>2026-07-30T12:54:38Z</time></trkpt><trkpt lat="49.87615" lon="18.2729"><time>2026-07-30T12:54:39Z</time></trkpt><trkpt lat="49.87615" lon="18.27304"><time>2026-07-30T12:54:40Z</time></trkpt><trkpt lat="49.87615" lon="18.2732"><time>2026-07-30T12:54:41Z</time></trkpt><trkpt lat="49.87615" lon="18.27338"><time>2026-07-30T12:54:42Z</time></trkpt><trkpt lat="49.87616" lon="18.27355"><time>2026-07-30T12:54:43Z</time></trkpt><trkpt lat="49.87617" lon="18.27371"><time>2026-07-30T12:54:44Z</time></trkpt><trkpt lat="49.87617" lon="18.27387"><time>2026-07-30T12:54:45Z</time></trkpt><trkpt lat="49.87617" lon="18.27403"><time>2026-07-30T12:54:46Z</time></trkpt><trkpt lat="49.87617" lon="18.27419"><time>2026-07-30T12:54:47Z</time></trkpt><trkpt lat="49.87617" lon="18.27435"><time>2026-07-30T12:54:48Z</time></trkpt><trkpt lat="49.87616" lon="18.2745"><time>2026-07-30T12:54:49Z</time></trkpt><trkpt lat="49.87614" lon="18.27467"><time>2026-07-30T12:54:50Z</time></trkpt><trkpt lat="49.87613" lon="18.27481"><time>2026-07-30T12:54:51Z</time></trkpt><trkpt lat="49.87613" lon="18.27496"><time>2026-07-30T12:54:52Z</time></trkpt><trkpt lat="49.87612" lon="18.27512"><time>2026-07-30T12:54:53Z</time></trkpt><trkpt lat="49.8761" lon="18.27528"><time>2026-07-30T12:54:54Z</time></trkpt><trkpt lat="49.87609" lon="18.27544"><time>2026-07-30T12:54:55Z</time></trkpt><trkpt lat="49.87607" lon="18.27559"><time>2026-07-30T12:54:56Z</time></trkpt><trkpt lat="49.87606" lon="18.27571"><time>2026-07-30T12:54:57Z</time></trkpt><trkpt lat="49.87605" lon="18.27585"><time>2026-07-30T12:54:58Z</time></trkpt><trkpt lat="49.87603" lon="18.27598"><time>2026-07-30T12:54:59Z</time></trkpt><trkpt lat="49.87599" lon="18.27611"><time>2026-07-30T12:55:00Z</time></trkpt><trkpt lat="49.87594" lon="18.27622"><time>2026-07-30T12:55:01Z</time></trkpt><trkpt lat="49.87587" lon="18.27633"><time>2026-07-30T12:55:02Z</time></trkpt><trkpt lat="49.87579" lon="18.2764"><time>2026-07-30T12:55:03Z</time></trkpt><trkpt lat="49.8757" lon="18.27647"><time>2026-07-30T12:55:04Z</time></trkpt><trkpt lat="49.8756" lon="18.27654"><time>2026-07-30T12:55:05Z</time></trkpt><trkpt lat="49.8755" lon="18.27662"><time>2026-07-30T12:55:06Z</time></trkpt><trkpt lat="49.87541" lon="18.27669"><time>2026-07-30T12:55:07Z</time></trkpt><trkpt lat="49.87532" lon="18.27676"><time>2026-07-30T12:55:08Z</time></trkpt><trkpt lat="49.87523" lon="18.27684"><time>2026-07-30T12:55:09Z</time></trkpt><trkpt lat="49.87516" lon="18.27694"><time>2026-07-30T12:55:10Z</time></trkpt><trkpt lat="49.87509" lon="18.27705"><time>2026-07-30T12:55:11Z</time></trkpt><trkpt lat="49.87505" lon="18.27718"><time>2026-07-30T12:55:12Z</time></trkpt><trkpt lat="49.87502" lon="18.27731"><time>2026-07-30T12:55:13Z</time></trkpt><trkpt lat="49.87499" lon="18.27746"><time>2026-07-30T12:55:14Z</time></trkpt><trkpt lat="49.87498" lon="18.27764"><time>2026-07-30T12:55:15Z</time></trkpt><trkpt lat="49.87497" lon="18.27782"><time>2026-07-30T12:55:16Z</time></trkpt><trkpt lat="49.87497" lon="18.27801"><time>2026-07-30T12:55:17Z</time></trkpt><trkpt lat="49.87498" lon="18.2782"><time>2026-07-30T12:55:18Z</time></trkpt><trkpt lat="49.87497" lon="18.27837"><time>2026-07-30T12:55:19Z</time></trkpt><trkpt lat="49.87497" lon="18.27854"><time>2026-07-30T12:55:20Z</time></trkpt><trkpt lat="49.87497" lon="18.27871"><time>2026-07-30T12:55:21Z</time></trkpt><trkpt lat="49.87497" lon="18.27886"><time>2026-07-30T12:55:22Z</time></trkpt><trkpt lat="49.87496" lon="18.27902"><time>2026-07-30T12:55:23Z</time></trkpt><trkpt lat="49.87492" lon="18.27917"><time>2026-07-30T12:55:24Z</time></trkpt><trkpt lat="49.87487" lon="18.27933"><time>2026-07-30T12:55:25Z</time></trkpt><trkpt lat="49.87481" lon="18.27948"><time>2026-07-30T12:55:26Z</time></trkpt><trkpt lat="49.87471" lon="18.27963"><time>2026-07-30T12:55:27Z</time></trkpt><trkpt lat="49.87462" lon="18.2798"><time>2026-07-30T12:55:28Z</time></trkpt><trkpt lat="49.87453" lon="18.27998"><time>2026-07-30T12:55:29Z</time></trkpt><trkpt lat="49.87445" lon="18.28016"><time>2026-07-30T12:55:30Z</time></trkpt><trkpt lat="49.87437" lon="18.28033"><time>2026-07-30T12:55:31Z</time></trkpt><trkpt lat="49.87431" lon="18.28051"><time>2026-07-30T12:55:32Z</time></trkpt><trkpt lat="49.87426" lon="18.28068"><time>2026-07-30T12:55:33Z</time></trkpt><trkpt lat="49.87421" lon="18.28086"><time>2026-07-30T12:55:34Z</time></trkpt><trkpt lat="49.87417" lon="18.28106"><time>2026-07-30T12:55:35Z</time></trkpt><trkpt lat="49.87414" lon="18.28126"><time>2026-07-30T12:55:36Z</time></trkpt><trkpt lat="49.8741" lon="18.28144"><time>2026-07-30T12:55:37Z</time></trkpt><trkpt lat="49.87407" lon="18.28163"><time>2026-07-30T12:55:38Z</time></trkpt><trkpt lat="49.87402" lon="18.28181"><time>2026-07-30T12:55:39Z</time></trkpt><trkpt lat="49.87399" lon="18.28198"><time>2026-07-30T12:55:40Z</time></trkpt><trkpt lat="49.87396" lon="18.28216"><time>2026-07-30T12:55:41Z</time></trkpt><trkpt lat="49.87394" lon="18.28234"><time>2026-07-30T12:55:42Z</time></trkpt><trkpt lat="49.87391" lon="18.28252"><time>2026-07-30T12:55:43Z</time></trkpt><trkpt lat="49.8739" lon="18.28268"><time>2026-07-30T12:55:44Z</time></trkpt><trkpt lat="49.87387" lon="18.28285"><time>2026-07-30T12:55:45Z</time></trkpt><trkpt lat="49.87385" lon="18.28299"><time>2026-07-30T12:55:46Z</time></trkpt><trkpt lat="49.87382" lon="18.28315"><time>2026-07-30T12:55:47Z</time></trkpt><trkpt lat="49.87378" lon="18.28325"><time>2026-07-30T12:55:48Z</time></trkpt><trkpt lat="49.87375" lon="18.28336"><time>2026-07-30T12:55:49Z</time></trkpt><trkpt lat="49.87371" lon="18.28345"><time>2026-07-30T12:55:50Z</time></trkpt><trkpt lat="49.87369" lon="18.2835"><time>2026-07-30T12:55:51Z</time></trkpt><trkpt lat="49.87369" lon="18.28351"><time>2026-07-30T12:55:52Z</time></trkpt><trkpt lat="49.87367" lon="18.28354"><time>2026-07-30T12:55:55Z</time></trkpt><trkpt lat="49.87365" lon="18.2836"><time>2026-07-30T12:55:56Z</time></trkpt><trkpt lat="49.87361" lon="18.28369"><time>2026-07-30T12:55:57Z</time></trkpt><trkpt lat="49.87356" lon="18.28379"><time>2026-07-30T12:55:58Z</time></trkpt><trkpt lat="49.87351" lon="18.28389"><time>2026-07-30T12:55:59Z</time></trkpt><trkpt lat="49.87344" lon="18.28399"><time>2026-07-30T12:56:00Z</time></trkpt><trkpt lat="49.87336" lon="18.2841"><time>2026-07-30T12:56:01Z</time></trkpt><trkpt lat="49.87326" lon="18.28419"><time>2026-07-30T12:56:02Z</time></trkpt><trkpt lat="49.87315" lon="18.28427"><time>2026-07-30T12:56:03Z</time></trkpt><trkpt lat="49.87303" lon="18.28434"><time>2026-07-30T12:56:04Z</time></trkpt><trkpt lat="49.8729" lon="18.28438"><time>2026-07-30T12:56:05Z</time></trkpt><trkpt lat="49.87277" lon="18.28442"><time>2026-07-30T12:56:06Z</time></trkpt><trkpt lat="49.87264" lon="18.28448"><time>2026-07-30T12:56:07Z</time></trkpt><trkpt lat="49.87251" lon="18.28453"><time>2026-07-30T12:56:08Z</time></trkpt><trkpt lat="49.87239" lon="18.2846"><time>2026-07-30T12:56:09Z</time></trkpt><trkpt lat="49.87227" lon="18.28469"><time>2026-07-30T12:56:10Z</time></trkpt><trkpt lat="49.87214" lon="18.28477"><time>2026-07-30T12:56:11Z</time></trkpt><trkpt lat="49.87202" lon="18.28485"><time>2026-07-30T12:56:12Z</time></trkpt><trkpt lat="49.8719" lon="18.28494"><time>2026-07-30T12:56:13Z</time></trkpt><trkpt lat="49.87177" lon="18.28503"><time>2026-07-30T12:56:14Z</time></trkpt><trkpt lat="49.87164" lon="18.28512"><time>2026-07-30T12:56:15Z</time></trkpt><trkpt lat="49.87152" lon="18.28521"><time>2026-07-30T12:56:16Z</time></trkpt><trkpt lat="49.87141" lon="18.2853"><time>2026-07-30T12:56:17Z</time></trkpt><trkpt lat="49.87131" lon="18.28538"><time>2026-07-30T12:56:18Z</time></trkpt><trkpt lat="49.8712" lon="18.28545"><time>2026-07-30T12:56:19Z</time></trkpt><trkpt lat="49.87109" lon="18.28552"><time>2026-07-30T12:56:20Z</time></trkpt><trkpt lat="49.87097" lon="18.2856"><time>2026-07-30T12:56:21Z</time></trkpt><trkpt lat="49.87085" lon="18.28568"><time>2026-07-30T12:56:22Z</time></trkpt><trkpt lat="49.87072" lon="18.28575"><time>2026-07-30T12:56:23Z</time></trkpt><trkpt lat="49.87058" lon="18.2858"><time>2026-07-30T12:56:24Z</time></trkpt><trkpt lat="49.87044" lon="18.28583"><time>2026-07-30T12:56:25Z</time></trkpt><trkpt lat="49.87031" lon="18.28583"><time>2026-07-30T12:56:26Z</time></trkpt><trkpt lat="49.87018" lon="18.28581"><time>2026-07-30T12:56:27Z</time></trkpt><trkpt lat="49.87005" lon="18.28576"><time>2026-07-30T12:56:28Z</time></trkpt><trkpt lat="49.86992" lon="18.28568"><time>2026-07-30T12:56:29Z</time></trkpt><trkpt lat="49.8698" lon="18.28558"><time>2026-07-30T12:56:30Z</time></trkpt><trkpt lat="49.86968" lon="18.28546"><time>2026-07-30T12:56:31Z</time></trkpt><trkpt lat="49.86957" lon="18.28533"><time>2026-07-30T12:56:32Z</time></trkpt><trkpt lat="49.86946" lon="18.2852"><time>2026-07-30T12:56:33Z</time></trkpt><trkpt lat="49.86935" lon="18.28506"><time>2026-07-30T12:56:34Z</time></trkpt><trkpt lat="49.86923" lon="18.28493"><time>2026-07-30T12:56:35Z</time></trkpt><trkpt lat="49.86911" lon="18.28481"><time>2026-07-30T12:56:36Z</time></trkpt><trkpt lat="49.86899" lon="18.2847"><time>2026-07-30T12:56:37Z</time></trkpt><trkpt lat="49.86886" lon="18.2846"><time>2026-07-30T12:56:38Z</time></trkpt><trkpt lat="49.86873" lon="18.28451"><time>2026-07-30T12:56:39Z</time></trkpt><trkpt lat="49.86861" lon="18.28444"><time>2026-07-30T12:56:40Z</time></trkpt><trkpt lat="49.86848" lon="18.28439"><time>2026-07-30T12:56:41Z</time></trkpt><trkpt lat="49.86835" lon="18.28436"><time>2026-07-30T12:56:42Z</time></trkpt><trkpt lat="49.86823" lon="18.28434"><time>2026-07-30T12:56:43Z</time></trkpt><trkpt lat="49.86812" lon="18.28433"><time>2026-07-30T12:56:44Z</time></trkpt><trkpt lat="49.868" lon="18.28434"><time>2026-07-30T12:56:45Z</time></trkpt><trkpt lat="49.86788" lon="18.28435"><time>2026-07-30T12:56:46Z</time></trkpt><trkpt lat="49.86775" lon="18.28439"><time>2026-07-30T12:56:47Z</time></trkpt><trkpt lat="49.86764" lon="18.28446"><time>2026-07-30T12:56:48Z</time></trkpt><trkpt lat="49.86751" lon="18.28456"><time>2026-07-30T12:56:49Z</time></trkpt><trkpt lat="49.8674" lon="18.28467"><time>2026-07-30T12:56:50Z</time></trkpt><trkpt lat="49.86729" lon="18.28479"><time>2026-07-30T12:56:51Z</time></trkpt><trkpt lat="49.86719" lon="18.2849"><time>2026-07-30T12:56:52Z</time></trkpt><trkpt lat="49.86709" lon="18.28502"><time>2026-07-30T12:56:53Z</time></trkpt><trkpt lat="49.867" lon="18.28514"><time>2026-07-30T12:56:54Z</time></trkpt><trkpt lat="49.86692" lon="18.28525"><time>2026-07-30T12:56:55Z</time></trkpt><trkpt lat="49.86685" lon="18.28535"><time>2026-07-30T12:56:56Z</time></trkpt><trkpt lat="49.86678" lon="18.28546"><time>2026-07-30T12:56:57Z</time></trkpt><trkpt lat="49.86672" lon="18.28557"><time>2026-07-30T12:56:58Z</time></trkpt><trkpt lat="49.86669" lon="18.2857"><time>2026-07-30T12:56:59Z</time></trkpt><trkpt lat="49.86667" lon="18.28585"><time>2026-07-30T12:57:00Z</time></trkpt><trkpt lat="49.86664" lon="18.28603"><time>2026-07-30T12:57:01Z</time></trkpt><trkpt lat="49.86663" lon="18.28617"><time>2026-07-30T12:57:02Z</time></trkpt><trkpt lat="49.86662" lon="18.28632"><time>2026-07-30T12:57:03Z</time></trkpt><trkpt lat="49.86661" lon="18.28646"><time>2026-07-30T12:57:04Z</time></trkpt><trkpt lat="49.8666" lon="18.28658"><time>2026-07-30T12:57:05Z</time></trkpt><trkpt lat="49.86662" lon="18.28666"><time>2026-07-30T12:57:06Z</time></trkpt><trkpt lat="49.86665" lon="18.28674"><time>2026-07-30T12:57:07Z</time></trkpt><trkpt lat="49.86669" lon="18.28682"><time>2026-07-30T12:57:08Z</time></trkpt><trkpt lat="49.86674" lon="18.28684"><time>2026-07-30T12:57:09Z</time></trkpt><trkpt lat="49.86682" lon="18.28688"><time>2026-07-30T12:57:10Z</time></trkpt><trkpt lat="49.86691" lon="18.2869"><time>2026-07-30T12:57:11Z</time></trkpt><trkpt lat="49.86699" lon="18.28692"><time>2026-07-30T12:57:12Z</time></trkpt><trkpt lat="49.86711" lon="18.28698"><time>2026-07-30T12:57:13Z</time></trkpt><trkpt lat="49.86716" lon="18.28702"><time>2026-07-30T12:57:14Z</time></trkpt><trkpt lat="49.86723" lon="18.28713"><time>2026-07-30T12:57:15Z</time></trkpt><trkpt lat="49.86729" lon="18.28724"><time>2026-07-30T12:57:16Z</time></trkpt><trkpt lat="49.86731" lon="18.28735"><time>2026-07-30T12:57:17Z</time></trkpt><trkpt lat="49.86729" lon="18.28744"><time>2026-07-30T12:57:18Z</time></trkpt><trkpt lat="49.8672" lon="18.28762"><time>2026-07-30T12:57:19Z</time></trkpt><trkpt lat="49.86716" lon="18.28772"><time>2026-07-30T12:57:20Z</time></trkpt><trkpt lat="49.86708" lon="18.28783"><time>2026-07-30T12:57:21Z</time></trkpt><trkpt lat="49.86697" lon="18.28792"><time>2026-07-30T12:57:22Z</time></trkpt><trkpt lat="49.86686" lon="18.28802"><time>2026-07-30T12:57:23Z</time></trkpt><trkpt lat="49.86676" lon="18.28814"><time>2026-07-30T12:57:24Z</time></trkpt><trkpt lat="49.86664" lon="18.28828"><time>2026-07-30T12:57:25Z</time></trkpt><trkpt lat="49.86652" lon="18.28842"><time>2026-07-30T12:57:26Z</time></trkpt><trkpt lat="49.8664" lon="18.28857"><time>2026-07-30T12:57:27Z</time></trkpt><trkpt lat="49.86628" lon="18.2887"><time>2026-07-30T12:57:28Z</time></trkpt><trkpt lat="49.86615" lon="18.28885"><time>2026-07-30T12:57:29Z</time></trkpt><trkpt lat="49.86604" lon="18.289"><time>2026-07-30T12:57:30Z</time></trkpt><trkpt lat="49.86592" lon="18.28915"><time>2026-07-30T12:57:31Z</time></trkpt><trkpt lat="49.86579" lon="18.2893"><time>2026-07-30T12:57:32Z</time></trkpt><trkpt lat="49.86566" lon="18.28948"><time>2026-07-30T12:57:33Z</time></trkpt><trkpt lat="49.86552" lon="18.28968"><time>2026-07-30T12:57:34Z</time></trkpt><trkpt lat="49.86528" lon="18.28998"><time>2026-07-30T12:57:35Z</time></trkpt><trkpt lat="49.86511" lon="18.2902"><time>2026-07-30T12:57:36Z</time></trkpt><trkpt lat="49.86493" lon="18.29043"><time>2026-07-30T12:57:37Z</time></trkpt><trkpt lat="49.86476" lon="18.29067"><time>2026-07-30T12:57:38Z</time></trkpt><trkpt lat="49.86459" lon="18.29092"><time>2026-07-30T12:57:39Z</time></trkpt><trkpt lat="49.86441" lon="18.29115"><time>2026-07-30T12:57:40Z</time></trkpt><trkpt lat="49.86423" lon="18.29138"><time>2026-07-30T12:57:41Z</time></trkpt><trkpt lat="49.86403" lon="18.29158"><time>2026-07-30T12:57:42Z</time></trkpt><trkpt lat="49.86382" lon="18.29179"><time>2026-07-30T12:57:43Z</time></trkpt><trkpt lat="49.86362" lon="18.29198"><time>2026-07-30T12:57:44Z</time></trkpt><trkpt lat="49.8634" lon="18.29215"><time>2026-07-30T12:57:45Z</time></trkpt><trkpt lat="49.86319" lon="18.2923"><time>2026-07-30T12:57:46Z</time></trkpt><trkpt lat="49.86295" lon="18.29247"><time>2026-07-30T12:57:47Z</time></trkpt><trkpt lat="49.86273" lon="18.29262"><time>2026-07-30T12:57:48Z</time></trkpt><trkpt lat="49.86252" lon="18.29273"><time>2026-07-30T12:57:49Z</time></trkpt><trkpt lat="49.86231" lon="18.29287"><time>2026-07-30T12:57:50Z</time></trkpt><trkpt lat="49.86212" lon="18.29297"><time>2026-07-30T12:57:51Z</time></trkpt><trkpt lat="49.86193" lon="18.29307"><time>2026-07-30T12:57:52Z</time></trkpt><trkpt lat="49.86174" lon="18.29314"><time>2026-07-30T12:57:53Z</time></trkpt><trkpt lat="49.86156" lon="18.29321"><time>2026-07-30T12:57:54Z</time></trkpt><trkpt lat="49.86139" lon="18.29327"><time>2026-07-30T12:57:55Z</time></trkpt><trkpt lat="49.86122" lon="18.29332"><time>2026-07-30T12:57:56Z</time></trkpt><trkpt lat="49.86106" lon="18.29337"><time>2026-07-30T12:57:57Z</time></trkpt><trkpt lat="49.86089" lon="18.2934"><time>2026-07-30T12:57:58Z</time></trkpt><trkpt lat="49.86074" lon="18.29343"><time>2026-07-30T12:57:59Z</time></trkpt><trkpt lat="49.86059" lon="18.29346"><time>2026-07-30T12:58:00Z</time></trkpt><trkpt lat="49.86044" lon="18.29348"><time>2026-07-30T12:58:01Z</time></trkpt><trkpt lat="49.8603" lon="18.29349"><time>2026-07-30T12:58:02Z</time></trkpt><trkpt lat="49.86015" lon="18.2935"><time>2026-07-30T12:58:03Z</time></trkpt><trkpt lat="49.86" lon="18.29352"><time>2026-07-30T12:58:04Z</time></trkpt><trkpt lat="49.85986" lon="18.29354"><time>2026-07-30T12:58:05Z</time></trkpt><trkpt lat="49.8597" lon="18.29358"><time>2026-07-30T12:58:06Z</time></trkpt><trkpt lat="49.85954" lon="18.2936"><time>2026-07-30T12:58:07Z</time></trkpt><trkpt lat="49.85938" lon="18.29362"><time>2026-07-30T12:58:08Z</time></trkpt><trkpt lat="49.85921" lon="18.29364"><time>2026-07-30T12:58:09Z</time></trkpt><trkpt lat="49.85904" lon="18.29366"><time>2026-07-30T12:58:10Z</time></trkpt><trkpt lat="49.85887" lon="18.29367"><time>2026-07-30T12:58:11Z</time></trkpt><trkpt lat="49.8587" lon="18.29369"><time>2026-07-30T12:58:12Z</time></trkpt><trkpt lat="49.85854" lon="18.2937"><time>2026-07-30T12:58:13Z</time></trkpt><trkpt lat="49.85837" lon="18.29371"><time>2026-07-30T12:58:14Z</time></trkpt><trkpt lat="49.85821" lon="18.29373"><time>2026-07-30T12:58:15Z</time></trkpt><trkpt lat="49.85808" lon="18.29374"><time>2026-07-30T12:58:16Z</time></trkpt><trkpt lat="49.85792" lon="18.29375"><time>2026-07-30T12:58:17Z</time></trkpt><trkpt lat="49.85778" lon="18.29374"><time>2026-07-30T12:58:18Z</time></trkpt><trkpt lat="49.85764" lon="18.29377"><time>2026-07-30T12:58:19Z</time></trkpt><trkpt lat="49.85751" lon="18.29378"><time>2026-07-30T12:58:20Z</time></trkpt><trkpt lat="49.85739" lon="18.29379"><time>2026-07-30T12:58:21Z</time></trkpt><trkpt lat="49.85726" lon="18.2938"><time>2026-07-30T12:58:22Z</time></trkpt><trkpt lat="49.85712" lon="18.2938"><time>2026-07-30T12:58:23Z</time></trkpt><trkpt lat="49.85698" lon="18.29381"><time>2026-07-30T12:58:24Z</time></trkpt><trkpt lat="49.85684" lon="18.29381"><time>2026-07-30T12:58:25Z</time></trkpt><trkpt lat="49.8567" lon="18.29382"><time>2026-07-30T12:58:26Z</time></trkpt><trkpt lat="49.85657" lon="18.29382"><time>2026-07-30T12:58:27Z</time></trkpt><trkpt lat="49.85644" lon="18.29384"><time>2026-07-30T12:58:28Z</time></trkpt><trkpt lat="49.85632" lon="18.29385"><time>2026-07-30T12:58:29Z</time></trkpt><trkpt lat="49.8562" lon="18.29386"><time>2026-07-30T12:58:30Z</time></trkpt><trkpt lat="49.85609" lon="18.29386"><time>2026-07-30T12:58:31Z</time></trkpt><trkpt lat="49.85598" lon="18.29387"><time>2026-07-30T12:58:32Z</time></trkpt><trkpt lat="49.85587" lon="18.29389"><time>2026-07-30T12:58:33Z</time></trkpt><trkpt lat="49.85577" lon="18.29389"><time>2026-07-30T12:58:34Z</time></trkpt><trkpt lat="49.85567" lon="18.29389"><time>2026-07-30T12:58:35Z</time></trkpt><trkpt lat="49.85558" lon="18.29389"><time>2026-07-30T12:58:36Z</time></trkpt><trkpt lat="49.8555" lon="18.29389"><time>2026-07-30T12:58:37Z</time></trkpt><trkpt lat="49.85541" lon="18.2939"><time>2026-07-30T12:58:38Z</time></trkpt><trkpt lat="49.85532" lon="18.2939"><time>2026-07-30T12:58:39Z</time></trkpt><trkpt lat="49.85526" lon="18.2939"><time>2026-07-30T12:58:40Z</time></trkpt><trkpt lat="49.85521" lon="18.29392"><time>2026-07-30T12:58:41Z</time></trkpt><trkpt lat="49.85517" lon="18.29396"><time>2026-07-30T12:58:42Z</time></trkpt><trkpt lat="49.85516" lon="18.29407"><time>2026-07-30T12:58:43Z</time></trkpt><trkpt lat="49.85514" lon="18.29418"><time>2026-07-30T12:58:44Z</time></trkpt><trkpt lat="49.85514" lon="18.29431"><time>2026-07-30T12:58:45Z</time></trkpt><trkpt lat="49.85513" lon="18.29446"><time>2026-07-30T12:58:46Z</time></trkpt><trkpt lat="49.85512" lon="18.29462"><time>2026-07-30T12:58:47Z</time></trkpt><trkpt lat="49.85511" lon="18.29479"><time>2026-07-30T12:58:48Z</time></trkpt><trkpt lat="49.85509" lon="18.29496"><time>2026-07-30T12:58:49Z</time></trkpt><trkpt lat="49.85507" lon="18.29519"><time>2026-07-30T12:58:50Z</time></trkpt><trkpt lat="49.85505" lon="18.2954"><time>2026-07-30T12:58:51Z</time></trkpt><trkpt lat="49.855" lon="18.29561"><time>2026-07-30T12:58:52Z</time></trkpt><trkpt lat="49.85498" lon="18.29583"><time>2026-07-30T12:58:53Z</time></trkpt><trkpt lat="49.85496" lon="18.29603"><time>2026-07-30T12:58:54Z</time></trkpt><trkpt lat="49.85494" lon="18.29621"><time>2026-07-30T12:58:55Z</time></trkpt><trkpt lat="49.85491" lon="18.29639"><time>2026-07-30T12:58:56Z</time></trkpt><trkpt lat="49.85483" lon="18.29655"><time>2026-07-30T12:58:57Z</time></trkpt><trkpt lat="49.85474" lon="18.2967"><time>2026-07-30T12:58:58Z</time></trkpt><trkpt lat="49.85466" lon="18.29687"><time>2026-07-30T12:58:59Z</time></trkpt><trkpt lat="49.85457" lon="18.29704"><time>2026-07-30T12:59:00Z</time></trkpt><trkpt lat="49.8545" lon="18.2972"><time>2026-07-30T12:59:01Z</time></trkpt><trkpt lat="49.85442" lon="18.29737"><time>2026-07-30T12:59:02Z</time></trkpt><trkpt lat="49.85435" lon="18.29752"><time>2026-07-30T12:59:03Z</time></trkpt><trkpt lat="49.85429" lon="18.29768"><time>2026-07-30T12:59:04Z</time></trkpt><trkpt lat="49.85423" lon="18.29783"><time>2026-07-30T12:59:05Z</time></trkpt><trkpt lat="49.8542" lon="18.29799"><time>2026-07-30T12:59:06Z</time></trkpt><trkpt lat="49.85418" lon="18.29816"><time>2026-07-30T12:59:07Z</time></trkpt><trkpt lat="49.85417" lon="18.29835"><time>2026-07-30T12:59:08Z</time></trkpt><trkpt lat="49.85416" lon="18.29854"><time>2026-07-30T12:59:09Z</time></trkpt><trkpt lat="49.85415" lon="18.29871"><time>2026-07-30T12:59:10Z</time></trkpt><trkpt lat="49.85414" lon="18.29887"><time>2026-07-30T12:59:11Z</time></trkpt><trkpt lat="49.85413" lon="18.29903"><time>2026-07-30T12:59:12Z</time></trkpt><trkpt lat="49.85413" lon="18.29919"><time>2026-07-30T12:59:13Z</time></trkpt><trkpt lat="49.85412" lon="18.29935"><time>2026-07-30T12:59:14Z</time></trkpt><trkpt lat="49.85411" lon="18.29953"><time>2026-07-30T12:59:15Z</time></trkpt><trkpt lat="49.85411" lon="18.29971"><time>2026-07-30T12:59:16Z</time></trkpt><trkpt lat="49.8541" lon="18.29989"><time>2026-07-30T12:59:17Z</time></trkpt><trkpt lat="49.8541" lon="18.30005"><time>2026-07-30T12:59:18Z</time></trkpt><trkpt lat="49.85408" lon="18.30021"><time>2026-07-30T12:59:19Z</time></trkpt><trkpt lat="49.85408" lon="18.30037"><time>2026-07-30T12:59:20Z</time></trkpt><trkpt lat="49.85409" lon="18.30052"><time>2026-07-30T12:59:21Z</time></trkpt><trkpt lat="49.8541" lon="18.30066"><time>2026-07-30T12:59:22Z</time></trkpt><trkpt lat="49.85411" lon="18.30079"><time>2026-07-30T12:59:23Z</time></trkpt><trkpt lat="49.85413" lon="18.30091"><time>2026-07-30T12:59:24Z</time></trkpt><trkpt lat="49.85416" lon="18.30101"><time>2026-07-30T12:59:25Z</time></trkpt><trkpt lat="49.85418" lon="18.30109"><time>2026-07-30T12:59:26Z</time></trkpt><trkpt lat="49.8542" lon="18.30116"><time>2026-07-30T12:59:27Z</time></trkpt><trkpt lat="49.85422" lon="18.30122"><time>2026-07-30T12:59:28Z</time></trkpt><trkpt lat="49.85424" lon="18.30127"><time>2026-07-30T12:59:29Z</time></trkpt><trkpt lat="49.85424" lon="18.30133"><time>2026-07-30T12:59:30Z</time></trkpt><trkpt lat="49.85424" lon="18.30139"><time>2026-07-30T12:59:31Z</time></trkpt><trkpt lat="49.8542" lon="18.30146"><time>2026-07-30T12:59:32Z</time></trkpt><trkpt lat="49.85415" lon="18.30156"><time>2026-07-30T12:59:33Z</time></trkpt><trkpt lat="49.85409" lon="18.30168"><time>2026-07-30T12:59:34Z</time></trkpt><trkpt lat="49.85403" lon="18.3018"><time>2026-07-30T12:59:35Z</time></trkpt><trkpt lat="49.85397" lon="18.30193"><time>2026-07-30T12:59:36Z</time></trkpt><trkpt lat="49.85389" lon="18.30209"><time>2026-07-30T12:59:37Z</time></trkpt><trkpt lat="49.85381" lon="18.30228"><time>2026-07-30T12:59:38Z</time></trkpt><trkpt lat="49.85374" lon="18.30248"><time>2026-07-30T12:59:39Z</time></trkpt><trkpt lat="49.85365" lon="18.30267"><time>2026-07-30T12:59:40Z</time></trkpt><trkpt lat="49.85357" lon="18.30288"><time>2026-07-30T12:59:41Z</time></trkpt><trkpt lat="49.85347" lon="18.30308"><time>2026-07-30T12:59:42Z</time></trkpt><trkpt lat="49.85338" lon="18.30328"><time>2026-07-30T12:59:43Z</time></trkpt><trkpt lat="49.85329" lon="18.3035"><time>2026-07-30T12:59:44Z</time></trkpt><trkpt lat="49.8532" lon="18.30369"><time>2026-07-30T12:59:45Z</time></trkpt><trkpt lat="49.85312" lon="18.30388"><time>2026-07-30T12:59:46Z</time></trkpt><trkpt lat="49.85305" lon="18.30406"><time>2026-07-30T12:59:47Z</time></trkpt><trkpt lat="49.85297" lon="18.3042"><time>2026-07-30T12:59:48Z</time></trkpt><trkpt lat="49.8529" lon="18.30435"><time>2026-07-30T12:59:49Z</time></trkpt><trkpt lat="49.85281" lon="18.30449"><time>2026-07-30T12:59:50Z</time></trkpt><trkpt lat="49.85272" lon="18.30463"><time>2026-07-30T12:59:51Z</time></trkpt><trkpt lat="49.85264" lon="18.30475"><time>2026-07-30T12:59:52Z</time></trkpt><trkpt lat="49.85255" lon="18.30487"><time>2026-07-30T12:59:53Z</time></trkpt><trkpt lat="49.85246" lon="18.30498"><time>2026-07-30T12:59:54Z</time></trkpt><trkpt lat="49.85237" lon="18.30509"><time>2026-07-30T12:59:55Z</time></trkpt><trkpt lat="49.85228" lon="18.30519"><time>2026-07-30T12:59:56Z</time></trkpt><trkpt lat="49.85218" lon="18.30528"><time>2026-07-30T12:59:57Z</time></trkpt><trkpt lat="49.85207" lon="18.30538"><time>2026-07-30T12:59:58Z</time></trkpt><trkpt lat="49.85196" lon="18.30547"><time>2026-07-30T12:59:59Z</time></trkpt><trkpt lat="49.85186" lon="18.30555"><time>2026-07-30T13:00:00Z</time></trkpt><trkpt lat="49.85176" lon="18.30559"><time>2026-07-30T13:00:01Z</time></trkpt><trkpt lat="49.85164" lon="18.30563"><time>2026-07-30T13:00:02Z</time></trkpt><trkpt lat="49.85153" lon="18.3057"><time>2026-07-30T13:00:03Z</time></trkpt><trkpt lat="49.85141" lon="18.30574"><time>2026-07-30T13:00:04Z</time></trkpt><trkpt lat="49.8513" lon="18.30578"><time>2026-07-30T13:00:05Z</time></trkpt><trkpt lat="49.85118" lon="18.30582"><time>2026-07-30T13:00:06Z</time></trkpt><trkpt lat="49.85106" lon="18.30584"><time>2026-07-30T13:00:07Z</time></trkpt><trkpt lat="49.85093" lon="18.30588"><time>2026-07-30T13:00:08Z</time></trkpt><trkpt lat="49.8508" lon="18.30591"><time>2026-07-30T13:00:09Z</time></trkpt><trkpt lat="49.85067" lon="18.30594"><time>2026-07-30T13:00:10Z</time></trkpt><trkpt lat="49.85054" lon="18.30598"><time>2026-07-30T13:00:11Z</time></trkpt><trkpt lat="49.85041" lon="18.30602"><time>2026-07-30T13:00:12Z</time></trkpt><trkpt lat="49.85027" lon="18.30605"><time>2026-07-30T13:00:13Z</time></trkpt><trkpt lat="49.85013" lon="18.30608"><time>2026-07-30T13:00:14Z</time></trkpt><trkpt lat="49.84999" lon="18.30612"><time>2026-07-30T13:00:15Z</time></trkpt><trkpt lat="49.84989" lon="18.30614"><time>2026-07-30T13:00:16Z</time></trkpt><trkpt lat="49.8498" lon="18.30616"><time>2026-07-30T13:00:17Z</time></trkpt><trkpt lat="49.84972" lon="18.30619"><time>2026-07-30T13:00:18Z</time></trkpt><trkpt lat="49.84964" lon="18.30621"><time>2026-07-30T13:00:19Z</time></trkpt><trkpt lat="49.84957" lon="18.30623"><time>2026-07-30T13:00:20Z</time></trkpt><trkpt lat="49.84951" lon="18.30624"><time>2026-07-30T13:00:21Z</time></trkpt><trkpt lat="49.84944" lon="18.30625"><time>2026-07-30T13:00:22Z</time></trkpt><trkpt lat="49.84936" lon="18.30628"><time>2026-07-30T13:00:23Z</time></trkpt><trkpt lat="49.84928" lon="18.3063"><time>2026-07-30T13:00:24Z</time></trkpt><trkpt lat="49.84921" lon="18.30632"><time>2026-07-30T13:00:25Z</time></trkpt><trkpt lat="49.84912" lon="18.30635"><time>2026-07-30T13:00:26Z</time></trkpt><trkpt lat="49.84904" lon="18.30637"><time>2026-07-30T13:00:27Z</time></trkpt><trkpt lat="49.84895" lon="18.30639"><time>2026-07-30T13:00:28Z</time></trkpt><trkpt lat="49.84886" lon="18.3064"><time>2026-07-30T13:00:29Z</time></trkpt><trkpt lat="49.84876" lon="18.3064"><time>2026-07-30T13:00:30Z</time></trkpt><trkpt lat="49.84866" lon="18.30641"><time>2026-07-30T13:00:31Z</time></trkpt><trkpt lat="49.84856" lon="18.30643"><time>2026-07-30T13:00:32Z</time></trkpt><trkpt lat="49.84846" lon="18.30643"><time>2026-07-30T13:00:33Z</time></trkpt><trkpt lat="49.84836" lon="18.30644"><time>2026-07-30T13:00:34Z</time></trkpt><trkpt lat="49.84827" lon="18.30645"><time>2026-07-30T13:00:35Z</time></trkpt><trkpt lat="49.84816" lon="18.30645"><time>2026-07-30T13:00:36Z</time></trkpt><trkpt lat="49.84805" lon="18.30645"><time>2026-07-30T13:00:37Z</time></trkpt><trkpt lat="49.84793" lon="18.30645"><time>2026-07-30T13:00:38Z</time></trkpt><trkpt lat="49.84782" lon="18.30643"><time>2026-07-30T13:00:39Z</time></trkpt><trkpt lat="49.8477" lon="18.30641"><time>2026-07-30T13:00:40Z</time></trkpt><trkpt lat="49.84757" lon="18.30638"><time>2026-07-30T13:00:41Z</time></trkpt><trkpt lat="49.84744" lon="18.30633"><time>2026-07-30T13:00:42Z</time></trkpt><trkpt lat="49.84731" lon="18.30629"><time>2026-07-30T13:00:43Z</time></trkpt><trkpt lat="49.84717" lon="18.30624"><time>2026-07-30T13:00:44Z</time></trkpt><trkpt lat="49.84704" lon="18.3062"><time>2026-07-30T13:00:45Z</time></trkpt><trkpt lat="49.8469" lon="18.30617"><time>2026-07-30T13:00:46Z</time></trkpt><trkpt lat="49.84675" lon="18.30613"><time>2026-07-30T13:00:47Z</time></trkpt><trkpt lat="49.84661" lon="18.30609"><time>2026-07-30T13:00:48Z</time></trkpt><trkpt lat="49.84647" lon="18.30605"><time>2026-07-30T13:00:49Z</time></trkpt><trkpt lat="49.84633" lon="18.306"><time>2026-07-30T13:00:50Z</time></trkpt><trkpt lat="49.84618" lon="18.30595"><time>2026-07-30T13:00:51Z</time></trkpt><trkpt lat="49.84604" lon="18.3059"><time>2026-07-30T13:00:52Z</time></trkpt><trkpt lat="49.8459" lon="18.30586"><time>2026-07-30T13:00:53Z</time></trkpt><trkpt lat="49.84576" lon="18.30581"><time>2026-07-30T13:00:54Z</time></trkpt><trkpt lat="49.84562" lon="18.30577"><time>2026-07-30T13:00:55Z</time></trkpt><trkpt lat="49.84547" lon="18.30573"><time>2026-07-30T13:00:56Z</time></trkpt><trkpt lat="49.84534" lon="18.30569"><time>2026-07-30T13:00:57Z</time></trkpt><trkpt lat="49.84521" lon="18.30565"><time>2026-07-30T13:00:58Z</time></trkpt><trkpt lat="49.84507" lon="18.30561"><time>2026-07-30T13:00:59Z</time></trkpt><trkpt lat="49.84494" lon="18.30557"><time>2026-07-30T13:01:00Z</time></trkpt><trkpt lat="49.84481" lon="18.30552"><time>2026-07-30T13:01:01Z</time></trkpt><trkpt lat="49.84468" lon="18.30547"><time>2026-07-30T13:01:02Z</time></trkpt><trkpt lat="49.84455" lon="18.30543"><time>2026-07-30T13:01:03Z</time></trkpt><trkpt lat="49.84443" lon="18.30539"><time>2026-07-30T13:01:04Z</time></trkpt><trkpt lat="49.84431" lon="18.30535"><time>2026-07-30T13:01:05Z</time></trkpt><trkpt lat="49.84421" lon="18.30533"><time>2026-07-30T13:01:06Z</time></trkpt><trkpt lat="49.84411" lon="18.30532"><time>2026-07-30T13:01:07Z</time></trkpt><trkpt lat="49.84403" lon="18.30529"><time>2026-07-30T13:01:08Z</time></trkpt><trkpt lat="49.84394" lon="18.30527"><time>2026-07-30T13:01:09Z</time></trkpt><trkpt lat="49.84385" lon="18.30526"><time>2026-07-30T13:01:10Z</time></trkpt><trkpt lat="49.84377" lon="18.30527"><time>2026-07-30T13:01:11Z</time></trkpt><trkpt lat="49.84369" lon="18.30528"><time>2026-07-30T13:01:12Z</time></trkpt><trkpt lat="49.84361" lon="18.30529"><time>2026-07-30T13:01:13Z</time></trkpt><trkpt lat="49.84354" lon="18.30529"><time>2026-07-30T13:01:14Z</time></trkpt><trkpt lat="49.84348" lon="18.30531"><time>2026-07-30T13:01:15Z</time></trkpt><trkpt lat="49.84343" lon="18.30533"><time>2026-07-30T13:01:16Z</time></trkpt><trkpt lat="49.84338" lon="18.30536"><time>2026-07-30T13:01:17Z</time></trkpt><trkpt lat="49.84333" lon="18.30539"><time>2026-07-30T13:01:18Z</time></trkpt><trkpt lat="49.84328" lon="18.30542"><time>2026-07-30T13:01:19Z</time></trkpt><trkpt lat="49.84324" lon="18.30547"><time>2026-07-30T13:01:20Z</time></trkpt><trkpt lat="49.8432" lon="18.3055"><time>2026-07-30T13:01:21Z</time></trkpt><trkpt lat="49.84317" lon="18.3055"><time>2026-07-30T13:01:22Z</time></trkpt><trkpt lat="49.84311" lon="18.3055"><time>2026-07-30T13:01:23Z</time></trkpt><trkpt lat="49.84305" lon="18.30548"><time>2026-07-30T13:01:24Z</time></trkpt><trkpt lat="49.84299" lon="18.30545"><time>2026-07-30T13:01:25Z</time></trkpt><trkpt lat="49.84293" lon="18.30544"><time>2026-07-30T13:01:26Z</time></trkpt><trkpt lat="49.84287" lon="18.30545"><time>2026-07-30T13:01:27Z</time></trkpt><trkpt lat="49.84283" lon="18.30548"><time>2026-07-30T13:01:28Z</time></trkpt><trkpt lat="49.84279" lon="18.30556"><time>2026-07-30T13:01:29Z</time></trkpt><trkpt lat="49.84278" lon="18.30565"><time>2026-07-30T13:01:30Z</time></trkpt><trkpt lat="49.8428" lon="18.30575"><time>2026-07-30T13:01:31Z</time></trkpt><trkpt lat="49.84283" lon="18.30583"><time>2026-07-30T13:01:32Z</time></trkpt><trkpt lat="49.8429" lon="18.30588"><time>2026-07-30T13:01:33Z</time></trkpt><trkpt lat="49.84294" lon="18.30594"><time>2026-07-30T13:01:34Z</time></trkpt><trkpt lat="49.84299" lon="18.30601"><time>2026-07-30T13:01:35Z</time></trkpt><trkpt lat="49.84303" lon="18.3061"><time>2026-07-30T13:01:36Z</time></trkpt><trkpt lat="49.84308" lon="18.3062"><time>2026-07-30T13:01:37Z</time></trkpt><trkpt lat="49.84314" lon="18.30631"><time>2026-07-30T13:01:38Z</time></trkpt><trkpt lat="49.84318" lon="18.3064"><time>2026-07-30T13:01:39Z</time></trkpt><trkpt lat="49.84322" lon="18.30652"><time>2026-07-30T13:01:40Z</time></trkpt><trkpt lat="49.84327" lon="18.30663"><time>2026-07-30T13:01:41Z</time></trkpt><trkpt lat="49.84332" lon="18.30674"><time>2026-07-30T13:01:42Z</time></trkpt><trkpt lat="49.84337" lon="18.30686"><time>2026-07-30T13:01:43Z</time></trkpt><trkpt lat="49.84344" lon="18.30696"><time>2026-07-30T13:01:44Z</time></trkpt><trkpt lat="49.84351" lon="18.30707"><time>2026-07-30T13:01:45Z</time></trkpt><trkpt lat="49.84357" lon="18.30721"><time>2026-07-30T13:01:46Z</time></trkpt><trkpt lat="49.84364" lon="18.30735"><time>2026-07-30T13:01:47Z</time></trkpt><trkpt lat="49.84371" lon="18.30751"><time>2026-07-30T13:01:48Z</time></trkpt><trkpt lat="49.84377" lon="18.30769"><time>2026-07-30T13:01:49Z</time></trkpt><trkpt lat="49.84381" lon="18.30788"><time>2026-07-30T13:01:50Z</time></trkpt><trkpt lat="49.84385" lon="18.30807"><time>2026-07-30T13:01:51Z</time></trkpt><trkpt lat="49.84387" lon="18.30827"><time>2026-07-30T13:01:52Z</time></trkpt><trkpt lat="49.84388" lon="18.30848"><time>2026-07-30T13:01:53Z</time></trkpt><trkpt lat="49.84389" lon="18.30868"><time>2026-07-30T13:01:54Z</time></trkpt><trkpt lat="49.84388" lon="18.30886"><time>2026-07-30T13:01:55Z</time></trkpt><trkpt lat="49.84387" lon="18.30904"><time>2026-07-30T13:01:56Z</time></trkpt><trkpt lat="49.84386" lon="18.30921"><time>2026-07-30T13:01:57Z</time></trkpt><trkpt lat="49.84386" lon="18.30937"><time>2026-07-30T13:01:58Z</time></trkpt><trkpt lat="49.84388" lon="18.30952"><time>2026-07-30T13:01:59Z</time></trkpt><trkpt lat="49.8439" lon="18.30967"><time>2026-07-30T13:02:00Z</time></trkpt><trkpt lat="49.84392" lon="18.30982"><time>2026-07-30T13:02:01Z</time></trkpt><trkpt lat="49.84394" lon="18.30996"><time>2026-07-30T13:02:02Z</time></trkpt><trkpt lat="49.84396" lon="18.31009"><time>2026-07-30T13:02:03Z</time></trkpt><trkpt lat="49.84396" lon="18.3102"><time>2026-07-30T13:02:04Z</time></trkpt><trkpt lat="49.84397" lon="18.3103"><time>2026-07-30T13:02:05Z</time></trkpt><trkpt lat="49.84397" lon="18.31039"><time>2026-07-30T13:02:06Z</time></trkpt><trkpt lat="49.84396" lon="18.31049"><time>2026-07-30T13:02:07Z</time></trkpt><trkpt lat="49.84395" lon="18.3106"><time>2026-07-30T13:02:08Z</time></trkpt><trkpt lat="49.84394" lon="18.31072"><time>2026-07-30T13:02:09Z</time></trkpt><trkpt lat="49.84394" lon="18.31086"><time>2026-07-30T13:02:10Z</time></trkpt><trkpt lat="49.84393" lon="18.31102"><time>2026-07-30T13:02:11Z</time></trkpt><trkpt lat="49.84392" lon="18.31119"><time>2026-07-30T13:02:12Z</time></trkpt><trkpt lat="49.84392" lon="18.31138"><time>2026-07-30T13:02:13Z</time></trkpt><trkpt lat="49.84392" lon="18.31157"><time>2026-07-30T13:02:14Z</time></trkpt><trkpt lat="49.84391" lon="18.31177"><time>2026-07-30T13:02:15Z</time></trkpt><trkpt lat="49.8439" lon="18.31196"><time>2026-07-30T13:02:16Z</time></trkpt><trkpt lat="49.8439" lon="18.31215"><time>2026-07-30T13:02:17Z</time></trkpt><trkpt lat="49.84389" lon="18.31234"><time>2026-07-30T13:02:18Z</time></trkpt><trkpt lat="49.84389" lon="18.31254"><time>2026-07-30T13:02:19Z</time></trkpt><trkpt lat="49.84388" lon="18.31272"><time>2026-07-30T13:02:20Z</time></trkpt><trkpt lat="49.84388" lon="18.31291"><time>2026-07-30T13:02:21Z</time></trkpt><trkpt lat="49.84387" lon="18.31314"><time>2026-07-30T13:02:22Z</time></trkpt><trkpt lat="49.84386" lon="18.31336"><time>2026-07-30T13:02:23Z</time></trkpt><trkpt lat="49.84385" lon="18.31358"><time>2026-07-30T13:02:24Z</time></trkpt><trkpt lat="49.84384" lon="18.31381"><time>2026-07-30T13:02:25Z</time></trkpt><trkpt lat="49.84384" lon="18.31404"><time>2026-07-30T13:02:26Z</time></trkpt><trkpt lat="49.84383" lon="18.31424"><time>2026-07-30T13:02:27Z</time></trkpt><trkpt lat="49.84382" lon="18.31446"><time>2026-07-30T13:02:28Z</time></trkpt><trkpt lat="49.8438" lon="18.31467"><time>2026-07-30T13:02:29Z</time></trkpt><trkpt lat="49.84379" lon="18.31487"><time>2026-07-30T13:02:30Z</time></trkpt><trkpt lat="49.84378" lon="18.31507"><time>2026-07-30T13:02:31Z</time></trkpt><trkpt lat="49.84377" lon="18.31529"><time>2026-07-30T13:02:32Z</time></trkpt><trkpt lat="49.84376" lon="18.31551"><time>2026-07-30T13:02:33Z</time></trkpt><trkpt lat="49.84374" lon="18.31574"><time>2026-07-30T13:02:34Z</time></trkpt><trkpt lat="49.84373" lon="18.31596"><time>2026-07-30T13:02:35Z</time></trkpt><trkpt lat="49.8437" lon="18.31618"><time>2026-07-30T13:02:36Z</time></trkpt><trkpt lat="49.84369" lon="18.31639"><time>2026-07-30T13:02:37Z</time></trkpt><trkpt lat="49.84367" lon="18.31659"><time>2026-07-30T13:02:38Z</time></trkpt><trkpt lat="49.84366" lon="18.3168"><time>2026-07-30T13:02:39Z</time></trkpt><trkpt lat="49.84365" lon="18.317"><time>2026-07-30T13:02:40Z</time></trkpt><trkpt lat="49.84363" lon="18.31719"><time>2026-07-30T13:02:41Z</time></trkpt><trkpt lat="49.84361" lon="18.31739"><time>2026-07-30T13:02:42Z</time></trkpt><trkpt lat="49.84358" lon="18.31758"><time>2026-07-30T13:02:43Z</time></trkpt><trkpt lat="49.84355" lon="18.31776"><time>2026-07-30T13:02:44Z</time></trkpt><trkpt lat="49.8435" lon="18.31795"><time>2026-07-30T13:02:45Z</time></trkpt><trkpt lat="49.84345" lon="18.31813"><time>2026-07-30T13:02:46Z</time></trkpt><trkpt lat="49.84339" lon="18.3183"><time>2026-07-30T13:02:47Z</time></trkpt><trkpt lat="49.84333" lon="18.31846"><time>2026-07-30T13:02:48Z</time></trkpt><trkpt lat="49.84325" lon="18.31861"><time>2026-07-30T13:02:49Z</time></trkpt><trkpt lat="49.84317" lon="18.31876"><time>2026-07-30T13:02:50Z</time></trkpt><trkpt lat="49.84309" lon="18.31892"><time>2026-07-30T13:02:51Z</time></trkpt><trkpt lat="49.84301" lon="18.3191"><time>2026-07-30T13:02:52Z</time></trkpt><trkpt lat="49.84293" lon="18.31927"><time>2026-07-30T13:02:53Z</time></trkpt><trkpt lat="49.84284" lon="18.31945"><time>2026-07-30T13:02:54Z</time></trkpt><trkpt lat="49.84277" lon="18.31962"><time>2026-07-30T13:02:55Z</time></trkpt><trkpt lat="49.8427" lon="18.31977"><time>2026-07-30T13:02:56Z</time></trkpt><trkpt lat="49.84262" lon="18.31994"><time>2026-07-30T13:02:57Z</time></trkpt><trkpt lat="49.84253" lon="18.32012"><time>2026-07-30T13:02:58Z</time></trkpt><trkpt lat="49.84245" lon="18.3203"><time>2026-07-30T13:02:59Z</time></trkpt><trkpt lat="49.84236" lon="18.32049"><time>2026-07-30T13:03:00Z</time></trkpt><trkpt lat="49.84228" lon="18.32068"><time>2026-07-30T13:03:01Z</time></trkpt><trkpt lat="49.8422" lon="18.32087"><time>2026-07-30T13:03:02Z</time></trkpt><trkpt lat="49.84212" lon="18.32105"><time>2026-07-30T13:03:03Z</time></trkpt><trkpt lat="49.84204" lon="18.32124"><time>2026-07-30T13:03:04Z</time></trkpt><trkpt lat="49.84197" lon="18.32142"><time>2026-07-30T13:03:05Z</time></trkpt><trkpt lat="49.84188" lon="18.3216"><time>2026-07-30T13:03:06Z</time></trkpt><trkpt lat="49.8418" lon="18.32177"><time>2026-07-30T13:03:07Z</time></trkpt><trkpt lat="49.84173" lon="18.32194"><time>2026-07-30T13:03:08Z</time></trkpt><trkpt lat="49.84166" lon="18.32211"><time>2026-07-30T13:03:09Z</time></trkpt><trkpt lat="49.84159" lon="18.32229"><time>2026-07-30T13:03:10Z</time></trkpt><trkpt lat="49.84152" lon="18.32249"><time>2026-07-30T13:03:11Z</time></trkpt><trkpt lat="49.84144" lon="18.32268"><time>2026-07-30T13:03:12Z</time></trkpt><trkpt lat="49.84136" lon="18.32287"><time>2026-07-30T13:03:13Z</time></trkpt><trkpt lat="49.84129" lon="18.32305"><time>2026-07-30T13:03:14Z</time></trkpt><trkpt lat="49.84121" lon="18.32325"><time>2026-07-30T13:03:15Z</time></trkpt><trkpt lat="49.84113" lon="18.32344"><time>2026-07-30T13:03:16Z</time></trkpt><trkpt lat="49.84106" lon="18.32363"><time>2026-07-30T13:03:17Z</time></trkpt><trkpt lat="49.84098" lon="18.3238"><time>2026-07-30T13:03:18Z</time></trkpt><trkpt lat="49.84092" lon="18.32397"><time>2026-07-30T13:03:19Z</time></trkpt><trkpt lat="49.84086" lon="18.32413"><time>2026-07-30T13:03:20Z</time></trkpt><trkpt lat="49.8408" lon="18.32428"><time>2026-07-30T13:03:21Z</time></trkpt><trkpt lat="49.84074" lon="18.32442"><time>2026-07-30T13:03:22Z</time></trkpt><trkpt lat="49.84068" lon="18.32456"><time>2026-07-30T13:03:23Z</time></trkpt><trkpt lat="49.84062" lon="18.3247"><time>2026-07-30T13:03:24Z</time></trkpt><trkpt lat="49.84057" lon="18.32484"><time>2026-07-30T13:03:25Z</time></trkpt><trkpt lat="49.84052" lon="18.32497"><time>2026-07-30T13:03:26Z</time></trkpt><trkpt lat="49.84047" lon="18.32508"><time>2026-07-30T13:03:27Z</time></trkpt><trkpt lat="49.84043" lon="18.32518"><time>2026-07-30T13:03:28Z</time></trkpt><trkpt lat="49.8404" lon="18.32527"><time>2026-07-30T13:03:29Z</time></trkpt><trkpt lat="49.84041" lon="18.32533"><time>2026-07-30T13:03:30Z</time></trkpt><trkpt lat="49.84042" lon="18.32539"><time>2026-07-30T13:03:31Z</time></trkpt><trkpt lat="49.84045" lon="18.32542"><time>2026-07-30T13:03:32Z</time></trkpt><trkpt lat="49.84048" lon="18.32543"><time>2026-07-30T13:03:33Z</time></trkpt><trkpt lat="49.84051" lon="18.32544"><time>2026-07-30T13:03:34Z</time></trkpt><trkpt lat="49.84054" lon="18.32544"><time>2026-07-30T13:03:35Z</time></trkpt><trkpt lat="49.84058" lon="18.32543"><time>2026-07-30T13:03:36Z</time></trkpt><trkpt lat="49.84061" lon="18.32541"><time>2026-07-30T13:03:37Z</time></trkpt><trkpt lat="49.84064" lon="18.3254"><time>2026-07-30T13:03:38Z</time></trkpt><trkpt lat="49.84066" lon="18.32538"><time>2026-07-30T13:03:39Z</time></trkpt><trkpt lat="49.84068" lon="18.32535"><time>2026-07-30T13:03:40Z</time></trkpt><trkpt lat="49.84069" lon="18.32533"><time>2026-07-30T13:03:41Z</time></trkpt><trkpt lat="49.84071" lon="18.3253"><time>2026-07-30T13:03:42Z</time></trkpt><trkpt lat="49.84072" lon="18.32527"><time>2026-07-30T13:03:43Z</time></trkpt><trkpt lat="49.84073" lon="18.32525"><time>2026-07-30T13:03:44Z</time></trkpt><trkpt lat="49.84074" lon="18.32523"><time>2026-07-30T13:03:45Z</time></trkpt><trkpt lat="49.84074" lon="18.32521"><time>2026-07-30T13:03:46Z</time></trkpt><trkpt lat="49.84077" lon="18.3252"><time>2026-07-30T13:03:52Z</time></trkpt><trkpt lat="49.84079" lon="18.32518"><time>2026-07-30T13:03:54Z</time></trkpt><trkpt lat="49.84079" lon="18.32516"><time>2026-07-30T13:03:55Z</time></trkpt><trkpt lat="49.84078" lon="18.32518"><time>2026-07-30T13:03:58Z</time></trkpt><trkpt lat="49.84083" lon="18.3251"><time>2026-07-30T13:07:38Z</time></trkpt><trkpt lat="49.84085" lon="18.32507"><time>2026-07-30T13:07:39Z</time></trkpt><trkpt lat="49.84088" lon="18.32502"><time>2026-07-30T13:07:40Z</time></trkpt><trkpt lat="49.84092" lon="18.32495"><time>2026-07-30T13:07:41Z</time></trkpt><trkpt lat="49.84095" lon="18.32488"><time>2026-07-30T13:07:42Z</time></trkpt><trkpt lat="49.84095" lon="18.32481"><time>2026-07-30T13:07:43Z</time></trkpt><trkpt lat="49.84095" lon="18.32473"><time>2026-07-30T13:07:44Z</time></trkpt><trkpt lat="49.84092" lon="18.32469"><time>2026-07-30T13:07:45Z</time></trkpt><trkpt lat="49.8409" lon="18.32465"><time>2026-07-30T13:07:46Z</time></trkpt><trkpt lat="49.84086" lon="18.32462"><time>2026-07-30T13:07:47Z</time></trkpt><trkpt lat="49.84084" lon="18.3246"><time>2026-07-30T13:07:48Z</time></trkpt><trkpt lat="49.84082" lon="18.32457"><time>2026-07-30T13:07:49Z</time></trkpt><trkpt lat="49.8408" lon="18.32456"><time>2026-07-30T13:07:50Z</time></trkpt><trkpt lat="49.84078" lon="18.32456"><time>2026-07-30T13:07:51Z</time></trkpt><trkpt lat="49.84077" lon="18.32456"><time>2026-07-30T13:07:52Z</time></trkpt><trkpt lat="49.84075" lon="18.32456"><time>2026-07-30T13:08:05Z</time></trkpt><trkpt lat="49.8407" lon="18.3246"><time>2026-07-30T13:08:06Z</time></trkpt><trkpt lat="49.84065" lon="18.32466"><time>2026-07-30T13:08:07Z</time></trkpt><trkpt lat="49.8406" lon="18.32477"><time>2026-07-30T13:08:08Z</time></trkpt><trkpt lat="49.84054" lon="18.32488"><time>2026-07-30T13:08:09Z</time></trkpt><trkpt lat="49.84049" lon="18.32501"><time>2026-07-30T13:08:10Z</time></trkpt><trkpt lat="49.84043" lon="18.32515"><time>2026-07-30T13:08:11Z</time></trkpt><trkpt lat="49.84037" lon="18.32531"><time>2026-07-30T13:08:12Z</time></trkpt><trkpt lat="49.8403" lon="18.32547"><time>2026-07-30T13:08:13Z</time></trkpt><trkpt lat="49.84023" lon="18.32564"><time>2026-07-30T13:08:14Z</time></trkpt><trkpt lat="49.84017" lon="18.32583"><time>2026-07-30T13:08:15Z</time></trkpt><trkpt lat="49.84011" lon="18.32601"><time>2026-07-30T13:08:16Z</time></trkpt><trkpt lat="49.84006" lon="18.32618"><time>2026-07-30T13:08:17Z</time></trkpt><trkpt lat="49.84002" lon="18.32633"><time>2026-07-30T13:08:18Z</time></trkpt><trkpt lat="49.83998" lon="18.3265"><time>2026-07-30T13:08:19Z</time></trkpt><trkpt lat="49.83996" lon="18.32667"><time>2026-07-30T13:08:20Z</time></trkpt><trkpt lat="49.83994" lon="18.32684"><time>2026-07-30T13:08:21Z</time></trkpt><trkpt lat="49.83992" lon="18.327"><time>2026-07-30T13:08:22Z</time></trkpt><trkpt lat="49.83991" lon="18.32717"><time>2026-07-30T13:08:23Z</time></trkpt><trkpt lat="49.83992" lon="18.32734"><time>2026-07-30T13:08:24Z</time></trkpt><trkpt lat="49.83992" lon="18.32754"><time>2026-07-30T13:08:25Z</time></trkpt><trkpt lat="49.83992" lon="18.32776"><time>2026-07-30T13:08:26Z</time></trkpt><trkpt lat="49.8399" lon="18.328"><time>2026-07-30T13:08:27Z</time></trkpt><trkpt lat="49.83987" lon="18.32827"><time>2026-07-30T13:08:28Z</time></trkpt><trkpt lat="49.83985" lon="18.32853"><time>2026-07-30T13:08:29Z</time></trkpt><trkpt lat="49.83981" lon="18.32878"><time>2026-07-30T13:08:30Z</time></trkpt><trkpt lat="49.83978" lon="18.32901"><time>2026-07-30T13:08:31Z</time></trkpt><trkpt lat="49.83976" lon="18.32923"><time>2026-07-30T13:08:32Z</time></trkpt><trkpt lat="49.83974" lon="18.32946"><time>2026-07-30T13:08:33Z</time></trkpt><trkpt lat="49.83972" lon="18.3297"><time>2026-07-30T13:08:34Z</time></trkpt><trkpt lat="49.8397" lon="18.32994"><time>2026-07-30T13:08:35Z</time></trkpt><trkpt lat="49.83967" lon="18.33021"><time>2026-07-30T13:08:36Z</time></trkpt><trkpt lat="49.83963" lon="18.33048"><time>2026-07-30T13:08:37Z</time></trkpt><trkpt lat="49.8396" lon="18.33075"><time>2026-07-30T13:08:38Z</time></trkpt><trkpt lat="49.83957" lon="18.331"><time>2026-07-30T13:08:39Z</time></trkpt><trkpt lat="49.83955" lon="18.33124"><time>2026-07-30T13:08:40Z</time></trkpt><trkpt lat="49.83952" lon="18.33148"><time>2026-07-30T13:08:41Z</time></trkpt><trkpt lat="49.8395" lon="18.33172"><time>2026-07-30T13:08:42Z</time></trkpt><trkpt lat="49.83948" lon="18.33193"><time>2026-07-30T13:08:43Z</time></trkpt><trkpt lat="49.83945" lon="18.33213"><time>2026-07-30T13:08:44Z</time></trkpt><trkpt lat="49.8394" lon="18.33233"><time>2026-07-30T13:08:45Z</time></trkpt><trkpt lat="49.83935" lon="18.33251"><time>2026-07-30T13:08:46Z</time></trkpt><trkpt lat="49.83928" lon="18.3327"><time>2026-07-30T13:08:47Z</time></trkpt><trkpt lat="49.83922" lon="18.33287"><time>2026-07-30T13:08:48Z</time></trkpt><trkpt lat="49.83913" lon="18.33304"><time>2026-07-30T13:08:49Z</time></trkpt><trkpt lat="49.83902" lon="18.33321"><time>2026-07-30T13:08:50Z</time></trkpt><trkpt lat="49.83892" lon="18.33336"><time>2026-07-30T13:08:51Z</time></trkpt><trkpt lat="49.8388" lon="18.3335"><time>2026-07-30T13:08:52Z</time></trkpt><trkpt lat="49.83868" lon="18.33362"><time>2026-07-30T13:08:53Z</time></trkpt><trkpt lat="49.83855" lon="18.33374"><time>2026-07-30T13:08:54Z</time></trkpt><trkpt lat="49.83841" lon="18.33385"><time>2026-07-30T13:08:55Z</time></trkpt><trkpt lat="49.83827" lon="18.33397"><time>2026-07-30T13:08:56Z</time></trkpt><trkpt lat="49.83812" lon="18.33409"><time>2026-07-30T13:08:57Z</time></trkpt><trkpt lat="49.83797" lon="18.33422"><time>2026-07-30T13:08:58Z</time></trkpt><trkpt lat="49.83783" lon="18.33433"><time>2026-07-30T13:08:59Z</time></trkpt><trkpt lat="49.83769" lon="18.33445"><time>2026-07-30T13:09:00Z</time></trkpt><trkpt lat="49.83755" lon="18.33457"><time>2026-07-30T13:09:01Z</time></trkpt><trkpt lat="49.83741" lon="18.33469"><time>2026-07-30T13:09:02Z</time></trkpt><trkpt lat="49.83728" lon="18.33479"><time>2026-07-30T13:09:03Z</time></trkpt><trkpt lat="49.83716" lon="18.33491"><time>2026-07-30T13:09:04Z</time></trkpt><trkpt lat="49.83704" lon="18.33503"><time>2026-07-30T13:09:05Z</time></trkpt><trkpt lat="49.83692" lon="18.33513"><time>2026-07-30T13:09:06Z</time></trkpt><trkpt lat="49.8368" lon="18.33524"><time>2026-07-30T13:09:07Z</time></trkpt><trkpt lat="49.83667" lon="18.33535"><time>2026-07-30T13:09:08Z</time></trkpt><trkpt lat="49.83654" lon="18.33546"><time>2026-07-30T13:09:09Z</time></trkpt><trkpt lat="49.83641" lon="18.33557"><time>2026-07-30T13:09:10Z</time></trkpt><trkpt lat="49.83627" lon="18.33569"><time>2026-07-30T13:09:11Z</time></trkpt><trkpt lat="49.83613" lon="18.33581"><time>2026-07-30T13:09:12Z</time></trkpt><trkpt lat="49.836" lon="18.33594"><time>2026-07-30T13:09:13Z</time></trkpt><trkpt lat="49.83585" lon="18.33606"><time>2026-07-30T13:09:14Z</time></trkpt><trkpt lat="49.83572" lon="18.33618"><time>2026-07-30T13:09:15Z</time></trkpt><trkpt lat="49.83558" lon="18.3363"><time>2026-07-30T13:09:16Z</time></trkpt><trkpt lat="49.83544" lon="18.33642"><time>2026-07-30T13:09:17Z</time></trkpt><trkpt lat="49.83531" lon="18.33655"><time>2026-07-30T13:09:18Z</time></trkpt><trkpt lat="49.83517" lon="18.33667"><time>2026-07-30T13:09:19Z</time></trkpt><trkpt lat="49.83503" lon="18.3368"><time>2026-07-30T13:09:20Z</time></trkpt><trkpt lat="49.8349" lon="18.33691"><time>2026-07-30T13:09:21Z</time></trkpt><trkpt lat="49.83476" lon="18.33703"><time>2026-07-30T13:09:22Z</time></trkpt><trkpt lat="49.83463" lon="18.33714"><time>2026-07-30T13:09:23Z</time></trkpt><trkpt lat="49.8345" lon="18.33726"><time>2026-07-30T13:09:24Z</time></trkpt><trkpt lat="49.83437" lon="18.33737"><time>2026-07-30T13:09:25Z</time></trkpt><trkpt lat="49.83425" lon="18.33748"><time>2026-07-30T13:09:26Z</time></trkpt><trkpt lat="49.83413" lon="18.33758"><time>2026-07-30T13:09:27Z</time></trkpt><trkpt lat="49.83402" lon="18.33768"><time>2026-07-30T13:09:28Z</time></trkpt><trkpt lat="49.83392" lon="18.33777"><time>2026-07-30T13:09:29Z</time></trkpt><trkpt lat="49.83381" lon="18.33787"><time>2026-07-30T13:09:30Z</time></trkpt><trkpt lat="49.8337" lon="18.33798"><time>2026-07-30T13:09:31Z</time></trkpt><trkpt lat="49.8336" lon="18.33808"><time>2026-07-30T13:09:32Z</time></trkpt><trkpt lat="49.8335" lon="18.33817"><time>2026-07-30T13:09:33Z</time></trkpt><trkpt lat="49.8334" lon="18.33826"><time>2026-07-30T13:09:34Z</time></trkpt><trkpt lat="49.8333" lon="18.33836"><time>2026-07-30T13:09:35Z</time></trkpt><trkpt lat="49.83318" lon="18.33846"><time>2026-07-30T13:09:36Z</time></trkpt><trkpt lat="49.83307" lon="18.33856"><time>2026-07-30T13:09:37Z</time></trkpt><trkpt lat="49.83294" lon="18.33868"><time>2026-07-30T13:09:38Z</time></trkpt><trkpt lat="49.83282" lon="18.3388"><time>2026-07-30T13:09:39Z</time></trkpt><trkpt lat="49.8327" lon="18.33891"><time>2026-07-30T13:09:40Z</time></trkpt><trkpt lat="49.83258" lon="18.33903"><time>2026-07-30T13:09:41Z</time></trkpt><trkpt lat="49.83247" lon="18.33912"><time>2026-07-30T13:09:42Z</time></trkpt><trkpt lat="49.83237" lon="18.33922"><time>2026-07-30T13:09:43Z</time></trkpt><trkpt lat="49.83225" lon="18.33932"><time>2026-07-30T13:09:44Z</time></trkpt><trkpt lat="49.83214" lon="18.33942"><time>2026-07-30T13:09:45Z</time></trkpt><trkpt lat="49.83202" lon="18.33951"><time>2026-07-30T13:09:46Z</time></trkpt><trkpt lat="49.83189" lon="18.33959"><time>2026-07-30T13:09:47Z</time></trkpt><trkpt lat="49.83173" lon="18.33968"><time>2026-07-30T13:09:48Z</time></trkpt><trkpt lat="49.8316" lon="18.33975"><time>2026-07-30T13:09:49Z</time></trkpt><trkpt lat="49.83148" lon="18.33981"><time>2026-07-30T13:09:50Z</time></trkpt><trkpt lat="49.83137" lon="18.33983"><time>2026-07-30T13:09:51Z</time></trkpt><trkpt lat="49.83128" lon="18.33987"><time>2026-07-30T13:09:52Z</time></trkpt><trkpt lat="49.83117" lon="18.3399"><time>2026-07-30T13:09:53Z</time></trkpt><trkpt lat="49.83107" lon="18.33994"><time>2026-07-30T13:09:54Z</time></trkpt><trkpt lat="49.83098" lon="18.34004"><time>2026-07-30T13:09:55Z</time></trkpt><trkpt lat="49.83087" lon="18.34017"><time>2026-07-30T13:09:56Z</time></trkpt><trkpt lat="49.83078" lon="18.3403"><time>2026-07-30T13:09:57Z</time></trkpt><trkpt lat="49.83068" lon="18.34047"><time>2026-07-30T13:09:58Z</time></trkpt><trkpt lat="49.83057" lon="18.34063"><time>2026-07-30T13:09:59Z</time></trkpt><trkpt lat="49.83047" lon="18.34081"><time>2026-07-30T13:10:00Z</time></trkpt><trkpt lat="49.83038" lon="18.34099"><time>2026-07-30T13:10:01Z</time></trkpt><trkpt lat="49.83028" lon="18.34119"><time>2026-07-30T13:10:02Z</time></trkpt><trkpt lat="49.83018" lon="18.34138"><time>2026-07-30T13:10:03Z</time></trkpt><trkpt lat="49.83007" lon="18.34158"><time>2026-07-30T13:10:04Z</time></trkpt><trkpt lat="49.82997" lon="18.34178"><time>2026-07-30T13:10:05Z</time></trkpt><trkpt lat="49.82986" lon="18.34197"><time>2026-07-30T13:10:06Z</time></trkpt><trkpt lat="49.82976" lon="18.34218"><time>2026-07-30T13:10:07Z</time></trkpt><trkpt lat="49.82966" lon="18.34237"><time>2026-07-30T13:10:08Z</time></trkpt><trkpt lat="49.82956" lon="18.34257"><time>2026-07-30T13:10:09Z</time></trkpt><trkpt lat="49.82945" lon="18.34276"><time>2026-07-30T13:10:10Z</time></trkpt><trkpt lat="49.82935" lon="18.34295"><time>2026-07-30T13:10:11Z</time></trkpt><trkpt lat="49.82926" lon="18.34312"><time>2026-07-30T13:10:12Z</time></trkpt><trkpt lat="49.82917" lon="18.3433"><time>2026-07-30T13:10:13Z</time></trkpt><trkpt lat="49.82909" lon="18.34347"><time>2026-07-30T13:10:14Z</time></trkpt><trkpt lat="49.829" lon="18.34365"><time>2026-07-30T13:10:15Z</time></trkpt><trkpt lat="49.82892" lon="18.34383"><time>2026-07-30T13:10:16Z</time></trkpt><trkpt lat="49.82884" lon="18.34403"><time>2026-07-30T13:10:17Z</time></trkpt><trkpt lat="49.82876" lon="18.34422"><time>2026-07-30T13:10:18Z</time></trkpt><trkpt lat="49.82868" lon="18.34441"><time>2026-07-30T13:10:19Z</time></trkpt><trkpt lat="49.8286" lon="18.3446"><time>2026-07-30T13:10:20Z</time></trkpt><trkpt lat="49.82854" lon="18.34475"><time>2026-07-30T13:10:21Z</time></trkpt><trkpt lat="49.82847" lon="18.34489"><time>2026-07-30T13:10:22Z</time></trkpt><trkpt lat="49.82838" lon="18.34503"><time>2026-07-30T13:10:23Z</time></trkpt><trkpt lat="49.82827" lon="18.34518"><time>2026-07-30T13:10:24Z</time></trkpt><trkpt lat="49.82816" lon="18.34531"><time>2026-07-30T13:10:25Z</time></trkpt><trkpt lat="49.82804" lon="18.34541"><time>2026-07-30T13:10:26Z</time></trkpt><trkpt lat="49.82792" lon="18.34551"><time>2026-07-30T13:10:27Z</time></trkpt><trkpt lat="49.8278" lon="18.34561"><time>2026-07-30T13:10:28Z</time></trkpt><trkpt lat="49.8277" lon="18.3457"><time>2026-07-30T13:10:29Z</time></trkpt><trkpt lat="49.8276" lon="18.34579"><time>2026-07-30T13:10:30Z</time></trkpt><trkpt lat="49.82751" lon="18.34587"><time>2026-07-30T13:10:31Z</time></trkpt><trkpt lat="49.82743" lon="18.34592"><time>2026-07-30T13:10:32Z</time></trkpt><trkpt lat="49.82734" lon="18.34598"><time>2026-07-30T13:10:33Z</time></trkpt><trkpt lat="49.82728" lon="18.34602"><time>2026-07-30T13:10:34Z</time></trkpt><trkpt lat="49.82723" lon="18.34604"><time>2026-07-30T13:10:35Z</time></trkpt><trkpt lat="49.82718" lon="18.34609"><time>2026-07-30T13:10:36Z</time></trkpt><trkpt lat="49.82714" lon="18.3461"><time>2026-07-30T13:10:37Z</time></trkpt><trkpt lat="49.82709" lon="18.34609"><time>2026-07-30T13:10:38Z</time></trkpt><trkpt lat="49.82703" lon="18.3461"><time>2026-07-30T13:10:39Z</time></trkpt><trkpt lat="49.8269" lon="18.34612"><time>2026-07-30T13:10:40Z</time></trkpt><trkpt lat="49.82679" lon="18.34612"><time>2026-07-30T13:10:41Z</time></trkpt><trkpt lat="49.82664" lon="18.34613"><time>2026-07-30T13:10:42Z</time></trkpt><trkpt lat="49.8265" lon="18.34615"><time>2026-07-30T13:10:43Z</time></trkpt><trkpt lat="49.82638" lon="18.34616"><time>2026-07-30T13:10:44Z</time></trkpt><trkpt lat="49.82627" lon="18.34615"><time>2026-07-30T13:10:45Z</time></trkpt><trkpt lat="49.82615" lon="18.34612"><time>2026-07-30T13:10:46Z</time></trkpt><trkpt lat="49.82604" lon="18.34609"><time>2026-07-30T13:10:47Z</time></trkpt><trkpt lat="49.82591" lon="18.346"><time>2026-07-30T13:10:48Z</time></trkpt><trkpt lat="49.8258" lon="18.3459"><time>2026-07-30T13:10:49Z</time></trkpt><trkpt lat="49.82569" lon="18.34578"><time>2026-07-30T13:10:50Z</time></trkpt><trkpt lat="49.82557" lon="18.34566"><time>2026-07-30T13:10:51Z</time></trkpt><trkpt lat="49.82547" lon="18.3455"><time>2026-07-30T13:10:52Z</time></trkpt><trkpt lat="49.82537" lon="18.34536"><time>2026-07-30T13:10:53Z</time></trkpt><trkpt lat="49.82525" lon="18.34523"><time>2026-07-30T13:10:54Z</time></trkpt><trkpt lat="49.82511" lon="18.34513"><time>2026-07-30T13:10:55Z</time></trkpt><trkpt lat="49.82497" lon="18.34504"><time>2026-07-30T13:10:56Z</time></trkpt><trkpt lat="49.82483" lon="18.34494"><time>2026-07-30T13:10:57Z</time></trkpt><trkpt lat="49.82468" lon="18.34486"><time>2026-07-30T13:10:58Z</time></trkpt><trkpt lat="49.82454" lon="18.34475"><time>2026-07-30T13:10:59Z</time></trkpt><trkpt lat="49.82439" lon="18.34467"><time>2026-07-30T13:11:00Z</time></trkpt><trkpt lat="49.82425" lon="18.34461"><time>2026-07-30T13:11:01Z</time></trkpt><trkpt lat="49.8241" lon="18.34454"><time>2026-07-30T13:11:02Z</time></trkpt><trkpt lat="49.82395" lon="18.3445"><time>2026-07-30T13:11:03Z</time></trkpt><trkpt lat="49.82381" lon="18.34445"><time>2026-07-30T13:11:04Z</time></trkpt><trkpt lat="49.82366" lon="18.34441"><time>2026-07-30T13:11:05Z</time></trkpt><trkpt lat="49.82351" lon="18.34435"><time>2026-07-30T13:11:06Z</time></trkpt><trkpt lat="49.82336" lon="18.34429"><time>2026-07-30T13:11:07Z</time></trkpt><trkpt lat="49.82321" lon="18.34421"><time>2026-07-30T13:11:08Z</time></trkpt><trkpt lat="49.82307" lon="18.34412"><time>2026-07-30T13:11:09Z</time></trkpt><trkpt lat="49.82293" lon="18.34401"><time>2026-07-30T13:11:10Z</time></trkpt><trkpt lat="49.82279" lon="18.34389"><time>2026-07-30T13:11:11Z</time></trkpt><trkpt lat="49.82265" lon="18.34378"><time>2026-07-30T13:11:12Z</time></trkpt><trkpt lat="49.82251" lon="18.34366"><time>2026-07-30T13:11:13Z</time></trkpt><trkpt lat="49.82236" lon="18.34355"><time>2026-07-30T13:11:14Z</time></trkpt><trkpt lat="49.8222" lon="18.34345"><time>2026-07-30T13:11:15Z</time></trkpt><trkpt lat="49.82205" lon="18.34336"><time>2026-07-30T13:11:16Z</time></trkpt><trkpt lat="49.82191" lon="18.34328"><time>2026-07-30T13:11:17Z</time></trkpt><trkpt lat="49.82177" lon="18.34319"><time>2026-07-30T13:11:18Z</time></trkpt><trkpt lat="49.82162" lon="18.34312"><time>2026-07-30T13:11:19Z</time></trkpt><trkpt lat="49.82148" lon="18.34303"><time>2026-07-30T13:11:20Z</time></trkpt><trkpt lat="49.82133" lon="18.34296"><time>2026-07-30T13:11:21Z</time></trkpt><trkpt lat="49.8212" lon="18.34288"><time>2026-07-30T13:11:22Z</time></trkpt><trkpt lat="49.82107" lon="18.34281"><time>2026-07-30T13:11:23Z</time></trkpt><trkpt lat="49.82093" lon="18.34273"><time>2026-07-30T13:11:24Z</time></trkpt><trkpt lat="49.8208" lon="18.34266"><time>2026-07-30T13:11:25Z</time></trkpt><trkpt lat="49.82067" lon="18.34259"><time>2026-07-30T13:11:26Z</time></trkpt><trkpt lat="49.82054" lon="18.34252"><time>2026-07-30T13:11:27Z</time></trkpt><trkpt lat="49.82042" lon="18.34245"><time>2026-07-30T13:11:28Z</time></trkpt><trkpt lat="49.82029" lon="18.34237"><time>2026-07-30T13:11:29Z</time></trkpt><trkpt lat="49.82015" lon="18.3423"><time>2026-07-30T13:11:30Z</time></trkpt><trkpt lat="49.82001" lon="18.34222"><time>2026-07-30T13:11:31Z</time></trkpt><trkpt lat="49.81988" lon="18.34215"><time>2026-07-30T13:11:32Z</time></trkpt><trkpt lat="49.81976" lon="18.34209"><time>2026-07-30T13:11:33Z</time></trkpt><trkpt lat="49.81964" lon="18.34202"><time>2026-07-30T13:11:34Z</time></trkpt><trkpt lat="49.81953" lon="18.34195"><time>2026-07-30T13:11:35Z</time></trkpt><trkpt lat="49.81941" lon="18.34189"><time>2026-07-30T13:11:36Z</time></trkpt><trkpt lat="49.81929" lon="18.34181"><time>2026-07-30T13:11:37Z</time></trkpt><trkpt lat="49.81916" lon="18.34175"><time>2026-07-30T13:11:38Z</time></trkpt><trkpt lat="49.81904" lon="18.34168"><time>2026-07-30T13:11:39Z</time></trkpt><trkpt lat="49.81893" lon="18.34161"><time>2026-07-30T13:11:40Z</time></trkpt><trkpt lat="49.81881" lon="18.34154"><time>2026-07-30T13:11:41Z</time></trkpt><trkpt lat="49.81869" lon="18.34146"><time>2026-07-30T13:11:42Z</time></trkpt><trkpt lat="49.81858" lon="18.34139"><time>2026-07-30T13:11:43Z</time></trkpt><trkpt lat="49.81846" lon="18.34133"><time>2026-07-30T13:11:44Z</time></trkpt><trkpt lat="49.81835" lon="18.34127"><time>2026-07-30T13:11:45Z</time></trkpt><trkpt lat="49.81824" lon="18.3412"><time>2026-07-30T13:11:46Z</time></trkpt><trkpt lat="49.81814" lon="18.34115"><time>2026-07-30T13:11:47Z</time></trkpt><trkpt lat="49.81805" lon="18.3411"><time>2026-07-30T13:11:48Z</time></trkpt><trkpt lat="49.81796" lon="18.34105"><time>2026-07-30T13:11:49Z</time></trkpt><trkpt lat="49.81788" lon="18.34101"><time>2026-07-30T13:11:50Z</time></trkpt><trkpt lat="49.8178" lon="18.34097"><time>2026-07-30T13:11:51Z</time></trkpt><trkpt lat="49.81772" lon="18.34092"><time>2026-07-30T13:11:52Z</time></trkpt><trkpt lat="49.81763" lon="18.34087"><time>2026-07-30T13:11:53Z</time></trkpt><trkpt lat="49.81756" lon="18.34084"><time>2026-07-30T13:11:54Z</time></trkpt><trkpt lat="49.81751" lon="18.34082"><time>2026-07-30T13:11:55Z</time></trkpt><trkpt lat="49.81748" lon="18.34081"><time>2026-07-30T13:11:56Z</time></trkpt><trkpt lat="49.81745" lon="18.34081"><time>2026-07-30T13:11:57Z</time></trkpt><trkpt lat="49.81743" lon="18.34081"><time>2026-07-30T13:11:58Z</time></trkpt><trkpt lat="49.81742" lon="18.34082"><time>2026-07-30T13:11:59Z</time></trkpt><trkpt lat="49.81738" lon="18.34082"><time>2026-07-30T13:12:00Z</time></trkpt><trkpt lat="49.81734" lon="18.34084"><time>2026-07-30T13:12:01Z</time></trkpt><trkpt lat="49.81725" lon="18.34085"><time>2026-07-30T13:12:02Z</time></trkpt><trkpt lat="49.81717" lon="18.34087"><time>2026-07-30T13:12:03Z</time></trkpt><trkpt lat="49.8171" lon="18.34088"><time>2026-07-30T13:12:04Z</time></trkpt><trkpt lat="49.81702" lon="18.34091"><time>2026-07-30T13:12:05Z</time></trkpt><trkpt lat="49.81695" lon="18.34093"><time>2026-07-30T13:12:06Z</time></trkpt><trkpt lat="49.81685" lon="18.34094"><time>2026-07-30T13:12:07Z</time></trkpt><trkpt lat="49.81676" lon="18.34095"><time>2026-07-30T13:12:08Z</time></trkpt><trkpt lat="49.81668" lon="18.34096"><time>2026-07-30T13:12:09Z</time></trkpt><trkpt lat="49.81659" lon="18.34097"><time>2026-07-30T13:12:10Z</time></trkpt><trkpt lat="49.81652" lon="18.34098"><time>2026-07-30T13:12:11Z</time></trkpt><trkpt lat="49.81645" lon="18.34099"><time>2026-07-30T13:12:12Z</time></trkpt><trkpt lat="49.81639" lon="18.341"><time>2026-07-30T13:12:13Z</time></trkpt><trkpt lat="49.81635" lon="18.34099"><time>2026-07-30T13:12:14Z</time></trkpt><trkpt lat="49.81631" lon="18.34099"><time>2026-07-30T13:12:15Z</time></trkpt><trkpt lat="49.81625" lon="18.34099"><time>2026-07-30T13:12:16Z</time></trkpt><trkpt lat="49.81619" lon="18.341"><time>2026-07-30T13:12:17Z</time></trkpt><trkpt lat="49.81612" lon="18.341"><time>2026-07-30T13:12:18Z</time></trkpt><trkpt lat="49.81604" lon="18.34101"><time>2026-07-30T13:12:19Z</time></trkpt><trkpt lat="49.81596" lon="18.34102"><time>2026-07-30T13:12:20Z</time></trkpt><trkpt lat="49.81589" lon="18.34104"><time>2026-07-30T13:12:21Z</time></trkpt><trkpt lat="49.81582" lon="18.34105"><time>2026-07-30T13:12:22Z</time></trkpt><trkpt lat="49.81575" lon="18.34106"><time>2026-07-30T13:12:23Z</time></trkpt><trkpt lat="49.81568" lon="18.34106"><time>2026-07-30T13:12:24Z</time></trkpt><trkpt lat="49.81563" lon="18.34106"><time>2026-07-30T13:12:25Z</time></trkpt><trkpt lat="49.8156" lon="18.34106"><time>2026-07-30T13:12:26Z</time></trkpt><trkpt lat="49.81559" lon="18.34107"><time>2026-07-30T13:12:27Z</time></trkpt><trkpt lat="49.81557" lon="18.34107"><time>2026-07-30T13:12:28Z</time></trkpt><trkpt lat="49.81556" lon="18.34108"><time>2026-07-30T13:12:29Z</time></trkpt><trkpt lat="49.81555" lon="18.34109"><time>2026-07-30T13:12:30Z</time></trkpt><trkpt lat="49.81552" lon="18.34112"><time>2026-07-30T13:12:31Z</time></trkpt><trkpt lat="49.81551" lon="18.34118"><time>2026-07-30T13:12:32Z</time></trkpt><trkpt lat="49.8155" lon="18.34124"><time>2026-07-30T13:12:33Z</time></trkpt><trkpt lat="49.8155" lon="18.34131"><time>2026-07-30T13:12:34Z</time></trkpt><trkpt lat="49.8155" lon="18.34136"><time>2026-07-30T13:12:35Z</time></trkpt><trkpt lat="49.8155" lon="18.34139"><time>2026-07-30T13:12:36Z</time></trkpt><trkpt lat="49.8155" lon="18.34142"><time>2026-07-30T13:12:37Z</time></trkpt><trkpt lat="49.81545" lon="18.34155"><time>2026-07-30T13:13:21Z</time></trkpt><trkpt lat="49.81543" lon="18.34156"><time>2026-07-30T13:13:22Z</time></trkpt><trkpt lat="49.81541" lon="18.34156"><time>2026-07-30T13:13:23Z</time></trkpt><trkpt lat="49.8154" lon="18.34156"><time>2026-07-30T13:13:24Z</time></trkpt><trkpt lat="49.81535" lon="18.34153"><time>2026-07-30T13:14:26Z</time></trkpt><trkpt lat="49.81535" lon="18.34154"><time>2026-07-30T13:14:30Z</time></trkpt><trkpt lat="49.81534" lon="18.34154"><time>2026-07-30T13:14:31Z</time></trkpt><trkpt lat="49.81534" lon="18.34155"><time>2026-07-30T13:14:32Z</time></trkpt><trkpt lat="49.81534" lon="18.34155"><time>2026-07-30T13:14:34Z</time></trkpt><trkpt lat="49.81534" lon="18.34153"><time>2026-07-30T13:14:35Z</time></trkpt><trkpt lat="49.81534" lon="18.34152"><time>2026-07-30T13:14:36Z</time></trkpt><trkpt lat="49.8153" lon="18.34139"><time>2026-07-30T13:17:16Z</time></trkpt></trkseg></trk></gpx>